solid PressureAdvancePattern
  facet normal -2.200742e-3 9.999976e-1 0.000000e+0
    outer loop
      vertex -1.615533e+1 -8.687974e-1 4.000000e-1
      vertex -1.977460e+1 -8.767624e-1 4.000000e-1
      vertex -1.615533e+1 -8.687974e-1 6.000000e-1
    endloop
  endfacet
  facet normal -2.200742e-3 9.999976e-1 0.000000e+0
    outer loop
      vertex -1.615533e+1 -8.687974e-1 6.000000e-1
      vertex -1.977460e+1 -8.767624e-1 4.000000e-1
      vertex -1.977460e+1 -8.767624e-1 6.000000e-1
    endloop
  endfacet
  facet normal -9.419351e-1 -3.357950e-1 0.000000e+0
    outer loop
      vertex -1.799476e+1 4.290947e+0 4.000000e-1
      vertex -1.615533e+1 -8.687974e-1 4.000000e-1
      vertex -1.799476e+1 4.290947e+0 6.000000e-1
    endloop
  endfacet
  facet normal -9.419351e-1 -3.357950e-1 0.000000e+0
    outer loop
      vertex -1.799476e+1 4.290947e+0 6.000000e-1
      vertex -1.615533e+1 -8.687974e-1 4.000000e-1
      vertex -1.615533e+1 -8.687974e-1 6.000000e-1
    endloop
  endfacet
  facet normal 9.454926e-1 -3.256436e-1 0.000000e+0
    outer loop
      vertex -1.977460e+1 -8.767624e-1 4.000000e-1
      vertex -1.799476e+1 4.290947e+0 4.000000e-1
      vertex -1.977460e+1 -8.767624e-1 6.000000e-1
    endloop
  endfacet
  facet normal 9.454926e-1 -3.256436e-1 0.000000e+0
    outer loop
      vertex -1.977460e+1 -8.767624e-1 6.000000e-1
      vertex -1.799476e+1 4.290947e+0 4.000000e-1
      vertex -1.799476e+1 4.290947e+0 6.000000e-1
    endloop
  endfacet
  facet normal -9.340098e-1 -3.572474e-1 0.000000e+0
    outer loop
      vertex -1.536199e+1 -3.271851e+0 4.000000e-1
      vertex -1.473578e+1 -4.909062e+0 4.000000e-1
      vertex -1.536199e+1 -3.271851e+0 6.000000e-1
    endloop
  endfacet
  facet normal -9.340098e-1 -3.572474e-1 0.000000e+0
    outer loop
      vertex -1.536199e+1 -3.271851e+0 6.000000e-1
      vertex -1.473578e+1 -4.909062e+0 4.000000e-1
      vertex -1.473578e+1 -4.909062e+0 6.000000e-1
    endloop
  endfacet
  facet normal 2.200742e-3 -9.999976e-1 0.000000e+0
    outer loop
      vertex -2.054163e+1 -3.283250e+0 4.000000e-1
      vertex -1.536199e+1 -3.271851e+0 4.000000e-1
      vertex -2.054163e+1 -3.283250e+0 6.000000e-1
    endloop
  endfacet
  facet normal 2.200742e-3 -9.999976e-1 0.000000e+0
    outer loop
      vertex -2.054163e+1 -3.283250e+0 6.000000e-1
      vertex -1.536199e+1 -3.271851e+0 4.000000e-1
      vertex -1.536199e+1 -3.271851e+0 6.000000e-1
    endloop
  endfacet
  facet normal 9.380476e-1 -3.465065e-1 0.000000e+0
    outer loop
      vertex -2.113319e+1 -4.884694e+0 4.000000e-1
      vertex -2.054163e+1 -3.283250e+0 4.000000e-1
      vertex -2.113319e+1 -4.884694e+0 6.000000e-1
    endloop
  endfacet
  facet normal 9.380476e-1 -3.465065e-1 0.000000e+0
    outer loop
      vertex -2.113319e+1 -4.884694e+0 6.000000e-1
      vertex -2.054163e+1 -3.283250e+0 4.000000e-1
      vertex -2.054163e+1 -3.283250e+0 6.000000e-1
    endloop
  endfacet
  facet normal 8.596094e-1 -5.109518e-1 0.000000e+0
    outer loop
      vertex -2.181433e+1 -6.318193e+0 4.000000e-1
      vertex -2.161095e+1 -5.976045e+0 4.000000e-1
      vertex -2.181433e+1 -6.318193e+0 6.000000e-1
    endloop
  endfacet
  facet normal 8.596094e-1 -5.109518e-1 0.000000e+0
    outer loop
      vertex -2.181433e+1 -6.318193e+0 6.000000e-1
      vertex -2.161095e+1 -5.976045e+0 4.000000e-1
      vertex -2.161095e+1 -5.976045e+0 6.000000e-1
    endloop
  endfacet
  facet normal 8.881004e-1 -4.596495e-1 0.000000e+0
    outer loop
      vertex -2.161095e+1 -5.976045e+0 6.000000e-1
      vertex -2.161095e+1 -5.976045e+0 4.000000e-1
      vertex -2.142855e+1 -5.623615e+0 4.000000e-1
    endloop
  endfacet
  facet normal 8.881004e-1 -4.596495e-1 0.000000e+0
    outer loop
      vertex -2.161095e+1 -5.976045e+0 6.000000e-1
      vertex -2.142855e+1 -5.623615e+0 4.000000e-1
      vertex -2.142855e+1 -5.623615e+0 6.000000e-1
    endloop
  endfacet
  facet normal 9.208851e-1 -3.898340e-1 0.000000e+0
    outer loop
      vertex -2.142855e+1 -5.623615e+0 6.000000e-1
      vertex -2.142855e+1 -5.623615e+0 4.000000e-1
      vertex -2.127364e+1 -5.257697e+0 4.000000e-1
    endloop
  endfacet
  facet normal 9.208851e-1 -3.898340e-1 0.000000e+0
    outer loop
      vertex -2.142855e+1 -5.623615e+0 6.000000e-1
      vertex -2.127364e+1 -5.257697e+0 4.000000e-1
      vertex -2.127364e+1 -5.257697e+0 6.000000e-1
    endloop
  endfacet
  facet normal 9.358537e-1 -3.523887e-1 0.000000e+0
    outer loop
      vertex -2.127364e+1 -5.257697e+0 6.000000e-1
      vertex -2.127364e+1 -5.257697e+0 4.000000e-1
      vertex -2.113319e+1 -4.884694e+0 4.000000e-1
    endloop
  endfacet
  facet normal 9.358537e-1 -3.523887e-1 0.000000e+0
    outer loop
      vertex -2.127364e+1 -5.257697e+0 6.000000e-1
      vertex -2.113319e+1 -4.884694e+0 4.000000e-1
      vertex -2.113319e+1 -4.884694e+0 6.000000e-1
    endloop
  endfacet
  facet normal 6.816254e-2 -9.976742e-1 0.000000e+0
    outer loop
      vertex -2.281697e+1 -6.718359e+0 4.000000e-1
      vertex -2.253185e+1 -6.698879e+0 4.000000e-1
      vertex -2.281697e+1 -6.718359e+0 6.000000e-1
    endloop
  endfacet
  facet normal 6.816254e-2 -9.976742e-1 0.000000e+0
    outer loop
      vertex -2.281697e+1 -6.718359e+0 6.000000e-1
      vertex -2.253185e+1 -6.698879e+0 4.000000e-1
      vertex -2.253185e+1 -6.698879e+0 6.000000e-1
    endloop
  endfacet
  facet normal 2.208086e-1 -9.753172e-1 0.000000e+0
    outer loop
      vertex -2.253185e+1 -6.698879e+0 6.000000e-1
      vertex -2.253185e+1 -6.698879e+0 4.000000e-1
      vertex -2.226431e+1 -6.638309e+0 4.000000e-1
    endloop
  endfacet
  facet normal 2.208086e-1 -9.753172e-1 0.000000e+0
    outer loop
      vertex -2.253185e+1 -6.698879e+0 6.000000e-1
      vertex -2.226431e+1 -6.638309e+0 4.000000e-1
      vertex -2.226431e+1 -6.638309e+0 6.000000e-1
    endloop
  endfacet
  facet normal 4.305265e-1 -9.025779e-1 0.000000e+0
    outer loop
      vertex -2.226431e+1 -6.638309e+0 6.000000e-1
      vertex -2.226431e+1 -6.638309e+0 4.000000e-1
      vertex -2.214245e+1 -6.580180e+0 4.000000e-1
    endloop
  endfacet
  facet normal 4.305265e-1 -9.025779e-1 0.000000e+0
    outer loop
      vertex -2.226431e+1 -6.638309e+0 6.000000e-1
      vertex -2.214245e+1 -6.580180e+0 4.000000e-1
      vertex -2.214245e+1 -6.580180e+0 6.000000e-1
    endloop
  endfacet
  facet normal 5.594975e-1 -8.288320e-1 0.000000e+0
    outer loop
      vertex -2.214245e+1 -6.580180e+0 6.000000e-1
      vertex -2.214245e+1 -6.580180e+0 4.000000e-1
      vertex -2.202859e+1 -6.503324e+0 4.000000e-1
    endloop
  endfacet
  facet normal 5.594975e-1 -8.288320e-1 0.000000e+0
    outer loop
      vertex -2.214245e+1 -6.580180e+0 6.000000e-1
      vertex -2.202859e+1 -6.503324e+0 4.000000e-1
      vertex -2.202859e+1 -6.503324e+0 6.000000e-1
    endloop
  endfacet
  facet normal 6.537817e-1 -7.566832e-1 0.000000e+0
    outer loop
      vertex -2.202859e+1 -6.503324e+0 6.000000e-1
      vertex -2.202859e+1 -6.503324e+0 4.000000e-1
      vertex -2.181433e+1 -6.318193e+0 4.000000e-1
    endloop
  endfacet
  facet normal 6.537817e-1 -7.566832e-1 0.000000e+0
    outer loop
      vertex -2.202859e+1 -6.503324e+0 6.000000e-1
      vertex -2.181433e+1 -6.318193e+0 4.000000e-1
      vertex -2.181433e+1 -6.318193e+0 6.000000e-1
    endloop
  endfacet
  facet normal -6.092789e-1 -7.929561e-1 0.000000e+0
    outer loop
      vertex -2.385522e+1 -6.294575e+0 4.000000e-1
      vertex -2.362456e+1 -6.471810e+0 4.000000e-1
      vertex -2.385522e+1 -6.294575e+0 6.000000e-1
    endloop
  endfacet
  facet normal -6.092789e-1 -7.929561e-1 0.000000e+0
    outer loop
      vertex -2.385522e+1 -6.294575e+0 6.000000e-1
      vertex -2.362456e+1 -6.471810e+0 4.000000e-1
      vertex -2.362456e+1 -6.471810e+0 6.000000e-1
    endloop
  endfacet
  facet normal -4.906641e-1 -8.713488e-1 0.000000e+0
    outer loop
      vertex -2.362456e+1 -6.471810e+0 6.000000e-1
      vertex -2.362456e+1 -6.471810e+0 4.000000e-1
      vertex -2.337827e+1 -6.610499e+0 4.000000e-1
    endloop
  endfacet
  facet normal -4.906641e-1 -8.713488e-1 0.000000e+0
    outer loop
      vertex -2.362456e+1 -6.471810e+0 6.000000e-1
      vertex -2.337827e+1 -6.610499e+0 4.000000e-1
      vertex -2.337827e+1 -6.610499e+0 6.000000e-1
    endloop
  endfacet
  facet normal -2.608758e-1 -9.653724e-1 0.000000e+0
    outer loop
      vertex -2.337827e+1 -6.610499e+0 6.000000e-1
      vertex -2.337827e+1 -6.610499e+0 4.000000e-1
      vertex -2.310562e+1 -6.684176e+0 4.000000e-1
    endloop
  endfacet
  facet normal -2.608758e-1 -9.653724e-1 0.000000e+0
    outer loop
      vertex -2.337827e+1 -6.610499e+0 6.000000e-1
      vertex -2.310562e+1 -6.684176e+0 4.000000e-1
      vertex -2.310562e+1 -6.684176e+0 6.000000e-1
    endloop
  endfacet
  facet normal -1.176026e-1 -9.930607e-1 0.000000e+0
    outer loop
      vertex -2.310562e+1 -6.684176e+0 6.000000e-1
      vertex -2.310562e+1 -6.684176e+0 4.000000e-1
      vertex -2.281697e+1 -6.718359e+0 4.000000e-1
    endloop
  endfacet
  facet normal -1.176026e-1 -9.930607e-1 0.000000e+0
    outer loop
      vertex -2.310562e+1 -6.684176e+0 6.000000e-1
      vertex -2.281697e+1 -6.718359e+0 4.000000e-1
      vertex -2.281697e+1 -6.718359e+0 6.000000e-1
    endloop
  endfacet
  facet normal -9.902871e-1 -1.390377e-1 0.000000e+0
    outer loop
      vertex -2.430385e+1 -5.310092e+0 4.000000e-1
      vertex -2.426469e+1 -5.588959e+0 4.000000e-1
      vertex -2.430385e+1 -5.310092e+0 6.000000e-1
    endloop
  endfacet
  facet normal -9.902871e-1 -1.390377e-1 0.000000e+0
    outer loop
      vertex -2.430385e+1 -5.310092e+0 6.000000e-1
      vertex -2.426469e+1 -5.588959e+0 4.000000e-1
      vertex -2.426469e+1 -5.588959e+0 6.000000e-1
    endloop
  endfacet
  facet normal -9.561824e-1 -2.927715e-1 0.000000e+0
    outer loop
      vertex -2.426469e+1 -5.588959e+0 6.000000e-1
      vertex -2.426469e+1 -5.588959e+0 4.000000e-1
      vertex -2.418489e+1 -5.849592e+0 4.000000e-1
    endloop
  endfacet
  facet normal -9.561824e-1 -2.927715e-1 0.000000e+0
    outer loop
      vertex -2.426469e+1 -5.588959e+0 6.000000e-1
      vertex -2.418489e+1 -5.849592e+0 4.000000e-1
      vertex -2.418489e+1 -5.849592e+0 6.000000e-1
    endloop
  endfacet
  facet normal -8.460868e-1 -5.330452e-1 0.000000e+0
    outer loop
      vertex -2.418489e+1 -5.849592e+0 6.000000e-1
      vertex -2.418489e+1 -5.849592e+0 4.000000e-1
      vertex -2.403929e+1 -6.080708e+0 4.000000e-1
    endloop
  endfacet
  facet normal -8.460868e-1 -5.330452e-1 0.000000e+0
    outer loop
      vertex -2.418489e+1 -5.849592e+0 6.000000e-1
      vertex -2.403929e+1 -6.080708e+0 4.000000e-1
      vertex -2.403929e+1 -6.080708e+0 6.000000e-1
    endloop
  endfacet
  facet normal -7.579452e-1 -6.523183e-1 0.000000e+0
    outer loop
      vertex -2.403929e+1 -6.080708e+0 6.000000e-1
      vertex -2.403929e+1 -6.080708e+0 4.000000e-1
      vertex -2.385522e+1 -6.294575e+0 4.000000e-1
    endloop
  endfacet
  facet normal -7.579452e-1 -6.523183e-1 0.000000e+0
    outer loop
      vertex -2.403929e+1 -6.080708e+0 6.000000e-1
      vertex -2.385522e+1 -6.294575e+0 4.000000e-1
      vertex -2.385522e+1 -6.294575e+0 6.000000e-1
    endloop
  endfacet
  facet normal -9.680740e-1 2.506647e-1 0.000000e+0
    outer loop
      vertex -2.421285e+1 -4.703303e+0 4.000000e-1
      vertex -2.425151e+1 -4.852613e+0 4.000000e-1
      vertex -2.421285e+1 -4.703303e+0 6.000000e-1
    endloop
  endfacet
  facet normal -9.680740e-1 2.506647e-1 0.000000e+0
    outer loop
      vertex -2.421285e+1 -4.703303e+0 6.000000e-1
      vertex -2.425151e+1 -4.852613e+0 4.000000e-1
      vertex -2.425151e+1 -4.852613e+0 6.000000e-1
    endloop
  endfacet
  facet normal -9.807639e-1 1.951979e-1 0.000000e+0
    outer loop
      vertex -2.425151e+1 -4.852613e+0 6.000000e-1
      vertex -2.425151e+1 -4.852613e+0 4.000000e-1
      vertex -2.428148e+1 -5.003226e+0 4.000000e-1
    endloop
  endfacet
  facet normal -9.807639e-1 1.951979e-1 0.000000e+0
    outer loop
      vertex -2.425151e+1 -4.852613e+0 6.000000e-1
      vertex -2.428148e+1 -5.003226e+0 4.000000e-1
      vertex -2.428148e+1 -5.003226e+0 6.000000e-1
    endloop
  endfacet
  facet normal -9.948832e-1 1.010315e-1 0.000000e+0
    outer loop
      vertex -2.428148e+1 -5.003226e+0 6.000000e-1
      vertex -2.428148e+1 -5.003226e+0 4.000000e-1
      vertex -2.429700e+1 -5.156009e+0 4.000000e-1
    endloop
  endfacet
  facet normal -9.948832e-1 1.010315e-1 0.000000e+0
    outer loop
      vertex -2.428148e+1 -5.003226e+0 6.000000e-1
      vertex -2.429700e+1 -5.156009e+0 4.000000e-1
      vertex -2.429700e+1 -5.156009e+0 6.000000e-1
    endloop
  endfacet
  facet normal -9.990140e-1 4.439583e-2 0.000000e+0
    outer loop
      vertex -2.429700e+1 -5.156009e+0 6.000000e-1
      vertex -2.429700e+1 -5.156009e+0 4.000000e-1
      vertex -2.430385e+1 -5.310092e+0 4.000000e-1
    endloop
  endfacet
  facet normal -9.990140e-1 4.439583e-2 0.000000e+0
    outer loop
      vertex -2.429700e+1 -5.156009e+0 6.000000e-1
      vertex -2.430385e+1 -5.310092e+0 4.000000e-1
      vertex -2.430385e+1 -5.310092e+0 6.000000e-1
    endloop
  endfacet
  facet normal -9.295298e-1 3.687470e-1 0.000000e+0
    outer loop
      vertex -2.390259e+1 -3.861698e+0 4.000000e-1
      vertex -2.398531e+1 -4.070216e+0 4.000000e-1
      vertex -2.390259e+1 -3.861698e+0 6.000000e-1
    endloop
  endfacet
  facet normal -9.295298e-1 3.687470e-1 0.000000e+0
    outer loop
      vertex -2.390259e+1 -3.861698e+0 6.000000e-1
      vertex -2.398531e+1 -4.070216e+0 4.000000e-1
      vertex -2.398531e+1 -4.070216e+0 6.000000e-1
    endloop
  endfacet
  facet normal -9.339193e-1 3.574840e-1 0.000000e+0
    outer loop
      vertex -2.398531e+1 -4.070216e+0 6.000000e-1
      vertex -2.398531e+1 -4.070216e+0 4.000000e-1
      vertex -2.406549e+1 -4.279664e+0 4.000000e-1
    endloop
  endfacet
  facet normal -9.339193e-1 3.574840e-1 0.000000e+0
    outer loop
      vertex -2.398531e+1 -4.070216e+0 6.000000e-1
      vertex -2.406549e+1 -4.279664e+0 4.000000e-1
      vertex -2.406549e+1 -4.279664e+0 6.000000e-1
    endloop
  endfacet
  facet normal -9.417661e-1 3.362686e-1 0.000000e+0
    outer loop
      vertex -2.406549e+1 -4.279664e+0 6.000000e-1
      vertex -2.406549e+1 -4.279664e+0 4.000000e-1
      vertex -2.414089e+1 -4.490853e+0 4.000000e-1
    endloop
  endfacet
  facet normal -9.417661e-1 3.362686e-1 0.000000e+0
    outer loop
      vertex -2.406549e+1 -4.279664e+0 6.000000e-1
      vertex -2.414089e+1 -4.490853e+0 4.000000e-1
      vertex -2.414089e+1 -4.490853e+0 6.000000e-1
    endloop
  endfacet
  facet normal -9.471502e-1 3.207906e-1 0.000000e+0
    outer loop
      vertex -2.414089e+1 -4.490853e+0 6.000000e-1
      vertex -2.414089e+1 -4.490853e+0 4.000000e-1
      vertex -2.421285e+1 -4.703303e+0 4.000000e-1
    endloop
  endfacet
  facet normal -9.471502e-1 3.207906e-1 0.000000e+0
    outer loop
      vertex -2.414089e+1 -4.490853e+0 6.000000e-1
      vertex -2.421285e+1 -4.703303e+0 4.000000e-1
      vertex -2.421285e+1 -4.703303e+0 6.000000e-1
    endloop
  endfacet
  facet normal -9.313130e-1 3.642198e-1 3.234921e-15
    outer loop
      vertex -2.049574e+1 4.849652e+0 4.000000e-1
      vertex -2.390259e+1 -3.861698e+0 4.000000e-1
      vertex -2.049574e+1 4.849652e+0 6.000000e-1
    endloop
  endfacet
  facet normal -9.313130e-1 3.642198e-1 0.000000e+0
    outer loop
      vertex -2.049574e+1 4.849652e+0 6.000000e-1
      vertex -2.390259e+1 -3.861698e+0 4.000000e-1
      vertex -2.390259e+1 -3.861698e+0 6.000000e-1
    endloop
  endfacet
  facet normal -9.321776e-1 3.620013e-1 0.000000e+0
    outer loop
      vertex -2.014181e+1 5.761623e+0 4.000000e-1
      vertex -2.023034e+1 5.533649e+0 4.000000e-1
      vertex -2.014181e+1 5.761623e+0 6.000000e-1
    endloop
  endfacet
  facet normal -9.321776e-1 3.620013e-1 0.000000e+0
    outer loop
      vertex -2.014181e+1 5.761623e+0 6.000000e-1
      vertex -2.023034e+1 5.533649e+0 4.000000e-1
      vertex -2.023034e+1 5.533649e+0 6.000000e-1
    endloop
  endfacet
  facet normal -9.322163e-1 3.619016e-1 0.000000e+0
    outer loop
      vertex -2.023034e+1 5.533649e+0 6.000000e-1
      vertex -2.023034e+1 5.533649e+0 4.000000e-1
      vertex -2.031884e+1 5.305665e+0 4.000000e-1
    endloop
  endfacet
  facet normal -9.322163e-1 3.619016e-1 0.000000e+0
    outer loop
      vertex -2.023034e+1 5.533649e+0 6.000000e-1
      vertex -2.031884e+1 5.305665e+0 4.000000e-1
      vertex -2.031884e+1 5.305665e+0 6.000000e-1
    endloop
  endfacet
  facet normal -9.322858e-1 3.617225e-1 0.000000e+0
    outer loop
      vertex -2.031884e+1 5.305665e+0 6.000000e-1
      vertex -2.031884e+1 5.305665e+0 4.000000e-1
      vertex -2.040731e+1 5.077664e+0 4.000000e-1
    endloop
  endfacet
  facet normal -9.322858e-1 3.617225e-1 0.000000e+0
    outer loop
      vertex -2.031884e+1 5.305665e+0 6.000000e-1
      vertex -2.040731e+1 5.077664e+0 4.000000e-1
      vertex -2.040731e+1 5.077664e+0 6.000000e-1
    endloop
  endfacet
  facet normal -9.323320e-1 3.616036e-1 0.000000e+0
    outer loop
      vertex -2.040731e+1 5.077664e+0 6.000000e-1
      vertex -2.040731e+1 5.077664e+0 4.000000e-1
      vertex -2.049574e+1 4.849652e+0 4.000000e-1
    endloop
  endfacet
  facet normal -9.323320e-1 3.616036e-1 3.191943e-15
    outer loop
      vertex -2.040731e+1 5.077664e+0 6.000000e-1
      vertex -2.049574e+1 4.849652e+0 4.000000e-1
      vertex -2.049574e+1 4.849652e+0 6.000000e-1
    endloop
  endfacet
  facet normal -8.570403e-1 5.152494e-1 0.000000e+0
    outer loop
      vertex -1.968468e+1 6.670984e+0 4.000000e-1
      vertex -1.981612e+1 6.452345e+0 4.000000e-1
      vertex -1.968468e+1 6.670984e+0 6.000000e-1
    endloop
  endfacet
  facet normal -8.570403e-1 5.152494e-1 0.000000e+0
    outer loop
      vertex -1.968468e+1 6.670984e+0 6.000000e-1
      vertex -1.981612e+1 6.452345e+0 4.000000e-1
      vertex -1.981612e+1 6.452345e+0 6.000000e-1
    endloop
  endfacet
  facet normal -8.784726e-1 4.777927e-1 0.000000e+0
    outer loop
      vertex -1.981612e+1 6.452345e+0 6.000000e-1
      vertex -1.981612e+1 6.452345e+0 4.000000e-1
      vertex -1.993775e+1 6.228727e+0 4.000000e-1
    endloop
  endfacet
  facet normal -8.784726e-1 4.777927e-1 0.000000e+0
    outer loop
      vertex -1.981612e+1 6.452345e+0 6.000000e-1
      vertex -1.993775e+1 6.228727e+0 4.000000e-1
      vertex -1.993775e+1 6.228727e+0 6.000000e-1
    endloop
  endfacet
  facet normal -9.085872e-1 4.176952e-1 0.000000e+0
    outer loop
      vertex -1.993775e+1 6.228727e+0 6.000000e-1
      vertex -1.993775e+1 6.228727e+0 4.000000e-1
      vertex -2.004411e+1 5.997370e+0 4.000000e-1
    endloop
  endfacet
  facet normal -9.085872e-1 4.176952e-1 0.000000e+0
    outer loop
      vertex -1.993775e+1 6.228727e+0 6.000000e-1
      vertex -2.004411e+1 5.997370e+0 4.000000e-1
      vertex -2.004411e+1 5.997370e+0 6.000000e-1
    endloop
  endfacet
  facet normal -9.238101e-1 3.828509e-1 0.000000e+0
    outer loop
      vertex -2.004411e+1 5.997370e+0 6.000000e-1
      vertex -2.004411e+1 5.997370e+0 4.000000e-1
      vertex -2.014181e+1 5.761623e+0 4.000000e-1
    endloop
  endfacet
  facet normal -9.238101e-1 3.828509e-1 0.000000e+0
    outer loop
      vertex -2.004411e+1 5.997370e+0 6.000000e-1
      vertex -2.014181e+1 5.761623e+0 4.000000e-1
      vertex -2.014181e+1 5.761623e+0 6.000000e-1
    endloop
  endfacet
  facet normal -5.484168e-1 8.362051e-1 0.000000e+0
    outer loop
      vertex -1.901427e+1 7.283707e+0 4.000000e-1
      vertex -1.920667e+1 7.157524e+0 4.000000e-1
      vertex -1.901427e+1 7.283707e+0 6.000000e-1
    endloop
  endfacet
  facet normal -5.484168e-1 8.362051e-1 0.000000e+0
    outer loop
      vertex -1.901427e+1 7.283707e+0 6.000000e-1
      vertex -1.920667e+1 7.157524e+0 4.000000e-1
      vertex -1.920667e+1 7.157524e+0 6.000000e-1
    endloop
  endfacet
  facet normal -6.177874e-1 7.863452e-1 0.000000e+0
    outer loop
      vertex -1.920667e+1 7.157524e+0 6.000000e-1
      vertex -1.920667e+1 7.157524e+0 4.000000e-1
      vertex -1.938574e+1 7.016833e+0 4.000000e-1
    endloop
  endfacet
  facet normal -6.177874e-1 7.863452e-1 0.000000e+0
    outer loop
      vertex -1.920667e+1 7.157524e+0 6.000000e-1
      vertex -1.938574e+1 7.016833e+0 4.000000e-1
      vertex -1.938574e+1 7.016833e+0 6.000000e-1
    endloop
  endfacet
  facet normal -7.264821e-1 6.871854e-1 0.000000e+0
    outer loop
      vertex -1.938574e+1 7.016833e+0 6.000000e-1
      vertex -1.938574e+1 7.016833e+0 4.000000e-1
      vertex -1.954216e+1 6.851473e+0 4.000000e-1
    endloop
  endfacet
  facet normal -7.264821e-1 6.871854e-1 0.000000e+0
    outer loop
      vertex -1.938574e+1 7.016833e+0 6.000000e-1
      vertex -1.954216e+1 6.851473e+0 4.000000e-1
      vertex -1.954216e+1 6.851473e+0 6.000000e-1
    endloop
  endfacet
  facet normal -7.848235e-1 6.197193e-1 0.000000e+0
    outer loop
      vertex -1.954216e+1 6.851473e+0 6.000000e-1
      vertex -1.954216e+1 6.851473e+0 4.000000e-1
      vertex -1.968468e+1 6.670984e+0 4.000000e-1
    endloop
  endfacet
  facet normal -7.848235e-1 6.197193e-1 0.000000e+0
    outer loop
      vertex -1.954216e+1 6.851473e+0 6.000000e-1
      vertex -1.968468e+1 6.670984e+0 4.000000e-1
      vertex -1.968468e+1 6.670984e+0 6.000000e-1
    endloop
  endfacet
  facet normal -5.653860e-2 9.984004e-1 0.000000e+0
    outer loop
      vertex -1.798804e+1 7.525324e+0 4.000000e-1
      vertex -1.825561e+1 7.510172e+0 4.000000e-1
      vertex -1.798804e+1 7.525324e+0 6.000000e-1
    endloop
  endfacet
  facet normal -5.653860e-2 9.984004e-1 0.000000e+0
    outer loop
      vertex -1.798804e+1 7.525324e+0 6.000000e-1
      vertex -1.825561e+1 7.510172e+0 4.000000e-1
      vertex -1.825561e+1 7.510172e+0 6.000000e-1
    endloop
  endfacet
  facet normal -1.468801e-1 9.891543e-1 0.000000e+0
    outer loop
      vertex -1.825561e+1 7.510172e+0 6.000000e-1
      vertex -1.825561e+1 7.510172e+0 4.000000e-1
      vertex -1.851740e+1 7.471298e+0 4.000000e-1
    endloop
  endfacet
  facet normal -1.468801e-1 9.891543e-1 0.000000e+0
    outer loop
      vertex -1.825561e+1 7.510172e+0 6.000000e-1
      vertex -1.851740e+1 7.471298e+0 4.000000e-1
      vertex -1.851740e+1 7.471298e+0 6.000000e-1
    endloop
  endfacet
  facet normal -3.046528e-1 9.524635e-1 0.000000e+0
    outer loop
      vertex -1.851740e+1 7.471298e+0 6.000000e-1
      vertex -1.851740e+1 7.471298e+0 4.000000e-1
      vertex -1.876907e+1 7.390800e+0 4.000000e-1
    endloop
  endfacet
  facet normal -3.046528e-1 9.524635e-1 0.000000e+0
    outer loop
      vertex -1.851740e+1 7.471298e+0 6.000000e-1
      vertex -1.876907e+1 7.390800e+0 4.000000e-1
      vertex -1.876907e+1 7.390800e+0 6.000000e-1
    endloop
  endfacet
  facet normal -4.002544e-1 9.164041e-1 0.000000e+0
    outer loop
      vertex -1.876907e+1 7.390800e+0 6.000000e-1
      vertex -1.876907e+1 7.390800e+0 4.000000e-1
      vertex -1.901427e+1 7.283707e+0 4.000000e-1
    endloop
  endfacet
  facet normal -4.002544e-1 9.164041e-1 0.000000e+0
    outer loop
      vertex -1.876907e+1 7.390800e+0 6.000000e-1
      vertex -1.901427e+1 7.283707e+0 4.000000e-1
      vertex -1.901427e+1 7.283707e+0 6.000000e-1
    endloop
  endfacet
  facet normal 3.944720e-1 9.189079e-1 0.000000e+0
    outer loop
      vertex -1.694896e+1 7.287524e+0 4.000000e-1
      vertex -1.719752e+1 7.394227e+0 4.000000e-1
      vertex -1.694896e+1 7.287524e+0 6.000000e-1
    endloop
  endfacet
  facet normal 3.944720e-1 9.189079e-1 0.000000e+0
    outer loop
      vertex -1.694896e+1 7.287524e+0 6.000000e-1
      vertex -1.719752e+1 7.394227e+0 4.000000e-1
      vertex -1.719752e+1 7.394227e+0 6.000000e-1
    endloop
  endfacet
  facet normal 2.983879e-1 9.544447e-1 0.000000e+0
    outer loop
      vertex -1.719752e+1 7.394227e+0 6.000000e-1
      vertex -1.719752e+1 7.394227e+0 4.000000e-1
      vertex -1.745248e+1 7.473936e+0 4.000000e-1
    endloop
  endfacet
  facet normal 2.983879e-1 9.544447e-1 0.000000e+0
    outer loop
      vertex -1.719752e+1 7.394227e+0 6.000000e-1
      vertex -1.745248e+1 7.473936e+0 4.000000e-1
      vertex -1.745248e+1 7.473936e+0 6.000000e-1
    endloop
  endfacet
  facet normal 1.406776e-1 9.900554e-1 0.000000e+0
    outer loop
      vertex -1.745248e+1 7.473936e+0 6.000000e-1
      vertex -1.745248e+1 7.473936e+0 4.000000e-1
      vertex -1.771743e+1 7.511582e+0 4.000000e-1
    endloop
  endfacet
  facet normal 1.406776e-1 9.900554e-1 0.000000e+0
    outer loop
      vertex -1.745248e+1 7.473936e+0 6.000000e-1
      vertex -1.771743e+1 7.511582e+0 4.000000e-1
      vertex -1.771743e+1 7.511582e+0 6.000000e-1
    endloop
  endfacet
  facet normal 5.071748e-2 9.987130e-1 0.000000e+0
    outer loop
      vertex -1.771743e+1 7.511582e+0 6.000000e-1
      vertex -1.771743e+1 7.511582e+0 4.000000e-1
      vertex -1.798804e+1 7.525324e+0 4.000000e-1
    endloop
  endfacet
  facet normal 5.071748e-2 9.987130e-1 0.000000e+0
    outer loop
      vertex -1.771743e+1 7.511582e+0 6.000000e-1
      vertex -1.798804e+1 7.525324e+0 4.000000e-1
      vertex -1.798804e+1 7.525324e+0 6.000000e-1
    endloop
  endfacet
  facet normal 7.749968e-1 6.319652e-1 0.000000e+0
    outer loop
      vertex -1.627150e+1 6.682354e+0 4.000000e-1
      vertex -1.641676e+1 6.860488e+0 4.000000e-1
      vertex -1.627150e+1 6.682354e+0 6.000000e-1
    endloop
  endfacet
  facet normal 7.749968e-1 6.319652e-1 0.000000e+0
    outer loop
      vertex -1.627150e+1 6.682354e+0 6.000000e-1
      vertex -1.641676e+1 6.860488e+0 4.000000e-1
      vertex -1.641676e+1 6.860488e+0 6.000000e-1
    endloop
  endfacet
  facet normal 7.171414e-1 6.969277e-1 0.000000e+0
    outer loop
      vertex -1.641676e+1 6.860488e+0 6.000000e-1
      vertex -1.641676e+1 6.860488e+0 4.000000e-1
      vertex -1.657539e+1 7.023726e+0 4.000000e-1
    endloop
  endfacet
  facet normal 7.171414e-1 6.969277e-1 0.000000e+0
    outer loop
      vertex -1.641676e+1 6.860488e+0 6.000000e-1
      vertex -1.657539e+1 7.023726e+0 4.000000e-1
      vertex -1.657539e+1 7.023726e+0 6.000000e-1
    endloop
  endfacet
  facet normal 6.103700e-1 7.921164e-1 0.000000e+0
    outer loop
      vertex -1.657539e+1 7.023726e+0 6.000000e-1
      vertex -1.657539e+1 7.023726e+0 4.000000e-1
      vertex -1.675579e+1 7.162734e+0 4.000000e-1
    endloop
  endfacet
  facet normal 6.103700e-1 7.921164e-1 0.000000e+0
    outer loop
      vertex -1.657539e+1 7.023726e+0 6.000000e-1
      vertex -1.675579e+1 7.162734e+0 4.000000e-1
      vertex -1.675579e+1 7.162734e+0 6.000000e-1
    endloop
  endfacet
  facet normal 5.426353e-1 8.399684e-1 0.000000e+0
    outer loop
      vertex -1.675579e+1 7.162734e+0 6.000000e-1
      vertex -1.675579e+1 7.162734e+0 4.000000e-1
      vertex -1.694896e+1 7.287524e+0 4.000000e-1
    endloop
  endfacet
  facet normal 5.426353e-1 8.399684e-1 0.000000e+0
    outer loop
      vertex -1.675579e+1 7.162734e+0 6.000000e-1
      vertex -1.694896e+1 7.287524e+0 4.000000e-1
      vertex -1.694896e+1 7.287524e+0 6.000000e-1
    endloop
  endfacet
  facet normal 9.079480e-1 4.190830e-1 0.000000e+0
    outer loop
      vertex -1.586983e+1 5.957808e+0 4.000000e-1
      vertex -1.595685e+1 6.146339e+0 4.000000e-1
      vertex -1.586983e+1 5.957808e+0 6.000000e-1
    endloop
  endfacet
  facet normal 9.079480e-1 4.190830e-1 0.000000e+0
    outer loop
      vertex -1.586983e+1 5.957808e+0 6.000000e-1
      vertex -1.595685e+1 6.146339e+0 4.000000e-1
      vertex -1.595685e+1 6.146339e+0 6.000000e-1
    endloop
  endfacet
  facet normal 8.898993e-1 4.561572e-1 0.000000e+0
    outer loop
      vertex -1.595685e+1 6.146339e+0 6.000000e-1
      vertex -1.595685e+1 6.146339e+0 4.000000e-1
      vertex -1.605137e+1 6.330731e+0 4.000000e-1
    endloop
  endfacet
  facet normal 8.898993e-1 4.561572e-1 0.000000e+0
    outer loop
      vertex -1.595685e+1 6.146339e+0 6.000000e-1
      vertex -1.605137e+1 6.330731e+0 4.000000e-1
      vertex -1.605137e+1 6.330731e+0 6.000000e-1
    endloop
  endfacet
  facet normal 8.576645e-1 5.142097e-1 0.000000e+0
    outer loop
      vertex -1.605137e+1 6.330731e+0 6.000000e-1
      vertex -1.605137e+1 6.330731e+0 4.000000e-1
      vertex -1.615793e+1 6.508474e+0 4.000000e-1
    endloop
  endfacet
  facet normal 8.576645e-1 5.142097e-1 0.000000e+0
    outer loop
      vertex -1.605137e+1 6.330731e+0 6.000000e-1
      vertex -1.615793e+1 6.508474e+0 4.000000e-1
      vertex -1.615793e+1 6.508474e+0 6.000000e-1
    endloop
  endfacet
  facet normal 8.372517e-1 5.468177e-1 0.000000e+0
    outer loop
      vertex -1.615793e+1 6.508474e+0 6.000000e-1
      vertex -1.615793e+1 6.508474e+0 4.000000e-1
      vertex -1.627150e+1 6.682354e+0 4.000000e-1
    endloop
  endfacet
  facet normal 8.372517e-1 5.468177e-1 0.000000e+0
    outer loop
      vertex -1.615793e+1 6.508474e+0 6.000000e-1
      vertex -1.627150e+1 6.682354e+0 4.000000e-1
      vertex -1.627150e+1 6.682354e+0 6.000000e-1
    endloop
  endfacet
  facet normal 9.334460e-1 3.587177e-1 0.000000e+0
    outer loop
      vertex -1.548106e+1 4.971082e+0 4.000000e-1
      vertex -1.557617e+1 5.218585e+0 4.000000e-1
      vertex -1.548106e+1 4.971082e+0 6.000000e-1
    endloop
  endfacet
  facet normal 9.334460e-1 3.587177e-1 0.000000e+0
    outer loop
      vertex -1.548106e+1 4.971082e+0 6.000000e-1
      vertex -1.557617e+1 5.218585e+0 4.000000e-1
      vertex -1.557617e+1 5.218585e+0 6.000000e-1
    endloop
  endfacet
  facet normal 9.319261e-1 3.626483e-1 0.000000e+0
    outer loop
      vertex -1.557617e+1 5.218585e+0 6.000000e-1
      vertex -1.557617e+1 5.218585e+0 4.000000e-1
      vertex -1.567233e+1 5.465677e+0 4.000000e-1
    endloop
  endfacet
  facet normal 9.319261e-1 3.626483e-1 0.000000e+0
    outer loop
      vertex -1.557617e+1 5.218585e+0 6.000000e-1
      vertex -1.567233e+1 5.465677e+0 4.000000e-1
      vertex -1.567233e+1 5.465677e+0 6.000000e-1
    endloop
  endfacet
  facet normal 9.290715e-1 3.699002e-1 0.000000e+0
    outer loop
      vertex -1.567233e+1 5.465677e+0 6.000000e-1
      vertex -1.567233e+1 5.465677e+0 4.000000e-1
      vertex -1.577040e+1 5.712010e+0 4.000000e-1
    endloop
  endfacet
  facet normal 9.290715e-1 3.699002e-1 0.000000e+0
    outer loop
      vertex -1.567233e+1 5.465677e+0 6.000000e-1
      vertex -1.577040e+1 5.712010e+0 4.000000e-1
      vertex -1.577040e+1 5.712010e+0 6.000000e-1
    endloop
  endfacet
  facet normal 9.270270e-1 3.749944e-1 0.000000e+0
    outer loop
      vertex -1.577040e+1 5.712010e+0 6.000000e-1
      vertex -1.577040e+1 5.712010e+0 4.000000e-1
      vertex -1.586983e+1 5.957808e+0 4.000000e-1
    endloop
  endfacet
  facet normal 9.270270e-1 3.749944e-1 0.000000e+0
    outer loop
      vertex -1.577040e+1 5.712010e+0 6.000000e-1
      vertex -1.586983e+1 5.957808e+0 4.000000e-1
      vertex -1.586983e+1 5.957808e+0 6.000000e-1
    endloop
  endfacet
  facet normal 9.261853e-1 3.770686e-1 0.000000e+0
    outer loop
      vertex -1.192674e+1 -3.759319e+0 4.000000e-1
      vertex -1.548106e+1 4.971082e+0 4.000000e-1
      vertex -1.192674e+1 -3.759319e+0 6.000000e-1
    endloop
  endfacet
  facet normal 9.261853e-1 3.770686e-1 0.000000e+0
    outer loop
      vertex -1.192674e+1 -3.759319e+0 6.000000e-1
      vertex -1.548106e+1 4.971082e+0 4.000000e-1
      vertex -1.548106e+1 4.971082e+0 6.000000e-1
    endloop
  endfacet
  facet normal 9.884198e-1 1.517443e-1 0.000000e+0
    outer loop
      vertex -1.149700e+1 -5.263704e+0 4.000000e-1
      vertex -1.155669e+1 -4.874880e+0 4.000000e-1
      vertex -1.149700e+1 -5.263704e+0 6.000000e-1
    endloop
  endfacet
  facet normal 9.884198e-1 1.517443e-1 0.000000e+0
    outer loop
      vertex -1.149700e+1 -5.263704e+0 6.000000e-1
      vertex -1.155669e+1 -4.874880e+0 4.000000e-1
      vertex -1.155669e+1 -4.874880e+0 6.000000e-1
    endloop
  endfacet
  facet normal 9.730574e-1 2.305631e-1 0.000000e+0
    outer loop
      vertex -1.155669e+1 -4.874880e+0 6.000000e-1
      vertex -1.155669e+1 -4.874880e+0 4.000000e-1
      vertex -1.164689e+1 -4.494190e+0 4.000000e-1
    endloop
  endfacet
  facet normal 9.730574e-1 2.305631e-1 0.000000e+0
    outer loop
      vertex -1.155669e+1 -4.874880e+0 6.000000e-1
      vertex -1.164689e+1 -4.494190e+0 4.000000e-1
      vertex -1.164689e+1 -4.494190e+0 6.000000e-1
    endloop
  endfacet
  facet normal 9.438170e-1 3.304687e-1 0.000000e+0
    outer loop
      vertex -1.164689e+1 -4.494190e+0 6.000000e-1
      vertex -1.164689e+1 -4.494190e+0 4.000000e-1
      vertex -1.177651e+1 -4.124007e+0 4.000000e-1
    endloop
  endfacet
  facet normal 9.438170e-1 3.304687e-1 0.000000e+0
    outer loop
      vertex -1.164689e+1 -4.494190e+0 6.000000e-1
      vertex -1.177651e+1 -4.124007e+0 4.000000e-1
      vertex -1.177651e+1 -4.124007e+0 6.000000e-1
    endloop
  endfacet
  facet normal 9.246206e-1 3.808893e-1 0.000000e+0
    outer loop
      vertex -1.177651e+1 -4.124007e+0 6.000000e-1
      vertex -1.177651e+1 -4.124007e+0 4.000000e-1
      vertex -1.192674e+1 -3.759319e+0 4.000000e-1
    endloop
  endfacet
  facet normal 9.246206e-1 3.808893e-1 0.000000e+0
    outer loop
      vertex -1.177651e+1 -4.124007e+0 6.000000e-1
      vertex -1.192674e+1 -3.759319e+0 4.000000e-1
      vertex -1.192674e+1 -3.759319e+0 6.000000e-1
    endloop
  endfacet
  facet normal 7.692861e-1 -6.389045e-1 0.000000e+0
    outer loop
      vertex -1.193837e+1 -6.250582e+0 4.000000e-1
      vertex -1.175865e+1 -6.034189e+0 4.000000e-1
      vertex -1.193837e+1 -6.250582e+0 6.000000e-1
    endloop
  endfacet
  facet normal 7.692861e-1 -6.389045e-1 0.000000e+0
    outer loop
      vertex -1.193837e+1 -6.250582e+0 6.000000e-1
      vertex -1.175865e+1 -6.034189e+0 4.000000e-1
      vertex -1.175865e+1 -6.034189e+0 6.000000e-1
    endloop
  endfacet
  facet normal 8.518293e-1 -5.238194e-1 0.000000e+0
    outer loop
      vertex -1.175865e+1 -6.034189e+0 6.000000e-1
      vertex -1.175865e+1 -6.034189e+0 4.000000e-1
      vertex -1.161570e+1 -5.801723e+0 4.000000e-1
    endloop
  endfacet
  facet normal 8.518293e-1 -5.238194e-1 0.000000e+0
    outer loop
      vertex -1.175865e+1 -6.034189e+0 6.000000e-1
      vertex -1.161570e+1 -5.801723e+0 4.000000e-1
      vertex -1.161570e+1 -5.801723e+0 6.000000e-1
    endloop
  endfacet
  facet normal 9.565858e-1 -2.914507e-1 0.000000e+0
    outer loop
      vertex -1.161570e+1 -5.801723e+0 6.000000e-1
      vertex -1.161570e+1 -5.801723e+0 4.000000e-1
      vertex -1.153640e+1 -5.541436e+0 4.000000e-1
    endloop
  endfacet
  facet normal 9.565858e-1 -2.914507e-1 0.000000e+0
    outer loop
      vertex -1.161570e+1 -5.801723e+0 6.000000e-1
      vertex -1.153640e+1 -5.541436e+0 4.000000e-1
      vertex -1.153640e+1 -5.541436e+0 6.000000e-1
    endloop
  endfacet
  facet normal 9.900863e-1 -1.404603e-1 0.000000e+0
    outer loop
      vertex -1.153640e+1 -5.541436e+0 6.000000e-1
      vertex -1.153640e+1 -5.541436e+0 4.000000e-1
      vertex -1.149700e+1 -5.263704e+0 4.000000e-1
    endloop
  endfacet
  facet normal 9.900863e-1 -1.404603e-1 0.000000e+0
    outer loop
      vertex -1.153640e+1 -5.541436e+0 6.000000e-1
      vertex -1.149700e+1 -5.263704e+0 4.000000e-1
      vertex -1.149700e+1 -5.263704e+0 6.000000e-1
    endloop
  endfacet
  facet normal 1.155450e-1 -9.933022e-1 0.000000e+0
    outer loop
      vertex -1.301432e+1 -6.696786e+0 4.000000e-1
      vertex -1.271353e+1 -6.661797e+0 4.000000e-1
      vertex -1.301432e+1 -6.696786e+0 6.000000e-1
    endloop
  endfacet
  facet normal 1.155450e-1 -9.933022e-1 0.000000e+0
    outer loop
      vertex -1.301432e+1 -6.696786e+0 6.000000e-1
      vertex -1.271353e+1 -6.661797e+0 4.000000e-1
      vertex -1.271353e+1 -6.661797e+0 6.000000e-1
    endloop
  endfacet
  facet normal 2.610854e-1 -9.653157e-1 0.000000e+0
    outer loop
      vertex -1.271353e+1 -6.661797e+0 6.000000e-1
      vertex -1.271353e+1 -6.661797e+0 4.000000e-1
      vertex -1.243006e+1 -6.585127e+0 4.000000e-1
    endloop
  endfacet
  facet normal 2.610854e-1 -9.653157e-1 0.000000e+0
    outer loop
      vertex -1.271353e+1 -6.661797e+0 6.000000e-1
      vertex -1.243006e+1 -6.585127e+0 4.000000e-1
      vertex -1.243006e+1 -6.585127e+0 6.000000e-1
    endloop
  endfacet
  facet normal 4.983646e-1 -8.669676e-1 0.000000e+0
    outer loop
      vertex -1.243006e+1 -6.585127e+0 6.000000e-1
      vertex -1.243006e+1 -6.585127e+0 4.000000e-1
      vertex -1.217551e+1 -6.438805e+0 4.000000e-1
    endloop
  endfacet
  facet normal 4.983646e-1 -8.669676e-1 0.000000e+0
    outer loop
      vertex -1.243006e+1 -6.585127e+0 6.000000e-1
      vertex -1.217551e+1 -6.438805e+0 4.000000e-1
      vertex -1.217551e+1 -6.438805e+0 6.000000e-1
    endloop
  endfacet
  facet normal 6.216902e-1 -7.832632e-1 0.000000e+0
    outer loop
      vertex -1.217551e+1 -6.438805e+0 6.000000e-1
      vertex -1.217551e+1 -6.438805e+0 4.000000e-1
      vertex -1.193837e+1 -6.250582e+0 4.000000e-1
    endloop
  endfacet
  facet normal 6.216902e-1 -7.832632e-1 0.000000e+0
    outer loop
      vertex -1.217551e+1 -6.438805e+0 6.000000e-1
      vertex -1.193837e+1 -6.250582e+0 4.000000e-1
      vertex -1.193837e+1 -6.250582e+0 6.000000e-1
    endloop
  endfacet
  facet normal -3.576439e-1 -9.338580e-1 0.000000e+0
    outer loop
      vertex -1.364843e+1 -6.565794e+0 4.000000e-1
      vertex -1.349542e+1 -6.624392e+0 4.000000e-1
      vertex -1.364843e+1 -6.565794e+0 6.000000e-1
    endloop
  endfacet
  facet normal -3.576439e-1 -9.338580e-1 0.000000e+0
    outer loop
      vertex -1.364843e+1 -6.565794e+0 6.000000e-1
      vertex -1.349542e+1 -6.624392e+0 4.000000e-1
      vertex -1.349542e+1 -6.624392e+0 6.000000e-1
    endloop
  endfacet
  facet normal -2.704881e-1 -9.627233e-1 0.000000e+0
    outer loop
      vertex -1.349542e+1 -6.624392e+0 6.000000e-1
      vertex -1.349542e+1 -6.624392e+0 4.000000e-1
      vertex -1.333927e+1 -6.668265e+0 4.000000e-1
    endloop
  endfacet
  facet normal -2.704881e-1 -9.627233e-1 0.000000e+0
    outer loop
      vertex -1.349542e+1 -6.624392e+0 6.000000e-1
      vertex -1.333927e+1 -6.668265e+0 4.000000e-1
      vertex -1.333927e+1 -6.668265e+0 6.000000e-1
    endloop
  endfacet
  facet normal -1.282361e-1 -9.917437e-1 0.000000e+0
    outer loop
      vertex -1.333927e+1 -6.668265e+0 6.000000e-1
      vertex -1.333927e+1 -6.668265e+0 4.000000e-1
      vertex -1.317820e+1 -6.689092e+0 4.000000e-1
    endloop
  endfacet
  facet normal -1.282361e-1 -9.917437e-1 0.000000e+0
    outer loop
      vertex -1.333927e+1 -6.668265e+0 6.000000e-1
      vertex -1.317820e+1 -6.689092e+0 4.000000e-1
      vertex -1.317820e+1 -6.689092e+0 6.000000e-1
    endloop
  endfacet
  facet normal -4.689585e-2 -9.988998e-1 0.000000e+0
    outer loop
      vertex -1.317820e+1 -6.689092e+0 6.000000e-1
      vertex -1.317820e+1 -6.689092e+0 4.000000e-1
      vertex -1.301432e+1 -6.696786e+0 4.000000e-1
    endloop
  endfacet
  facet normal -4.689585e-2 -9.988998e-1 0.000000e+0
    outer loop
      vertex -1.317820e+1 -6.689092e+0 6.000000e-1
      vertex -1.301432e+1 -6.696786e+0 4.000000e-1
      vertex -1.301432e+1 -6.696786e+0 6.000000e-1
    endloop
  endfacet
  facet normal -7.367001e-1 -6.762196e-1 0.000000e+0
    outer loop
      vertex -1.408860e+1 -6.213004e+0 4.000000e-1
      vertex -1.399214e+1 -6.318096e+0 4.000000e-1
      vertex -1.408860e+1 -6.213004e+0 6.000000e-1
    endloop
  endfacet
  facet normal -7.367001e-1 -6.762196e-1 0.000000e+0
    outer loop
      vertex -1.408860e+1 -6.213004e+0 6.000000e-1
      vertex -1.399214e+1 -6.318096e+0 4.000000e-1
      vertex -1.399214e+1 -6.318096e+0 6.000000e-1
    endloop
  endfacet
  facet normal -6.777030e-1 -7.353357e-1 0.000000e+0
    outer loop
      vertex -1.399214e+1 -6.318096e+0 6.000000e-1
      vertex -1.399214e+1 -6.318096e+0 4.000000e-1
      vertex -1.388820e+1 -6.413888e+0 4.000000e-1
    endloop
  endfacet
  facet normal -6.777030e-1 -7.353357e-1 0.000000e+0
    outer loop
      vertex -1.399214e+1 -6.318096e+0 6.000000e-1
      vertex -1.388820e+1 -6.413888e+0 4.000000e-1
      vertex -1.388820e+1 -6.413888e+0 6.000000e-1
    endloop
  endfacet
  facet normal -5.692863e-1 -8.221393e-1 0.000000e+0
    outer loop
      vertex -1.388820e+1 -6.413888e+0 6.000000e-1
      vertex -1.388820e+1 -6.413888e+0 4.000000e-1
      vertex -1.377196e+1 -6.494377e+0 4.000000e-1
    endloop
  endfacet
  facet normal -5.692863e-1 -8.221393e-1 0.000000e+0
    outer loop
      vertex -1.388820e+1 -6.413888e+0 6.000000e-1
      vertex -1.377196e+1 -6.494377e+0 4.000000e-1
      vertex -1.377196e+1 -6.494377e+0 6.000000e-1
    endloop
  endfacet
  facet normal -5.005137e-1 -8.657287e-1 0.000000e+0
    outer loop
      vertex -1.377196e+1 -6.494377e+0 6.000000e-1
      vertex -1.377196e+1 -6.494377e+0 4.000000e-1
      vertex -1.364843e+1 -6.565794e+0 4.000000e-1
    endloop
  endfacet
  facet normal -5.005137e-1 -8.657287e-1 0.000000e+0
    outer loop
      vertex -1.377196e+1 -6.494377e+0 6.000000e-1
      vertex -1.364843e+1 -6.565794e+0 4.000000e-1
      vertex -1.364843e+1 -6.565794e+0 6.000000e-1
    endloop
  endfacet
  facet normal -9.145010e-1 -4.045835e-1 0.000000e+0
    outer loop
      vertex -1.445578e+1 -5.541396e+0 4.000000e-1
      vertex -1.437803e+1 -5.717136e+0 4.000000e-1
      vertex -1.445578e+1 -5.541396e+0 6.000000e-1
    endloop
  endfacet
  facet normal -9.145010e-1 -4.045835e-1 0.000000e+0
    outer loop
      vertex -1.445578e+1 -5.541396e+0 6.000000e-1
      vertex -1.437803e+1 -5.717136e+0 4.000000e-1
      vertex -1.437803e+1 -5.717136e+0 6.000000e-1
    endloop
  endfacet
  facet normal -8.968170e-1 -4.424018e-1 0.000000e+0
    outer loop
      vertex -1.437803e+1 -5.717136e+0 6.000000e-1
      vertex -1.437803e+1 -5.717136e+0 4.000000e-1
      vertex -1.429327e+1 -5.888962e+0 4.000000e-1
    endloop
  endfacet
  facet normal -8.968170e-1 -4.424018e-1 0.000000e+0
    outer loop
      vertex -1.437803e+1 -5.717136e+0 6.000000e-1
      vertex -1.429327e+1 -5.888962e+0 4.000000e-1
      vertex -1.429327e+1 -5.888962e+0 6.000000e-1
    endloop
  endfacet
  facet normal -8.597913e-1 -5.106455e-1 0.000000e+0
    outer loop
      vertex -1.429327e+1 -5.888962e+0 6.000000e-1
      vertex -1.429327e+1 -5.888962e+0 4.000000e-1
      vertex -1.419552e+1 -6.053542e+0 4.000000e-1
    endloop
  endfacet
  facet normal -8.597913e-1 -5.106455e-1 0.000000e+0
    outer loop
      vertex -1.429327e+1 -5.888962e+0 6.000000e-1
      vertex -1.419552e+1 -6.053542e+0 4.000000e-1
      vertex -1.419552e+1 -6.053542e+0 6.000000e-1
    endloop
  endfacet
  facet normal -8.305781e-1 -5.569022e-1 0.000000e+0
    outer loop
      vertex -1.419552e+1 -6.053542e+0 6.000000e-1
      vertex -1.419552e+1 -6.053542e+0 4.000000e-1
      vertex -1.408860e+1 -6.213004e+0 4.000000e-1
    endloop
  endfacet
  facet normal -8.305781e-1 -5.569022e-1 0.000000e+0
    outer loop
      vertex -1.419552e+1 -6.053542e+0 6.000000e-1
      vertex -1.408860e+1 -6.213004e+0 4.000000e-1
      vertex -1.408860e+1 -6.213004e+0 6.000000e-1
    endloop
  endfacet
  facet normal -9.081017e-1 -4.187497e-1 0.000000e+0
    outer loop
      vertex -1.473578e+1 -4.909062e+0 4.000000e-1
      vertex -1.466338e+1 -5.066075e+0 4.000000e-1
      vertex -1.473578e+1 -4.909062e+0 6.000000e-1
    endloop
  endfacet
  facet normal -9.081017e-1 -4.187497e-1 0.000000e+0
    outer loop
      vertex -1.473578e+1 -4.909062e+0 6.000000e-1
      vertex -1.466338e+1 -5.066075e+0 4.000000e-1
      vertex -1.466338e+1 -5.066075e+0 6.000000e-1
    endloop
  endfacet
  facet normal -9.121473e-1 -4.098625e-1 0.000000e+0
    outer loop
      vertex -1.466338e+1 -5.066075e+0 6.000000e-1
      vertex -1.466338e+1 -5.066075e+0 4.000000e-1
      vertex -1.459251e+1 -5.223775e+0 4.000000e-1
    endloop
  endfacet
  facet normal -9.121473e-1 -4.098625e-1 0.000000e+0
    outer loop
      vertex -1.466338e+1 -5.066075e+0 6.000000e-1
      vertex -1.459251e+1 -5.223775e+0 4.000000e-1
      vertex -1.459251e+1 -5.223775e+0 6.000000e-1
    endloop
  endfacet
  facet normal -9.172048e-1 -3.984161e-1 0.000000e+0
    outer loop
      vertex -1.459251e+1 -5.223775e+0 6.000000e-1
      vertex -1.459251e+1 -5.223775e+0 4.000000e-1
      vertex -1.452363e+1 -5.382356e+0 4.000000e-1
    endloop
  endfacet
  facet normal -9.172048e-1 -3.984161e-1 0.000000e+0
    outer loop
      vertex -1.459251e+1 -5.223775e+0 6.000000e-1
      vertex -1.452363e+1 -5.382356e+0 4.000000e-1
      vertex -1.452363e+1 -5.382356e+0 6.000000e-1
    endloop
  endfacet
  facet normal -9.197866e-1 -3.924188e-1 0.000000e+0
    outer loop
      vertex -1.452363e+1 -5.382356e+0 6.000000e-1
      vertex -1.452363e+1 -5.382356e+0 4.000000e-1
      vertex -1.445578e+1 -5.541396e+0 4.000000e-1
    endloop
  endfacet
  facet normal -9.197866e-1 -3.924188e-1 0.000000e+0
    outer loop
      vertex -1.452363e+1 -5.382356e+0 6.000000e-1
      vertex -1.445578e+1 -5.541396e+0 4.000000e-1
      vertex -1.445578e+1 -5.541396e+0 6.000000e-1
    endloop
  endfacet
  facet normal 0.000000e+0 0.000000e+0 1.000000e+0
    outer loop
      vertex -1.536199e+1 -3.271851e+0 6.000000e-1
      vertex -1.473578e+1 -4.909062e+0 6.000000e-1
      vertex -1.192674e+1 -3.759319e+0 6.000000e-1
    endloop
  endfacet
  facet normal -4.869226e-16 1.189644e-15 1.000000e+0
    outer loop
      vertex -1.192674e+1 -3.759319e+0 6.000000e-1
      vertex -1.473578e+1 -4.909062e+0 6.000000e-1
      vertex -1.466338e+1 -5.066075e+0 6.000000e-1
    endloop
  endfacet
  facet normal 6.203657e-16 -1.129263e-15 1.000000e+0
    outer loop
      vertex -1.192674e+1 -3.759319e+0 6.000000e-1
      vertex -1.466338e+1 -5.066075e+0 6.000000e-1
      vertex -1.459251e+1 -5.223775e+0 6.000000e-1
    endloop
  endfacet
  facet normal 0.000000e+0 0.000000e+0 1.000000e+0
    outer loop
      vertex -1.459251e+1 -5.223775e+0 6.000000e-1
      vertex -1.452363e+1 -5.382356e+0 6.000000e-1
      vertex -1.192674e+1 -3.759319e+0 6.000000e-1
    endloop
  endfacet
  facet normal 0.000000e+0 0.000000e+0 1.000000e+0
    outer loop
      vertex -1.192674e+1 -3.759319e+0 6.000000e-1
      vertex -1.452363e+1 -5.382356e+0 6.000000e-1
      vertex -1.177651e+1 -4.124007e+0 6.000000e-1
    endloop
  endfacet
  facet normal 0.000000e+0 0.000000e+0 1.000000e+0
    outer loop
      vertex -1.177651e+1 -4.124007e+0 6.000000e-1
      vertex -1.452363e+1 -5.382356e+0 6.000000e-1
      vertex -1.445578e+1 -5.541396e+0 6.000000e-1
    endloop
  endfacet
  facet normal 0.000000e+0 0.000000e+0 1.000000e+0
    outer loop
      vertex -1.177651e+1 -4.124007e+0 6.000000e-1
      vertex -1.445578e+1 -5.541396e+0 6.000000e-1
      vertex -1.437803e+1 -5.717136e+0 6.000000e-1
    endloop
  endfacet
  facet normal 0.000000e+0 0.000000e+0 1.000000e+0
    outer loop
      vertex -1.177651e+1 -4.124007e+0 6.000000e-1
      vertex -1.437803e+1 -5.717136e+0 6.000000e-1
      vertex -1.164689e+1 -4.494190e+0 6.000000e-1
    endloop
  endfacet
  facet normal 0.000000e+0 0.000000e+0 1.000000e+0
    outer loop
      vertex -1.164689e+1 -4.494190e+0 6.000000e-1
      vertex -1.437803e+1 -5.717136e+0 6.000000e-1
      vertex -1.429327e+1 -5.888962e+0 6.000000e-1
    endloop
  endfacet
  facet normal 0.000000e+0 0.000000e+0 1.000000e+0
    outer loop
      vertex -1.164689e+1 -4.494190e+0 6.000000e-1
      vertex -1.429327e+1 -5.888962e+0 6.000000e-1
      vertex -1.419552e+1 -6.053542e+0 6.000000e-1
    endloop
  endfacet
  facet normal 0.000000e+0 0.000000e+0 1.000000e+0
    outer loop
      vertex -1.408860e+1 -6.213004e+0 6.000000e-1
      vertex -1.399214e+1 -6.318096e+0 6.000000e-1
      vertex -1.419552e+1 -6.053542e+0 6.000000e-1
    endloop
  endfacet
  facet normal 0.000000e+0 0.000000e+0 1.000000e+0
    outer loop
      vertex -1.419552e+1 -6.053542e+0 6.000000e-1
      vertex -1.399214e+1 -6.318096e+0 6.000000e-1
      vertex -1.217551e+1 -6.438805e+0 6.000000e-1
    endloop
  endfacet
  facet normal 0.000000e+0 0.000000e+0 1.000000e+0
    outer loop
      vertex -1.419552e+1 -6.053542e+0 6.000000e-1
      vertex -1.217551e+1 -6.438805e+0 6.000000e-1
      vertex -1.155669e+1 -4.874880e+0 6.000000e-1
    endloop
  endfacet
  facet normal 0.000000e+0 0.000000e+0 1.000000e+0
    outer loop
      vertex -1.155669e+1 -4.874880e+0 6.000000e-1
      vertex -1.217551e+1 -6.438805e+0 6.000000e-1
      vertex -1.193837e+1 -6.250582e+0 6.000000e-1
    endloop
  endfacet
  facet normal 0.000000e+0 0.000000e+0 1.000000e+0
    outer loop
      vertex -1.155669e+1 -4.874880e+0 6.000000e-1
      vertex -1.193837e+1 -6.250582e+0 6.000000e-1
      vertex -1.175865e+1 -6.034189e+0 6.000000e-1
    endloop
  endfacet
  facet normal 0.000000e+0 0.000000e+0 1.000000e+0
    outer loop
      vertex -1.388820e+1 -6.413888e+0 6.000000e-1
      vertex -1.377196e+1 -6.494377e+0 6.000000e-1
      vertex -1.399214e+1 -6.318096e+0 6.000000e-1
    endloop
  endfacet
  facet normal 0.000000e+0 0.000000e+0 1.000000e+0
    outer loop
      vertex -1.399214e+1 -6.318096e+0 6.000000e-1
      vertex -1.377196e+1 -6.494377e+0 6.000000e-1
      vertex -1.217551e+1 -6.438805e+0 6.000000e-1
    endloop
  endfacet
  facet normal 0.000000e+0 0.000000e+0 1.000000e+0
    outer loop
      vertex -1.364843e+1 -6.565794e+0 6.000000e-1
      vertex -1.349542e+1 -6.624392e+0 6.000000e-1
      vertex -1.377196e+1 -6.494377e+0 6.000000e-1
    endloop
  endfacet
  facet normal 0.000000e+0 0.000000e+0 1.000000e+0
    outer loop
      vertex -1.377196e+1 -6.494377e+0 6.000000e-1
      vertex -1.349542e+1 -6.624392e+0 6.000000e-1
      vertex -1.217551e+1 -6.438805e+0 6.000000e-1
    endloop
  endfacet
  facet normal 0.000000e+0 0.000000e+0 1.000000e+0
    outer loop
      vertex -1.349542e+1 -6.624392e+0 6.000000e-1
      vertex -1.333927e+1 -6.668265e+0 6.000000e-1
      vertex -1.217551e+1 -6.438805e+0 6.000000e-1
    endloop
  endfacet
  facet normal 0.000000e+0 0.000000e+0 1.000000e+0
    outer loop
      vertex -1.217551e+1 -6.438805e+0 6.000000e-1
      vertex -1.333927e+1 -6.668265e+0 6.000000e-1
      vertex -1.317820e+1 -6.689092e+0 6.000000e-1
    endloop
  endfacet
  facet normal 0.000000e+0 0.000000e+0 1.000000e+0
    outer loop
      vertex -1.217551e+1 -6.438805e+0 6.000000e-1
      vertex -1.317820e+1 -6.689092e+0 6.000000e-1
      vertex -1.301432e+1 -6.696786e+0 6.000000e-1
    endloop
  endfacet
  facet normal 0.000000e+0 0.000000e+0 1.000000e+0
    outer loop
      vertex -1.301432e+1 -6.696786e+0 6.000000e-1
      vertex -1.271353e+1 -6.661797e+0 6.000000e-1
      vertex -1.217551e+1 -6.438805e+0 6.000000e-1
    endloop
  endfacet
  facet normal 0.000000e+0 0.000000e+0 1.000000e+0
    outer loop
      vertex -1.217551e+1 -6.438805e+0 6.000000e-1
      vertex -1.271353e+1 -6.661797e+0 6.000000e-1
      vertex -1.243006e+1 -6.585127e+0 6.000000e-1
    endloop
  endfacet
  facet normal 0.000000e+0 0.000000e+0 1.000000e+0
    outer loop
      vertex -1.175865e+1 -6.034189e+0 6.000000e-1
      vertex -1.161570e+1 -5.801723e+0 6.000000e-1
      vertex -1.155669e+1 -4.874880e+0 6.000000e-1
    endloop
  endfacet
  facet normal 0.000000e+0 0.000000e+0 1.000000e+0
    outer loop
      vertex -1.155669e+1 -4.874880e+0 6.000000e-1
      vertex -1.161570e+1 -5.801723e+0 6.000000e-1
      vertex -1.153640e+1 -5.541436e+0 6.000000e-1
    endloop
  endfacet
  facet normal 0.000000e+0 0.000000e+0 1.000000e+0
    outer loop
      vertex -1.155669e+1 -4.874880e+0 6.000000e-1
      vertex -1.153640e+1 -5.541436e+0 6.000000e-1
      vertex -1.149700e+1 -5.263704e+0 6.000000e-1
    endloop
  endfacet
  facet normal 0.000000e+0 0.000000e+0 1.000000e+0
    outer loop
      vertex -1.155669e+1 -4.874880e+0 6.000000e-1
      vertex -1.164689e+1 -4.494190e+0 6.000000e-1
      vertex -1.419552e+1 -6.053542e+0 6.000000e-1
    endloop
  endfacet
  facet normal 0.000000e+0 0.000000e+0 1.000000e+0
    outer loop
      vertex -1.536199e+1 -3.271851e+0 6.000000e-1
      vertex -1.192674e+1 -3.759319e+0 6.000000e-1
      vertex -1.615533e+1 -8.687974e-1 6.000000e-1
    endloop
  endfacet
  facet normal 0.000000e+0 0.000000e+0 1.000000e+0
    outer loop
      vertex -1.615533e+1 -8.687974e-1 6.000000e-1
      vertex -1.192674e+1 -3.759319e+0 6.000000e-1
      vertex -1.548106e+1 4.971082e+0 6.000000e-1
    endloop
  endfacet
  facet normal 0.000000e+0 0.000000e+0 1.000000e+0
    outer loop
      vertex -1.615533e+1 -8.687974e-1 6.000000e-1
      vertex -1.548106e+1 4.971082e+0 6.000000e-1
      vertex -1.799476e+1 4.290947e+0 6.000000e-1
    endloop
  endfacet
  facet normal 0.000000e+0 0.000000e+0 1.000000e+0
    outer loop
      vertex -1.799476e+1 4.290947e+0 6.000000e-1
      vertex -1.548106e+1 4.971082e+0 6.000000e-1
      vertex -1.557617e+1 5.218585e+0 6.000000e-1
    endloop
  endfacet
  facet normal 0.000000e+0 0.000000e+0 1.000000e+0
    outer loop
      vertex -1.799476e+1 4.290947e+0 6.000000e-1
      vertex -1.557617e+1 5.218585e+0 6.000000e-1
      vertex -1.567233e+1 5.465677e+0 6.000000e-1
    endloop
  endfacet
  facet normal 0.000000e+0 0.000000e+0 1.000000e+0
    outer loop
      vertex -1.567233e+1 5.465677e+0 6.000000e-1
      vertex -1.577040e+1 5.712010e+0 6.000000e-1
      vertex -1.799476e+1 4.290947e+0 6.000000e-1
    endloop
  endfacet
  facet normal 0.000000e+0 0.000000e+0 1.000000e+0
    outer loop
      vertex -1.799476e+1 4.290947e+0 6.000000e-1
      vertex -1.577040e+1 5.712010e+0 6.000000e-1
      vertex -1.586983e+1 5.957808e+0 6.000000e-1
    endloop
  endfacet
  facet normal 0.000000e+0 0.000000e+0 1.000000e+0
    outer loop
      vertex -1.799476e+1 4.290947e+0 6.000000e-1
      vertex -1.586983e+1 5.957808e+0 6.000000e-1
      vertex -1.595685e+1 6.146339e+0 6.000000e-1
    endloop
  endfacet
  facet normal 0.000000e+0 0.000000e+0 1.000000e+0
    outer loop
      vertex -1.595685e+1 6.146339e+0 6.000000e-1
      vertex -1.605137e+1 6.330731e+0 6.000000e-1
      vertex -1.799476e+1 4.290947e+0 6.000000e-1
    endloop
  endfacet
  facet normal 0.000000e+0 0.000000e+0 1.000000e+0
    outer loop
      vertex -1.799476e+1 4.290947e+0 6.000000e-1
      vertex -1.605137e+1 6.330731e+0 6.000000e-1
      vertex -1.615793e+1 6.508474e+0 6.000000e-1
    endloop
  endfacet
  facet normal 0.000000e+0 0.000000e+0 1.000000e+0
    outer loop
      vertex -1.799476e+1 4.290947e+0 6.000000e-1
      vertex -1.615793e+1 6.508474e+0 6.000000e-1
      vertex -1.627150e+1 6.682354e+0 6.000000e-1
    endloop
  endfacet
  facet normal 0.000000e+0 0.000000e+0 1.000000e+0
    outer loop
      vertex -1.627150e+1 6.682354e+0 6.000000e-1
      vertex -1.641676e+1 6.860488e+0 6.000000e-1
      vertex -1.799476e+1 4.290947e+0 6.000000e-1
    endloop
  endfacet
  facet normal 0.000000e+0 0.000000e+0 1.000000e+0
    outer loop
      vertex -1.799476e+1 4.290947e+0 6.000000e-1
      vertex -1.641676e+1 6.860488e+0 6.000000e-1
      vertex -1.657539e+1 7.023726e+0 6.000000e-1
    endloop
  endfacet
  facet normal 0.000000e+0 0.000000e+0 1.000000e+0
    outer loop
      vertex -1.799476e+1 4.290947e+0 6.000000e-1
      vertex -1.657539e+1 7.023726e+0 6.000000e-1
      vertex -1.675579e+1 7.162734e+0 6.000000e-1
    endloop
  endfacet
  facet normal 0.000000e+0 0.000000e+0 1.000000e+0
    outer loop
      vertex -1.675579e+1 7.162734e+0 6.000000e-1
      vertex -1.694896e+1 7.287524e+0 6.000000e-1
      vertex -1.799476e+1 4.290947e+0 6.000000e-1
    endloop
  endfacet
  facet normal -3.884636e-16 1.355727e-16 1.000000e+0
    outer loop
      vertex -1.799476e+1 4.290947e+0 6.000000e-1
      vertex -1.694896e+1 7.287524e+0 6.000000e-1
      vertex -1.719752e+1 7.394227e+0 6.000000e-1
    endloop
  endfacet
  facet normal 4.134242e-16 -7.043354e-17 1.000000e+0
    outer loop
      vertex -1.799476e+1 4.290947e+0 6.000000e-1
      vertex -1.719752e+1 7.394227e+0 6.000000e-1
      vertex -1.745248e+1 7.473936e+0 6.000000e-1
    endloop
  endfacet
  facet normal 4.091384e-16 -6.970338e-17 1.000000e+0
    outer loop
      vertex -1.745248e+1 7.473936e+0 6.000000e-1
      vertex -1.771743e+1 7.511582e+0 6.000000e-1
      vertex -1.799476e+1 4.290947e+0 6.000000e-1
    endloop
  endfacet
  facet normal -4.102180e-16 8.519742e-19 1.000000e+0
    outer loop
      vertex -1.799476e+1 4.290947e+0 6.000000e-1
      vertex -1.771743e+1 7.511582e+0 6.000000e-1
      vertex -1.798804e+1 7.525324e+0 6.000000e-1
    endloop
  endfacet
  facet normal 0.000000e+0 0.000000e+0 1.000000e+0
    outer loop
      vertex -1.799476e+1 4.290947e+0 6.000000e-1
      vertex -1.798804e+1 7.525324e+0 6.000000e-1
      vertex -1.825561e+1 7.510172e+0 6.000000e-1
    endloop
  endfacet
  facet normal 0.000000e+0 0.000000e+0 1.000000e+0
    outer loop
      vertex -1.825561e+1 7.510172e+0 6.000000e-1
      vertex -1.851740e+1 7.471298e+0 6.000000e-1
      vertex -1.799476e+1 4.290947e+0 6.000000e-1
    endloop
  endfacet
  facet normal 8.382341e-16 1.377526e-16 1.000000e+0
    outer loop
      vertex -1.799476e+1 4.290947e+0 6.000000e-1
      vertex -1.851740e+1 7.471298e+0 6.000000e-1
      vertex -1.876907e+1 7.390800e+0 6.000000e-1
    endloop
  endfacet
  facet normal -7.882953e-16 -2.685398e-16 1.000000e+0
    outer loop
      vertex -1.799476e+1 4.290947e+0 6.000000e-1
      vertex -1.876907e+1 7.390800e+0 6.000000e-1
      vertex -1.901427e+1 7.283707e+0 6.000000e-1
    endloop
  endfacet
  facet normal 0.000000e+0 0.000000e+0 1.000000e+0
    outer loop
      vertex -1.901427e+1 7.283707e+0 6.000000e-1
      vertex -1.920667e+1 7.157524e+0 6.000000e-1
      vertex -1.799476e+1 4.290947e+0 6.000000e-1
    endloop
  endfacet
  facet normal 0.000000e+0 0.000000e+0 1.000000e+0
    outer loop
      vertex -1.799476e+1 4.290947e+0 6.000000e-1
      vertex -1.920667e+1 7.157524e+0 6.000000e-1
      vertex -1.938574e+1 7.016833e+0 6.000000e-1
    endloop
  endfacet
  facet normal 0.000000e+0 0.000000e+0 1.000000e+0
    outer loop
      vertex -1.799476e+1 4.290947e+0 6.000000e-1
      vertex -1.938574e+1 7.016833e+0 6.000000e-1
      vertex -1.954216e+1 6.851473e+0 6.000000e-1
    endloop
  endfacet
  facet normal 0.000000e+0 0.000000e+0 1.000000e+0
    outer loop
      vertex -1.954216e+1 6.851473e+0 6.000000e-1
      vertex -1.968468e+1 6.670984e+0 6.000000e-1
      vertex -1.799476e+1 4.290947e+0 6.000000e-1
    endloop
  endfacet
  facet normal 7.745187e-16 5.499396e-16 1.000000e+0
    outer loop
      vertex -1.799476e+1 4.290947e+0 6.000000e-1
      vertex -1.968468e+1 6.670984e+0 6.000000e-1
      vertex -1.981612e+1 6.452345e+0 6.000000e-1
    endloop
  endfacet
  facet normal -6.420389e-16 -6.437654e-16 1.000000e+0
    outer loop
      vertex -1.799476e+1 4.290947e+0 6.000000e-1
      vertex -1.981612e+1 6.452345e+0 6.000000e-1
      vertex -1.993775e+1 6.228727e+0 6.000000e-1
    endloop
  endfacet
  facet normal 3.281402e-16 3.290226e-16 1.000000e+0
    outer loop
      vertex -1.993775e+1 6.228727e+0 6.000000e-1
      vertex -2.004411e+1 5.997370e+0 6.000000e-1
      vertex -1.799476e+1 4.290947e+0 6.000000e-1
    endloop
  endfacet
  facet normal -2.512567e-16 -3.668112e-16 1.000000e+0
    outer loop
      vertex -1.799476e+1 4.290947e+0 6.000000e-1
      vertex -2.004411e+1 5.997370e+0 6.000000e-1
      vertex -2.014181e+1 5.761623e+0 6.000000e-1
    endloop
  endfacet
  facet normal 0.000000e+0 0.000000e+0 1.000000e+0
    outer loop
      vertex -1.799476e+1 4.290947e+0 6.000000e-1
      vertex -2.014181e+1 5.761623e+0 6.000000e-1
      vertex -2.023034e+1 5.533649e+0 6.000000e-1
    endloop
  endfacet
  facet normal 0.000000e+0 0.000000e+0 1.000000e+0
    outer loop
      vertex -2.023034e+1 5.533649e+0 6.000000e-1
      vertex -2.031884e+1 5.305665e+0 6.000000e-1
      vertex -1.799476e+1 4.290947e+0 6.000000e-1
    endloop
  endfacet
  facet normal 0.000000e+0 0.000000e+0 1.000000e+0
    outer loop
      vertex -1.799476e+1 4.290947e+0 6.000000e-1
      vertex -2.031884e+1 5.305665e+0 6.000000e-1
      vertex -2.040731e+1 5.077664e+0 6.000000e-1
    endloop
  endfacet
  facet normal 0.000000e+0 0.000000e+0 1.000000e+0
    outer loop
      vertex -1.799476e+1 4.290947e+0 6.000000e-1
      vertex -2.040731e+1 5.077664e+0 6.000000e-1
      vertex -2.049574e+1 4.849652e+0 6.000000e-1
    endloop
  endfacet
  facet normal 0.000000e+0 0.000000e+0 1.000000e+0
    outer loop
      vertex -1.799476e+1 4.290947e+0 6.000000e-1
      vertex -2.049574e+1 4.849652e+0 6.000000e-1
      vertex -1.977460e+1 -8.767624e-1 6.000000e-1
    endloop
  endfacet
  facet normal 0.000000e+0 0.000000e+0 1.000000e+0
    outer loop
      vertex -1.977460e+1 -8.767624e-1 6.000000e-1
      vertex -2.049574e+1 4.849652e+0 6.000000e-1
      vertex -2.390259e+1 -3.861698e+0 6.000000e-1
    endloop
  endfacet
  facet normal 0.000000e+0 0.000000e+0 1.000000e+0
    outer loop
      vertex -1.977460e+1 -8.767624e-1 6.000000e-1
      vertex -2.390259e+1 -3.861698e+0 6.000000e-1
      vertex -2.054163e+1 -3.283250e+0 6.000000e-1
    endloop
  endfacet
  facet normal 0.000000e+0 0.000000e+0 1.000000e+0
    outer loop
      vertex -2.054163e+1 -3.283250e+0 6.000000e-1
      vertex -2.390259e+1 -3.861698e+0 6.000000e-1
      vertex -2.113319e+1 -4.884694e+0 6.000000e-1
    endloop
  endfacet
  facet normal 0.000000e+0 0.000000e+0 1.000000e+0
    outer loop
      vertex -2.113319e+1 -4.884694e+0 6.000000e-1
      vertex -2.390259e+1 -3.861698e+0 6.000000e-1
      vertex -2.127364e+1 -5.257697e+0 6.000000e-1
    endloop
  endfacet
  facet normal 2.335344e-16 4.397928e-16 1.000000e+0
    outer loop
      vertex -2.127364e+1 -5.257697e+0 6.000000e-1
      vertex -2.390259e+1 -3.861698e+0 6.000000e-1
      vertex -2.398531e+1 -4.070216e+0 6.000000e-1
    endloop
  endfacet
  facet normal 3.453948e-17 -1.462143e-17 1.000000e+0
    outer loop
      vertex -2.127364e+1 -5.257697e+0 6.000000e-1
      vertex -2.398531e+1 -4.070216e+0 6.000000e-1
      vertex -2.142855e+1 -5.623615e+0 6.000000e-1
    endloop
  endfacet
  facet normal -2.260565e-16 -4.435411e-16 1.000000e+0
    outer loop
      vertex -2.142855e+1 -5.623615e+0 6.000000e-1
      vertex -2.398531e+1 -4.070216e+0 6.000000e-1
      vertex -2.406549e+1 -4.279664e+0 6.000000e-1
    endloop
  endfacet
  facet normal 0.000000e+0 0.000000e+0 1.000000e+0
    outer loop
      vertex -2.142855e+1 -5.623615e+0 6.000000e-1
      vertex -2.406549e+1 -4.279664e+0 6.000000e-1
      vertex -2.414089e+1 -4.490853e+0 6.000000e-1
    endloop
  endfacet
  facet normal 0.000000e+0 0.000000e+0 1.000000e+0
    outer loop
      vertex -2.421285e+1 -4.703303e+0 6.000000e-1
      vertex -2.310562e+1 -6.684176e+0 6.000000e-1
      vertex -2.414089e+1 -4.490853e+0 6.000000e-1
    endloop
  endfacet
  facet normal 0.000000e+0 0.000000e+0 1.000000e+0
    outer loop
      vertex -2.414089e+1 -4.490853e+0 6.000000e-1
      vertex -2.310562e+1 -6.684176e+0 6.000000e-1
      vertex -2.281697e+1 -6.718359e+0 6.000000e-1
    endloop
  endfacet
  facet normal 0.000000e+0 0.000000e+0 1.000000e+0
    outer loop
      vertex -2.414089e+1 -4.490853e+0 6.000000e-1
      vertex -2.281697e+1 -6.718359e+0 6.000000e-1
      vertex -2.161095e+1 -5.976045e+0 6.000000e-1
    endloop
  endfacet
  facet normal 0.000000e+0 0.000000e+0 1.000000e+0
    outer loop
      vertex -2.161095e+1 -5.976045e+0 6.000000e-1
      vertex -2.281697e+1 -6.718359e+0 6.000000e-1
      vertex -2.253185e+1 -6.698879e+0 6.000000e-1
    endloop
  endfacet
  facet normal 0.000000e+0 0.000000e+0 1.000000e+0
    outer loop
      vertex -2.161095e+1 -5.976045e+0 6.000000e-1
      vertex -2.253185e+1 -6.698879e+0 6.000000e-1
      vertex -2.202859e+1 -6.503324e+0 6.000000e-1
    endloop
  endfacet
  facet normal 0.000000e+0 0.000000e+0 1.000000e+0
    outer loop
      vertex -2.202859e+1 -6.503324e+0 6.000000e-1
      vertex -2.253185e+1 -6.698879e+0 6.000000e-1
      vertex -2.214245e+1 -6.580180e+0 6.000000e-1
    endloop
  endfacet
  facet normal 0.000000e+0 0.000000e+0 1.000000e+0
    outer loop
      vertex -2.214245e+1 -6.580180e+0 6.000000e-1
      vertex -2.253185e+1 -6.698879e+0 6.000000e-1
      vertex -2.226431e+1 -6.638309e+0 6.000000e-1
    endloop
  endfacet
  facet normal 0.000000e+0 0.000000e+0 1.000000e+0
    outer loop
      vertex -2.425151e+1 -4.852613e+0 6.000000e-1
      vertex -2.362456e+1 -6.471810e+0 6.000000e-1
      vertex -2.421285e+1 -4.703303e+0 6.000000e-1
    endloop
  endfacet
  facet normal 0.000000e+0 0.000000e+0 1.000000e+0
    outer loop
      vertex -2.421285e+1 -4.703303e+0 6.000000e-1
      vertex -2.362456e+1 -6.471810e+0 6.000000e-1
      vertex -2.337827e+1 -6.610499e+0 6.000000e-1
    endloop
  endfacet
  facet normal 0.000000e+0 0.000000e+0 1.000000e+0
    outer loop
      vertex -2.421285e+1 -4.703303e+0 6.000000e-1
      vertex -2.337827e+1 -6.610499e+0 6.000000e-1
      vertex -2.310562e+1 -6.684176e+0 6.000000e-1
    endloop
  endfacet
  facet normal 0.000000e+0 0.000000e+0 1.000000e+0
    outer loop
      vertex -2.362456e+1 -6.471810e+0 6.000000e-1
      vertex -2.425151e+1 -4.852613e+0 6.000000e-1
      vertex -2.385522e+1 -6.294575e+0 6.000000e-1
    endloop
  endfacet
  facet normal 0.000000e+0 0.000000e+0 1.000000e+0
    outer loop
      vertex -2.385522e+1 -6.294575e+0 6.000000e-1
      vertex -2.425151e+1 -4.852613e+0 6.000000e-1
      vertex -2.428148e+1 -5.003226e+0 6.000000e-1
    endloop
  endfacet
  facet normal 0.000000e+0 0.000000e+0 1.000000e+0
    outer loop
      vertex -2.385522e+1 -6.294575e+0 6.000000e-1
      vertex -2.428148e+1 -5.003226e+0 6.000000e-1
      vertex -2.429700e+1 -5.156009e+0 6.000000e-1
    endloop
  endfacet
  facet normal 0.000000e+0 0.000000e+0 1.000000e+0
    outer loop
      vertex -2.385522e+1 -6.294575e+0 6.000000e-1
      vertex -2.429700e+1 -5.156009e+0 6.000000e-1
      vertex -2.403929e+1 -6.080708e+0 6.000000e-1
    endloop
  endfacet
  facet normal 0.000000e+0 0.000000e+0 1.000000e+0
    outer loop
      vertex -2.403929e+1 -6.080708e+0 6.000000e-1
      vertex -2.429700e+1 -5.156009e+0 6.000000e-1
      vertex -2.430385e+1 -5.310092e+0 6.000000e-1
    endloop
  endfacet
  facet normal 0.000000e+0 0.000000e+0 1.000000e+0
    outer loop
      vertex -2.403929e+1 -6.080708e+0 6.000000e-1
      vertex -2.430385e+1 -5.310092e+0 6.000000e-1
      vertex -2.426469e+1 -5.588959e+0 6.000000e-1
    endloop
  endfacet
  facet normal 0.000000e+0 0.000000e+0 1.000000e+0
    outer loop
      vertex -2.426469e+1 -5.588959e+0 6.000000e-1
      vertex -2.418489e+1 -5.849592e+0 6.000000e-1
      vertex -2.403929e+1 -6.080708e+0 6.000000e-1
    endloop
  endfacet
  facet normal 0.000000e+0 0.000000e+0 1.000000e+0
    outer loop
      vertex -2.202859e+1 -6.503324e+0 6.000000e-1
      vertex -2.181433e+1 -6.318193e+0 6.000000e-1
      vertex -2.161095e+1 -5.976045e+0 6.000000e-1
    endloop
  endfacet
  facet normal 0.000000e+0 0.000000e+0 1.000000e+0
    outer loop
      vertex -2.161095e+1 -5.976045e+0 6.000000e-1
      vertex -2.142855e+1 -5.623615e+0 6.000000e-1
      vertex -2.414089e+1 -4.490853e+0 6.000000e-1
    endloop
  endfacet
  facet normal 0.000000e+0 0.000000e+0 1.000000e+0
    outer loop
      vertex -1.977460e+1 -8.767624e-1 6.000000e-1
      vertex -2.054163e+1 -3.283250e+0 6.000000e-1
      vertex -1.615533e+1 -8.687974e-1 6.000000e-1
    endloop
  endfacet
  facet normal 0.000000e+0 0.000000e+0 1.000000e+0
    outer loop
      vertex -1.615533e+1 -8.687974e-1 6.000000e-1
      vertex -2.054163e+1 -3.283250e+0 6.000000e-1
      vertex -1.536199e+1 -3.271851e+0 6.000000e-1
    endloop
  endfacet
  facet normal 0.000000e+0 0.000000e+0 -1.000000e+0
    outer loop
      vertex -1.437803e+1 -5.717136e+0 4.000000e-1
      vertex -1.445578e+1 -5.541396e+0 4.000000e-1
      vertex -1.177651e+1 -4.124007e+0 4.000000e-1
    endloop
  endfacet
  facet normal 0.000000e+0 0.000000e+0 -1.000000e+0
    outer loop
      vertex -1.177651e+1 -4.124007e+0 4.000000e-1
      vertex -1.445578e+1 -5.541396e+0 4.000000e-1
      vertex -1.452363e+1 -5.382356e+0 4.000000e-1
    endloop
  endfacet
  facet normal 0.000000e+0 0.000000e+0 -1.000000e+0
    outer loop
      vertex -1.177651e+1 -4.124007e+0 4.000000e-1
      vertex -1.452363e+1 -5.382356e+0 4.000000e-1
      vertex -1.192674e+1 -3.759319e+0 4.000000e-1
    endloop
  endfacet
  facet normal 0.000000e+0 0.000000e+0 -1.000000e+0
    outer loop
      vertex -1.192674e+1 -3.759319e+0 4.000000e-1
      vertex -1.452363e+1 -5.382356e+0 4.000000e-1
      vertex -1.459251e+1 -5.223775e+0 4.000000e-1
    endloop
  endfacet
  facet normal 0.000000e+0 0.000000e+0 -1.000000e+0
    outer loop
      vertex -1.192674e+1 -3.759319e+0 4.000000e-1
      vertex -1.459251e+1 -5.223775e+0 4.000000e-1
      vertex -1.466338e+1 -5.066075e+0 4.000000e-1
    endloop
  endfacet
  facet normal 0.000000e+0 0.000000e+0 -1.000000e+0
    outer loop
      vertex -1.466338e+1 -5.066075e+0 4.000000e-1
      vertex -1.473578e+1 -4.909062e+0 4.000000e-1
      vertex -1.192674e+1 -3.759319e+0 4.000000e-1
    endloop
  endfacet
  facet normal 0.000000e+0 0.000000e+0 -1.000000e+0
    outer loop
      vertex -1.192674e+1 -3.759319e+0 4.000000e-1
      vertex -1.473578e+1 -4.909062e+0 4.000000e-1
      vertex -1.536199e+1 -3.271851e+0 4.000000e-1
    endloop
  endfacet
  facet normal 0.000000e+0 0.000000e+0 -1.000000e+0
    outer loop
      vertex -1.192674e+1 -3.759319e+0 4.000000e-1
      vertex -1.536199e+1 -3.271851e+0 4.000000e-1
      vertex -1.615533e+1 -8.687974e-1 4.000000e-1
    endloop
  endfacet
  facet normal 0.000000e+0 0.000000e+0 -1.000000e+0
    outer loop
      vertex -1.615533e+1 -8.687974e-1 4.000000e-1
      vertex -1.536199e+1 -3.271851e+0 4.000000e-1
      vertex -2.054163e+1 -3.283250e+0 4.000000e-1
    endloop
  endfacet
  facet normal 0.000000e+0 0.000000e+0 -1.000000e+0
    outer loop
      vertex -1.615533e+1 -8.687974e-1 4.000000e-1
      vertex -2.054163e+1 -3.283250e+0 4.000000e-1
      vertex -1.977460e+1 -8.767624e-1 4.000000e-1
    endloop
  endfacet
  facet normal 0.000000e+0 0.000000e+0 -1.000000e+0
    outer loop
      vertex -1.977460e+1 -8.767624e-1 4.000000e-1
      vertex -2.054163e+1 -3.283250e+0 4.000000e-1
      vertex -2.390259e+1 -3.861698e+0 4.000000e-1
    endloop
  endfacet
  facet normal 0.000000e+0 0.000000e+0 -1.000000e+0
    outer loop
      vertex -1.977460e+1 -8.767624e-1 4.000000e-1
      vertex -2.390259e+1 -3.861698e+0 4.000000e-1
      vertex -2.049574e+1 4.849652e+0 4.000000e-1
    endloop
  endfacet
  facet normal 0.000000e+0 0.000000e+0 -1.000000e+0
    outer loop
      vertex -2.054163e+1 -3.283250e+0 4.000000e-1
      vertex -2.113319e+1 -4.884694e+0 4.000000e-1
      vertex -2.390259e+1 -3.861698e+0 4.000000e-1
    endloop
  endfacet
  facet normal 0.000000e+0 0.000000e+0 -1.000000e+0
    outer loop
      vertex -2.390259e+1 -3.861698e+0 4.000000e-1
      vertex -2.113319e+1 -4.884694e+0 4.000000e-1
      vertex -2.127364e+1 -5.257697e+0 4.000000e-1
    endloop
  endfacet
  facet normal 0.000000e+0 0.000000e+0 -1.000000e+0
    outer loop
      vertex -2.390259e+1 -3.861698e+0 4.000000e-1
      vertex -2.127364e+1 -5.257697e+0 4.000000e-1
      vertex -2.398531e+1 -4.070216e+0 4.000000e-1
    endloop
  endfacet
  facet normal 0.000000e+0 0.000000e+0 -1.000000e+0
    outer loop
      vertex -2.398531e+1 -4.070216e+0 4.000000e-1
      vertex -2.127364e+1 -5.257697e+0 4.000000e-1
      vertex -2.142855e+1 -5.623615e+0 4.000000e-1
    endloop
  endfacet
  facet normal 0.000000e+0 0.000000e+0 -1.000000e+0
    outer loop
      vertex -2.398531e+1 -4.070216e+0 4.000000e-1
      vertex -2.142855e+1 -5.623615e+0 4.000000e-1
      vertex -2.406549e+1 -4.279664e+0 4.000000e-1
    endloop
  endfacet
  facet normal 0.000000e+0 0.000000e+0 -1.000000e+0
    outer loop
      vertex -2.406549e+1 -4.279664e+0 4.000000e-1
      vertex -2.142855e+1 -5.623615e+0 4.000000e-1
      vertex -2.414089e+1 -4.490853e+0 4.000000e-1
    endloop
  endfacet
  facet normal 0.000000e+0 0.000000e+0 -1.000000e+0
    outer loop
      vertex -2.414089e+1 -4.490853e+0 4.000000e-1
      vertex -2.142855e+1 -5.623615e+0 4.000000e-1
      vertex -2.161095e+1 -5.976045e+0 4.000000e-1
    endloop
  endfacet
  facet normal 0.000000e+0 0.000000e+0 -1.000000e+0
    outer loop
      vertex -2.414089e+1 -4.490853e+0 4.000000e-1
      vertex -2.161095e+1 -5.976045e+0 4.000000e-1
      vertex -2.281697e+1 -6.718359e+0 4.000000e-1
    endloop
  endfacet
  facet normal 0.000000e+0 0.000000e+0 -1.000000e+0
    outer loop
      vertex -2.281697e+1 -6.718359e+0 4.000000e-1
      vertex -2.161095e+1 -5.976045e+0 4.000000e-1
      vertex -2.253185e+1 -6.698879e+0 4.000000e-1
    endloop
  endfacet
  facet normal 0.000000e+0 0.000000e+0 -1.000000e+0
    outer loop
      vertex -2.253185e+1 -6.698879e+0 4.000000e-1
      vertex -2.161095e+1 -5.976045e+0 4.000000e-1
      vertex -2.202859e+1 -6.503324e+0 4.000000e-1
    endloop
  endfacet
  facet normal 0.000000e+0 0.000000e+0 -1.000000e+0
    outer loop
      vertex -2.253185e+1 -6.698879e+0 4.000000e-1
      vertex -2.202859e+1 -6.503324e+0 4.000000e-1
      vertex -2.214245e+1 -6.580180e+0 4.000000e-1
    endloop
  endfacet
  facet normal 0.000000e+0 0.000000e+0 -1.000000e+0
    outer loop
      vertex -2.161095e+1 -5.976045e+0 4.000000e-1
      vertex -2.181433e+1 -6.318193e+0 4.000000e-1
      vertex -2.202859e+1 -6.503324e+0 4.000000e-1
    endloop
  endfacet
  facet normal 0.000000e+0 0.000000e+0 -1.000000e+0
    outer loop
      vertex -2.214245e+1 -6.580180e+0 4.000000e-1
      vertex -2.226431e+1 -6.638309e+0 4.000000e-1
      vertex -2.253185e+1 -6.698879e+0 4.000000e-1
    endloop
  endfacet
  facet normal 0.000000e+0 0.000000e+0 -1.000000e+0
    outer loop
      vertex -2.281697e+1 -6.718359e+0 4.000000e-1
      vertex -2.310562e+1 -6.684176e+0 4.000000e-1
      vertex -2.414089e+1 -4.490853e+0 4.000000e-1
    endloop
  endfacet
  facet normal 0.000000e+0 0.000000e+0 -1.000000e+0
    outer loop
      vertex -2.414089e+1 -4.490853e+0 4.000000e-1
      vertex -2.310562e+1 -6.684176e+0 4.000000e-1
      vertex -2.421285e+1 -4.703303e+0 4.000000e-1
    endloop
  endfacet
  facet normal 0.000000e+0 0.000000e+0 -1.000000e+0
    outer loop
      vertex -2.421285e+1 -4.703303e+0 4.000000e-1
      vertex -2.310562e+1 -6.684176e+0 4.000000e-1
      vertex -2.337827e+1 -6.610499e+0 4.000000e-1
    endloop
  endfacet
  facet normal 0.000000e+0 0.000000e+0 -1.000000e+0
    outer loop
      vertex -2.421285e+1 -4.703303e+0 4.000000e-1
      vertex -2.337827e+1 -6.610499e+0 4.000000e-1
      vertex -2.362456e+1 -6.471810e+0 4.000000e-1
    endloop
  endfacet
  facet normal 0.000000e+0 0.000000e+0 -1.000000e+0
    outer loop
      vertex -2.421285e+1 -4.703303e+0 4.000000e-1
      vertex -2.362456e+1 -6.471810e+0 4.000000e-1
      vertex -2.425151e+1 -4.852613e+0 4.000000e-1
    endloop
  endfacet
  facet normal 0.000000e+0 0.000000e+0 -1.000000e+0
    outer loop
      vertex -2.425151e+1 -4.852613e+0 4.000000e-1
      vertex -2.362456e+1 -6.471810e+0 4.000000e-1
      vertex -2.385522e+1 -6.294575e+0 4.000000e-1
    endloop
  endfacet
  facet normal -7.778156e-16 -2.137625e-16 -1.000000e+0
    outer loop
      vertex -2.425151e+1 -4.852613e+0 4.000000e-1
      vertex -2.385522e+1 -6.294575e+0 4.000000e-1
      vertex -2.428148e+1 -5.003226e+0 4.000000e-1
    endloop
  endfacet
  facet normal 7.421601e-16 2.879668e-16 -1.000000e+0
    outer loop
      vertex -2.428148e+1 -5.003226e+0 4.000000e-1
      vertex -2.385522e+1 -6.294575e+0 4.000000e-1
      vertex -2.429700e+1 -5.156009e+0 4.000000e-1
    endloop
  endfacet
  facet normal 0.000000e+0 0.000000e+0 -1.000000e+0
    outer loop
      vertex -2.429700e+1 -5.156009e+0 4.000000e-1
      vertex -2.385522e+1 -6.294575e+0 4.000000e-1
      vertex -2.403929e+1 -6.080708e+0 4.000000e-1
    endloop
  endfacet
  facet normal 0.000000e+0 0.000000e+0 -1.000000e+0
    outer loop
      vertex -2.429700e+1 -5.156009e+0 4.000000e-1
      vertex -2.403929e+1 -6.080708e+0 4.000000e-1
      vertex -2.430385e+1 -5.310092e+0 4.000000e-1
    endloop
  endfacet
  facet normal 0.000000e+0 0.000000e+0 -1.000000e+0
    outer loop
      vertex -2.430385e+1 -5.310092e+0 4.000000e-1
      vertex -2.403929e+1 -6.080708e+0 4.000000e-1
      vertex -2.426469e+1 -5.588959e+0 4.000000e-1
    endloop
  endfacet
  facet normal 0.000000e+0 0.000000e+0 -1.000000e+0
    outer loop
      vertex -2.426469e+1 -5.588959e+0 4.000000e-1
      vertex -2.403929e+1 -6.080708e+0 4.000000e-1
      vertex -2.418489e+1 -5.849592e+0 4.000000e-1
    endloop
  endfacet
  facet normal 0.000000e+0 0.000000e+0 -1.000000e+0
    outer loop
      vertex -1.977460e+1 -8.767624e-1 4.000000e-1
      vertex -2.049574e+1 4.849652e+0 4.000000e-1
      vertex -1.799476e+1 4.290947e+0 4.000000e-1
    endloop
  endfacet
  facet normal 0.000000e+0 0.000000e+0 -1.000000e+0
    outer loop
      vertex -1.799476e+1 4.290947e+0 4.000000e-1
      vertex -2.049574e+1 4.849652e+0 4.000000e-1
      vertex -2.040731e+1 5.077664e+0 4.000000e-1
    endloop
  endfacet
  facet normal 0.000000e+0 0.000000e+0 -1.000000e+0
    outer loop
      vertex -1.799476e+1 4.290947e+0 4.000000e-1
      vertex -2.040731e+1 5.077664e+0 4.000000e-1
      vertex -2.031884e+1 5.305665e+0 4.000000e-1
    endloop
  endfacet
  facet normal 0.000000e+0 0.000000e+0 -1.000000e+0
    outer loop
      vertex -2.031884e+1 5.305665e+0 4.000000e-1
      vertex -2.023034e+1 5.533649e+0 4.000000e-1
      vertex -1.799476e+1 4.290947e+0 4.000000e-1
    endloop
  endfacet
  facet normal 0.000000e+0 0.000000e+0 -1.000000e+0
    outer loop
      vertex -1.799476e+1 4.290947e+0 4.000000e-1
      vertex -2.023034e+1 5.533649e+0 4.000000e-1
      vertex -2.014181e+1 5.761623e+0 4.000000e-1
    endloop
  endfacet
  facet normal 0.000000e+0 0.000000e+0 -1.000000e+0
    outer loop
      vertex -1.799476e+1 4.290947e+0 4.000000e-1
      vertex -2.014181e+1 5.761623e+0 4.000000e-1
      vertex -2.004411e+1 5.997370e+0 4.000000e-1
    endloop
  endfacet
  facet normal 0.000000e+0 0.000000e+0 -1.000000e+0
    outer loop
      vertex -2.004411e+1 5.997370e+0 4.000000e-1
      vertex -1.993775e+1 6.228727e+0 4.000000e-1
      vertex -1.799476e+1 4.290947e+0 4.000000e-1
    endloop
  endfacet
  facet normal 0.000000e+0 0.000000e+0 -1.000000e+0
    outer loop
      vertex -1.799476e+1 4.290947e+0 4.000000e-1
      vertex -1.993775e+1 6.228727e+0 4.000000e-1
      vertex -1.981612e+1 6.452345e+0 4.000000e-1
    endloop
  endfacet
  facet normal 0.000000e+0 0.000000e+0 -1.000000e+0
    outer loop
      vertex -1.799476e+1 4.290947e+0 4.000000e-1
      vertex -1.981612e+1 6.452345e+0 4.000000e-1
      vertex -1.968468e+1 6.670984e+0 4.000000e-1
    endloop
  endfacet
  facet normal 0.000000e+0 0.000000e+0 -1.000000e+0
    outer loop
      vertex -1.968468e+1 6.670984e+0 4.000000e-1
      vertex -1.954216e+1 6.851473e+0 4.000000e-1
      vertex -1.799476e+1 4.290947e+0 4.000000e-1
    endloop
  endfacet
  facet normal 0.000000e+0 0.000000e+0 -1.000000e+0
    outer loop
      vertex -1.799476e+1 4.290947e+0 4.000000e-1
      vertex -1.954216e+1 6.851473e+0 4.000000e-1
      vertex -1.938574e+1 7.016833e+0 4.000000e-1
    endloop
  endfacet
  facet normal 0.000000e+0 0.000000e+0 -1.000000e+0
    outer loop
      vertex -1.799476e+1 4.290947e+0 4.000000e-1
      vertex -1.938574e+1 7.016833e+0 4.000000e-1
      vertex -1.920667e+1 7.157524e+0 4.000000e-1
    endloop
  endfacet
  facet normal 0.000000e+0 0.000000e+0 -1.000000e+0
    outer loop
      vertex -1.920667e+1 7.157524e+0 4.000000e-1
      vertex -1.901427e+1 7.283707e+0 4.000000e-1
      vertex -1.799476e+1 4.290947e+0 4.000000e-1
    endloop
  endfacet
  facet normal 0.000000e+0 0.000000e+0 -1.000000e+0
    outer loop
      vertex -1.799476e+1 4.290947e+0 4.000000e-1
      vertex -1.901427e+1 7.283707e+0 4.000000e-1
      vertex -1.876907e+1 7.390800e+0 4.000000e-1
    endloop
  endfacet
  facet normal 0.000000e+0 0.000000e+0 -1.000000e+0
    outer loop
      vertex -1.799476e+1 4.290947e+0 4.000000e-1
      vertex -1.876907e+1 7.390800e+0 4.000000e-1
      vertex -1.851740e+1 7.471298e+0 4.000000e-1
    endloop
  endfacet
  facet normal 0.000000e+0 0.000000e+0 -1.000000e+0
    outer loop
      vertex -1.851740e+1 7.471298e+0 4.000000e-1
      vertex -1.825561e+1 7.510172e+0 4.000000e-1
      vertex -1.799476e+1 4.290947e+0 4.000000e-1
    endloop
  endfacet
  facet normal 0.000000e+0 0.000000e+0 -1.000000e+0
    outer loop
      vertex -1.799476e+1 4.290947e+0 4.000000e-1
      vertex -1.825561e+1 7.510172e+0 4.000000e-1
      vertex -1.798804e+1 7.525324e+0 4.000000e-1
    endloop
  endfacet
  facet normal 0.000000e+0 0.000000e+0 -1.000000e+0
    outer loop
      vertex -1.799476e+1 4.290947e+0 4.000000e-1
      vertex -1.798804e+1 7.525324e+0 4.000000e-1
      vertex -1.771743e+1 7.511582e+0 4.000000e-1
    endloop
  endfacet
  facet normal 0.000000e+0 0.000000e+0 -1.000000e+0
    outer loop
      vertex -1.771743e+1 7.511582e+0 4.000000e-1
      vertex -1.745248e+1 7.473936e+0 4.000000e-1
      vertex -1.799476e+1 4.290947e+0 4.000000e-1
    endloop
  endfacet
  facet normal 0.000000e+0 0.000000e+0 -1.000000e+0
    outer loop
      vertex -1.799476e+1 4.290947e+0 4.000000e-1
      vertex -1.745248e+1 7.473936e+0 4.000000e-1
      vertex -1.719752e+1 7.394227e+0 4.000000e-1
    endloop
  endfacet
  facet normal 0.000000e+0 0.000000e+0 -1.000000e+0
    outer loop
      vertex -1.799476e+1 4.290947e+0 4.000000e-1
      vertex -1.719752e+1 7.394227e+0 4.000000e-1
      vertex -1.694896e+1 7.287524e+0 4.000000e-1
    endloop
  endfacet
  facet normal 0.000000e+0 0.000000e+0 -1.000000e+0
    outer loop
      vertex -1.694896e+1 7.287524e+0 4.000000e-1
      vertex -1.675579e+1 7.162734e+0 4.000000e-1
      vertex -1.799476e+1 4.290947e+0 4.000000e-1
    endloop
  endfacet
  facet normal -2.309399e-16 9.963361e-17 -1.000000e+0
    outer loop
      vertex -1.799476e+1 4.290947e+0 4.000000e-1
      vertex -1.675579e+1 7.162734e+0 4.000000e-1
      vertex -1.657539e+1 7.023726e+0 4.000000e-1
    endloop
  endfacet
  facet normal 2.144244e-16 -1.316819e-16 -1.000000e+0
    outer loop
      vertex -1.799476e+1 4.290947e+0 4.000000e-1
      vertex -1.657539e+1 7.023726e+0 4.000000e-1
      vertex -1.641676e+1 6.860488e+0 4.000000e-1
    endloop
  endfacet
  facet normal 0.000000e+0 0.000000e+0 -1.000000e+0
    outer loop
      vertex -1.641676e+1 6.860488e+0 4.000000e-1
      vertex -1.627150e+1 6.682354e+0 4.000000e-1
      vertex -1.799476e+1 4.290947e+0 4.000000e-1
    endloop
  endfacet
  facet normal 0.000000e+0 0.000000e+0 -1.000000e+0
    outer loop
      vertex -1.799476e+1 4.290947e+0 4.000000e-1
      vertex -1.627150e+1 6.682354e+0 4.000000e-1
      vertex -1.615793e+1 6.508474e+0 4.000000e-1
    endloop
  endfacet
  facet normal 0.000000e+0 0.000000e+0 -1.000000e+0
    outer loop
      vertex -1.799476e+1 4.290947e+0 4.000000e-1
      vertex -1.615793e+1 6.508474e+0 4.000000e-1
      vertex -1.605137e+1 6.330731e+0 4.000000e-1
    endloop
  endfacet
  facet normal 0.000000e+0 0.000000e+0 -1.000000e+0
    outer loop
      vertex -1.605137e+1 6.330731e+0 4.000000e-1
      vertex -1.595685e+1 6.146339e+0 4.000000e-1
      vertex -1.799476e+1 4.290947e+0 4.000000e-1
    endloop
  endfacet
  facet normal 0.000000e+0 0.000000e+0 -1.000000e+0
    outer loop
      vertex -1.799476e+1 4.290947e+0 4.000000e-1
      vertex -1.595685e+1 6.146339e+0 4.000000e-1
      vertex -1.586983e+1 5.957808e+0 4.000000e-1
    endloop
  endfacet
  facet normal 0.000000e+0 0.000000e+0 -1.000000e+0
    outer loop
      vertex -1.799476e+1 4.290947e+0 4.000000e-1
      vertex -1.586983e+1 5.957808e+0 4.000000e-1
      vertex -1.577040e+1 5.712010e+0 4.000000e-1
    endloop
  endfacet
  facet normal 0.000000e+0 0.000000e+0 -1.000000e+0
    outer loop
      vertex -1.577040e+1 5.712010e+0 4.000000e-1
      vertex -1.567233e+1 5.465677e+0 4.000000e-1
      vertex -1.799476e+1 4.290947e+0 4.000000e-1
    endloop
  endfacet
  facet normal 0.000000e+0 0.000000e+0 -1.000000e+0
    outer loop
      vertex -1.799476e+1 4.290947e+0 4.000000e-1
      vertex -1.567233e+1 5.465677e+0 4.000000e-1
      vertex -1.557617e+1 5.218585e+0 4.000000e-1
    endloop
  endfacet
  facet normal 0.000000e+0 0.000000e+0 -1.000000e+0
    outer loop
      vertex -1.799476e+1 4.290947e+0 4.000000e-1
      vertex -1.557617e+1 5.218585e+0 4.000000e-1
      vertex -1.548106e+1 4.971082e+0 4.000000e-1
    endloop
  endfacet
  facet normal 0.000000e+0 0.000000e+0 -1.000000e+0
    outer loop
      vertex -1.799476e+1 4.290947e+0 4.000000e-1
      vertex -1.548106e+1 4.971082e+0 4.000000e-1
      vertex -1.615533e+1 -8.687974e-1 4.000000e-1
    endloop
  endfacet
  facet normal 0.000000e+0 0.000000e+0 -1.000000e+0
    outer loop
      vertex -1.615533e+1 -8.687974e-1 4.000000e-1
      vertex -1.548106e+1 4.971082e+0 4.000000e-1
      vertex -1.192674e+1 -3.759319e+0 4.000000e-1
    endloop
  endfacet
  facet normal 0.000000e+0 0.000000e+0 -1.000000e+0
    outer loop
      vertex -1.177651e+1 -4.124007e+0 4.000000e-1
      vertex -1.164689e+1 -4.494190e+0 4.000000e-1
      vertex -1.437803e+1 -5.717136e+0 4.000000e-1
    endloop
  endfacet
  facet normal 0.000000e+0 0.000000e+0 -1.000000e+0
    outer loop
      vertex -1.437803e+1 -5.717136e+0 4.000000e-1
      vertex -1.164689e+1 -4.494190e+0 4.000000e-1
      vertex -1.429327e+1 -5.888962e+0 4.000000e-1
    endloop
  endfacet
  facet normal 0.000000e+0 0.000000e+0 -1.000000e+0
    outer loop
      vertex -1.429327e+1 -5.888962e+0 4.000000e-1
      vertex -1.164689e+1 -4.494190e+0 4.000000e-1
      vertex -1.419552e+1 -6.053542e+0 4.000000e-1
    endloop
  endfacet
  facet normal 0.000000e+0 0.000000e+0 -1.000000e+0
    outer loop
      vertex -1.419552e+1 -6.053542e+0 4.000000e-1
      vertex -1.164689e+1 -4.494190e+0 4.000000e-1
      vertex -1.155669e+1 -4.874880e+0 4.000000e-1
    endloop
  endfacet
  facet normal 0.000000e+0 0.000000e+0 -1.000000e+0
    outer loop
      vertex -1.419552e+1 -6.053542e+0 4.000000e-1
      vertex -1.155669e+1 -4.874880e+0 4.000000e-1
      vertex -1.217551e+1 -6.438805e+0 4.000000e-1
    endloop
  endfacet
  facet normal 0.000000e+0 0.000000e+0 -1.000000e+0
    outer loop
      vertex -1.217551e+1 -6.438805e+0 4.000000e-1
      vertex -1.155669e+1 -4.874880e+0 4.000000e-1
      vertex -1.193837e+1 -6.250582e+0 4.000000e-1
    endloop
  endfacet
  facet normal 0.000000e+0 0.000000e+0 -1.000000e+0
    outer loop
      vertex -1.193837e+1 -6.250582e+0 4.000000e-1
      vertex -1.155669e+1 -4.874880e+0 4.000000e-1
      vertex -1.175865e+1 -6.034189e+0 4.000000e-1
    endloop
  endfacet
  facet normal 5.418192e-16 -9.439008e-17 -1.000000e+0
    outer loop
      vertex -1.175865e+1 -6.034189e+0 4.000000e-1
      vertex -1.155669e+1 -4.874880e+0 4.000000e-1
      vertex -1.161570e+1 -5.801723e+0 4.000000e-1
    endloop
  endfacet
  facet normal -6.363905e-16 -1.937396e-17 -1.000000e+0
    outer loop
      vertex -1.161570e+1 -5.801723e+0 4.000000e-1
      vertex -1.155669e+1 -4.874880e+0 4.000000e-1
      vertex -1.153640e+1 -5.541436e+0 4.000000e-1
    endloop
  endfacet
  facet normal 0.000000e+0 0.000000e+0 -1.000000e+0
    outer loop
      vertex -1.153640e+1 -5.541436e+0 4.000000e-1
      vertex -1.155669e+1 -4.874880e+0 4.000000e-1
      vertex -1.149700e+1 -5.263704e+0 4.000000e-1
    endloop
  endfacet
  facet normal 0.000000e+0 0.000000e+0 -1.000000e+0
    outer loop
      vertex -1.243006e+1 -6.585127e+0 4.000000e-1
      vertex -1.271353e+1 -6.661797e+0 4.000000e-1
      vertex -1.217551e+1 -6.438805e+0 4.000000e-1
    endloop
  endfacet
  facet normal 0.000000e+0 0.000000e+0 -1.000000e+0
    outer loop
      vertex -1.217551e+1 -6.438805e+0 4.000000e-1
      vertex -1.271353e+1 -6.661797e+0 4.000000e-1
      vertex -1.301432e+1 -6.696786e+0 4.000000e-1
    endloop
  endfacet
  facet normal 0.000000e+0 0.000000e+0 -1.000000e+0
    outer loop
      vertex -1.217551e+1 -6.438805e+0 4.000000e-1
      vertex -1.301432e+1 -6.696786e+0 4.000000e-1
      vertex -1.317820e+1 -6.689092e+0 4.000000e-1
    endloop
  endfacet
  facet normal -2.270289e-16 9.095095e-16 -1.000000e+0
    outer loop
      vertex -1.317820e+1 -6.689092e+0 4.000000e-1
      vertex -1.333927e+1 -6.668265e+0 4.000000e-1
      vertex -1.217551e+1 -6.438805e+0 4.000000e-1
    endloop
  endfacet
  facet normal 1.185686e-16 -8.432697e-16 -1.000000e+0
    outer loop
      vertex -1.217551e+1 -6.438805e+0 4.000000e-1
      vertex -1.333927e+1 -6.668265e+0 4.000000e-1
      vertex -1.349542e+1 -6.624392e+0 4.000000e-1
    endloop
  endfacet
  facet normal 0.000000e+0 0.000000e+0 -1.000000e+0
    outer loop
      vertex -1.217551e+1 -6.438805e+0 4.000000e-1
      vertex -1.349542e+1 -6.624392e+0 4.000000e-1
      vertex -1.377196e+1 -6.494377e+0 4.000000e-1
    endloop
  endfacet
  facet normal 0.000000e+0 0.000000e+0 -1.000000e+0
    outer loop
      vertex -1.377196e+1 -6.494377e+0 4.000000e-1
      vertex -1.349542e+1 -6.624392e+0 4.000000e-1
      vertex -1.364843e+1 -6.565794e+0 4.000000e-1
    endloop
  endfacet
  facet normal 0.000000e+0 0.000000e+0 -1.000000e+0
    outer loop
      vertex -1.388820e+1 -6.413888e+0 4.000000e-1
      vertex -1.399214e+1 -6.318096e+0 4.000000e-1
      vertex -1.377196e+1 -6.494377e+0 4.000000e-1
    endloop
  endfacet
  facet normal 0.000000e+0 0.000000e+0 -1.000000e+0
    outer loop
      vertex -1.377196e+1 -6.494377e+0 4.000000e-1
      vertex -1.399214e+1 -6.318096e+0 4.000000e-1
      vertex -1.217551e+1 -6.438805e+0 4.000000e-1
    endloop
  endfacet
  facet normal 0.000000e+0 0.000000e+0 -1.000000e+0
    outer loop
      vertex -1.408860e+1 -6.213004e+0 4.000000e-1
      vertex -1.419552e+1 -6.053542e+0 4.000000e-1
      vertex -1.399214e+1 -6.318096e+0 4.000000e-1
    endloop
  endfacet
  facet normal 0.000000e+0 0.000000e+0 -1.000000e+0
    outer loop
      vertex -1.399214e+1 -6.318096e+0 4.000000e-1
      vertex -1.419552e+1 -6.053542e+0 4.000000e-1
      vertex -1.217551e+1 -6.438805e+0 4.000000e-1
    endloop
  endfacet
  facet normal -2.200742e-3 9.999976e-1 0.000000e+0
    outer loop
      vertex 2.784557e+1 3.692762e+0 4.000000e-1
      vertex 2.775775e+1 3.692568e+0 4.000000e-1
      vertex 2.784557e+1 3.692762e+0 6.000000e-1
    endloop
  endfacet
  facet normal -2.200742e-3 9.999976e-1 0.000000e+0
    outer loop
      vertex 2.784557e+1 3.692762e+0 6.000000e-1
      vertex 2.775775e+1 3.692568e+0 4.000000e-1
      vertex 2.775775e+1 3.692568e+0 6.000000e-1
    endloop
  endfacet
  facet normal -9.999976e-1 -2.200742e-3 0.000000e+0
    outer loop
      vertex 2.784268e+1 5.007880e+0 4.000000e-1
      vertex 2.784557e+1 3.692762e+0 4.000000e-1
      vertex 2.784268e+1 5.007880e+0 6.000000e-1
    endloop
  endfacet
  facet normal -9.999976e-1 -2.200742e-3 0.000000e+0
    outer loop
      vertex 2.784268e+1 5.007880e+0 6.000000e-1
      vertex 2.784557e+1 3.692762e+0 4.000000e-1
      vertex 2.784557e+1 3.692762e+0 6.000000e-1
    endloop
  endfacet
  facet normal -9.979827e-1 6.348690e-2 0.000000e+0
    outer loop
      vertex 2.787452e+1 5.993346e+0 4.000000e-1
      vertex 2.785886e+1 5.747250e+0 4.000000e-1
      vertex 2.787452e+1 5.993346e+0 6.000000e-1
    endloop
  endfacet
  facet normal -9.979827e-1 6.348690e-2 0.000000e+0
    outer loop
      vertex 2.787452e+1 5.993346e+0 6.000000e-1
      vertex 2.785886e+1 5.747250e+0 4.000000e-1
      vertex 2.785886e+1 5.747250e+0 6.000000e-1
    endloop
  endfacet
  facet normal -9.989998e-1 4.471497e-2 0.000000e+0
    outer loop
      vertex 2.785886e+1 5.747250e+0 6.000000e-1
      vertex 2.785886e+1 5.747250e+0 4.000000e-1
      vertex 2.784784e+1 5.500991e+0 4.000000e-1
    endloop
  endfacet
  facet normal -9.989998e-1 4.471497e-2 0.000000e+0
    outer loop
      vertex 2.785886e+1 5.747250e+0 6.000000e-1
      vertex 2.784784e+1 5.500991e+0 4.000000e-1
      vertex 2.784784e+1 5.500991e+0 6.000000e-1
    endloop
  endfacet
  facet normal -9.998419e-1 1.777950e-2 0.000000e+0
    outer loop
      vertex 2.784784e+1 5.500991e+0 6.000000e-1
      vertex 2.784784e+1 5.500991e+0 4.000000e-1
      vertex 2.784345e+1 5.254499e+0 4.000000e-1
    endloop
  endfacet
  facet normal -9.998419e-1 1.777950e-2 0.000000e+0
    outer loop
      vertex 2.784784e+1 5.500991e+0 6.000000e-1
      vertex 2.784345e+1 5.254499e+0 4.000000e-1
      vertex 2.784345e+1 5.254499e+0 6.000000e-1
    endloop
  endfacet
  facet normal -9.999950e-1 3.155418e-3 0.000000e+0
    outer loop
      vertex 2.784345e+1 5.254499e+0 6.000000e-1
      vertex 2.784345e+1 5.254499e+0 4.000000e-1
      vertex 2.784268e+1 5.007880e+0 4.000000e-1
    endloop
  endfacet
  facet normal -9.999950e-1 3.155418e-3 0.000000e+0
    outer loop
      vertex 2.784345e+1 5.254499e+0 6.000000e-1
      vertex 2.784268e+1 5.007880e+0 4.000000e-1
      vertex 2.784268e+1 5.007880e+0 6.000000e-1
    endloop
  endfacet
  facet normal -8.893989e-1 4.571318e-1 0.000000e+0
    outer loop
      vertex 2.811680e+1 6.715815e+0 4.000000e-1
      vertex 2.802867e+1 6.544340e+0 4.000000e-1
      vertex 2.811680e+1 6.715815e+0 6.000000e-1
    endloop
  endfacet
  facet normal -8.893989e-1 4.571318e-1 0.000000e+0
    outer loop
      vertex 2.811680e+1 6.715815e+0 6.000000e-1
      vertex 2.802867e+1 6.544340e+0 4.000000e-1
      vertex 2.802867e+1 6.544340e+0 6.000000e-1
    endloop
  endfacet
  facet normal -9.232080e-1 3.843006e-1 0.000000e+0
    outer loop
      vertex 2.802867e+1 6.544340e+0 6.000000e-1
      vertex 2.802867e+1 6.544340e+0 4.000000e-1
      vertex 2.795525e+1 6.367982e+0 4.000000e-1
    endloop
  endfacet
  facet normal -9.232080e-1 3.843006e-1 0.000000e+0
    outer loop
      vertex 2.802867e+1 6.544340e+0 6.000000e-1
      vertex 2.795525e+1 6.367982e+0 4.000000e-1
      vertex 2.795525e+1 6.367982e+0 6.000000e-1
    endloop
  endfacet
  facet normal -9.676318e-1 2.523665e-1 0.000000e+0
    outer loop
      vertex 2.795525e+1 6.367982e+0 6.000000e-1
      vertex 2.795525e+1 6.367982e+0 4.000000e-1
      vertex 2.790708e+1 6.183254e+0 4.000000e-1
    endloop
  endfacet
  facet normal -9.676318e-1 2.523665e-1 0.000000e+0
    outer loop
      vertex 2.795525e+1 6.367982e+0 6.000000e-1
      vertex 2.790708e+1 6.183254e+0 4.000000e-1
      vertex 2.790708e+1 6.183254e+0 6.000000e-1
    endloop
  endfacet
  facet normal -9.856191e-1 1.689822e-1 0.000000e+0
    outer loop
      vertex 2.790708e+1 6.183254e+0 6.000000e-1
      vertex 2.790708e+1 6.183254e+0 4.000000e-1
      vertex 2.787452e+1 5.993346e+0 4.000000e-1
    endloop
  endfacet
  facet normal -9.856191e-1 1.689822e-1 0.000000e+0
    outer loop
      vertex 2.790708e+1 6.183254e+0 6.000000e-1
      vertex 2.787452e+1 5.993346e+0 4.000000e-1
      vertex 2.787452e+1 5.993346e+0 6.000000e-1
    endloop
  endfacet
  facet normal -5.430233e-1 8.397176e-1 0.000000e+0
    outer loop
      vertex 2.855930e+1 7.125599e+0 4.000000e-1
      vertex 2.843050e+1 7.042309e+0 4.000000e-1
      vertex 2.855930e+1 7.125599e+0 6.000000e-1
    endloop
  endfacet
  facet normal -5.430233e-1 8.397176e-1 0.000000e+0
    outer loop
      vertex 2.855930e+1 7.125599e+0 6.000000e-1
      vertex 2.843050e+1 7.042309e+0 4.000000e-1
      vertex 2.843050e+1 7.042309e+0 6.000000e-1
    endloop
  endfacet
  facet normal -6.146862e-1 7.887718e-1 0.000000e+0
    outer loop
      vertex 2.843050e+1 7.042309e+0 6.000000e-1
      vertex 2.843050e+1 7.042309e+0 4.000000e-1
      vertex 2.831102e+1 6.949198e+0 4.000000e-1
    endloop
  endfacet
  facet normal -6.146862e-1 7.887718e-1 0.000000e+0
    outer loop
      vertex 2.843050e+1 7.042309e+0 6.000000e-1
      vertex 2.831102e+1 6.949198e+0 4.000000e-1
      vertex 2.831102e+1 6.949198e+0 6.000000e-1
    endloop
  endfacet
  facet normal -7.333829e-1 6.798158e-1 0.000000e+0
    outer loop
      vertex 2.831102e+1 6.949198e+0 6.000000e-1
      vertex 2.831102e+1 6.949198e+0 4.000000e-1
      vertex 2.820831e+1 6.838403e+0 4.000000e-1
    endloop
  endfacet
  facet normal -7.333829e-1 6.798158e-1 0.000000e+0
    outer loop
      vertex 2.831102e+1 6.949198e+0 6.000000e-1
      vertex 2.820831e+1 6.838403e+0 4.000000e-1
      vertex 2.820831e+1 6.838403e+0 6.000000e-1
    endloop
  endfacet
  facet normal -8.013349e-1 5.982160e-1 0.000000e+0
    outer loop
      vertex 2.820831e+1 6.838403e+0 6.000000e-1
      vertex 2.820831e+1 6.838403e+0 4.000000e-1
      vertex 2.811680e+1 6.715815e+0 4.000000e-1
    endloop
  endfacet
  facet normal -8.013349e-1 5.982160e-1 0.000000e+0
    outer loop
      vertex 2.820831e+1 6.838403e+0 6.000000e-1
      vertex 2.811680e+1 6.715815e+0 4.000000e-1
      vertex 2.811680e+1 6.715815e+0 6.000000e-1
    endloop
  endfacet
  facet normal -7.564797e-2 9.971346e-1 0.000000e+0
    outer loop
      vertex 2.926385e+1 7.312402e+0 4.000000e-1
      vertex 2.907898e+1 7.298377e+0 4.000000e-1
      vertex 2.926385e+1 7.312402e+0 6.000000e-1
    endloop
  endfacet
  facet normal -7.564797e-2 9.971346e-1 0.000000e+0
    outer loop
      vertex 2.926385e+1 7.312402e+0 6.000000e-1
      vertex 2.907898e+1 7.298377e+0 4.000000e-1
      vertex 2.907898e+1 7.298377e+0 6.000000e-1
    endloop
  endfacet
  facet normal -1.730332e-1 9.849160e-1 0.000000e+0
    outer loop
      vertex 2.907898e+1 7.298377e+0 6.000000e-1
      vertex 2.907898e+1 7.298377e+0 4.000000e-1
      vertex 2.889881e+1 7.266725e+0 4.000000e-1
    endloop
  endfacet
  facet normal -1.730332e-1 9.849160e-1 0.000000e+0
    outer loop
      vertex 2.907898e+1 7.298377e+0 6.000000e-1
      vertex 2.889881e+1 7.266725e+0 4.000000e-1
      vertex 2.889881e+1 7.266725e+0 6.000000e-1
    endloop
  endfacet
  facet normal -3.362244e-1 9.417819e-1 0.000000e+0
    outer loop
      vertex 2.889881e+1 7.266725e+0 6.000000e-1
      vertex 2.889881e+1 7.266725e+0 4.000000e-1
      vertex 2.872662e+1 7.205252e+0 4.000000e-1
    endloop
  endfacet
  facet normal -3.362244e-1 9.417819e-1 0.000000e+0
    outer loop
      vertex 2.889881e+1 7.266725e+0 6.000000e-1
      vertex 2.872662e+1 7.205252e+0 4.000000e-1
      vertex 2.872662e+1 7.205252e+0 6.000000e-1
    endloop
  endfacet
  facet normal -4.298148e-1 9.029171e-1 0.000000e+0
    outer loop
      vertex 2.872662e+1 7.205252e+0 6.000000e-1
      vertex 2.872662e+1 7.205252e+0 4.000000e-1
      vertex 2.855930e+1 7.125599e+0 4.000000e-1
    endloop
  endfacet
  facet normal -4.298148e-1 9.029171e-1 0.000000e+0
    outer loop
      vertex 2.872662e+1 7.205252e+0 6.000000e-1
      vertex 2.855930e+1 7.125599e+0 4.000000e-1
      vertex 2.855930e+1 7.125599e+0 6.000000e-1
    endloop
  endfacet
  facet normal 6.073722e-1 7.944174e-1 0.000000e+0
    outer loop
      vertex 3.025306e+1 6.905041e+0 4.000000e-1
      vertex 3.003279e+1 7.073446e+0 4.000000e-1
      vertex 3.025306e+1 6.905041e+0 6.000000e-1
    endloop
  endfacet
  facet normal 6.073722e-1 7.944174e-1 0.000000e+0
    outer loop
      vertex 3.025306e+1 6.905041e+0 6.000000e-1
      vertex 3.003279e+1 7.073446e+0 4.000000e-1
      vertex 3.003279e+1 7.073446e+0 6.000000e-1
    endloop
  endfacet
  facet normal 4.921713e-1 8.704984e-1 0.000000e+0
    outer loop
      vertex 3.003279e+1 7.073446e+0 6.000000e-1
      vertex 3.003279e+1 7.073446e+0 4.000000e-1
      vertex 2.979803e+1 7.206174e+0 4.000000e-1
    endloop
  endfacet
  facet normal 4.921713e-1 8.704984e-1 0.000000e+0
    outer loop
      vertex 3.003279e+1 7.073446e+0 6.000000e-1
      vertex 2.979803e+1 7.206174e+0 4.000000e-1
      vertex 2.979803e+1 7.206174e+0 6.000000e-1
    endloop
  endfacet
  facet normal 2.668684e-1 9.637330e-1 0.000000e+0
    outer loop
      vertex 2.979803e+1 7.206174e+0 6.000000e-1
      vertex 2.979803e+1 7.206174e+0 4.000000e-1
      vertex 2.953856e+1 7.278028e+0 4.000000e-1
    endloop
  endfacet
  facet normal 2.668684e-1 9.637330e-1 0.000000e+0
    outer loop
      vertex 2.979803e+1 7.206174e+0 6.000000e-1
      vertex 2.953856e+1 7.278028e+0 4.000000e-1
      vertex 2.953856e+1 7.278028e+0 6.000000e-1
    endloop
  endfacet
  facet normal 1.241657e-1 9.922615e-1 0.000000e+0
    outer loop
      vertex 2.953856e+1 7.278028e+0 6.000000e-1
      vertex 2.953856e+1 7.278028e+0 4.000000e-1
      vertex 2.926385e+1 7.312402e+0 4.000000e-1
    endloop
  endfacet
  facet normal 1.241657e-1 9.922615e-1 0.000000e+0
    outer loop
      vertex 2.953856e+1 7.278028e+0 6.000000e-1
      vertex 2.926385e+1 7.312402e+0 4.000000e-1
      vertex 2.926385e+1 7.312402e+0 6.000000e-1
    endloop
  endfacet
  facet normal 9.554278e-1 2.952249e-1 0.000000e+0
    outer loop
      vertex 3.063392e+1 6.237758e+0 4.000000e-1
      vertex 3.057585e+1 6.425677e+0 4.000000e-1
      vertex 3.063392e+1 6.237758e+0 6.000000e-1
    endloop
  endfacet
  facet normal 9.554278e-1 2.952249e-1 0.000000e+0
    outer loop
      vertex 3.063392e+1 6.237758e+0 6.000000e-1
      vertex 3.057585e+1 6.425677e+0 4.000000e-1
      vertex 3.057585e+1 6.425677e+0 6.000000e-1
    endloop
  endfacet
  facet normal 9.134810e-1 4.068813e-1 0.000000e+0
    outer loop
      vertex 3.057585e+1 6.425677e+0 6.000000e-1
      vertex 3.057585e+1 6.425677e+0 4.000000e-1
      vertex 3.049732e+1 6.601976e+0 4.000000e-1
    endloop
  endfacet
  facet normal 9.134810e-1 4.068813e-1 0.000000e+0
    outer loop
      vertex 3.057585e+1 6.425677e+0 6.000000e-1
      vertex 3.049732e+1 6.601976e+0 4.000000e-1
      vertex 3.049732e+1 6.601976e+0 6.000000e-1
    endloop
  endfacet
  facet normal 8.140028e-1 5.808609e-1 0.000000e+0
    outer loop
      vertex 3.049732e+1 6.601976e+0 6.000000e-1
      vertex 3.049732e+1 6.601976e+0 4.000000e-1
      vertex 3.038515e+1 6.759167e+0 4.000000e-1
    endloop
  endfacet
  facet normal 8.140028e-1 5.808609e-1 0.000000e+0
    outer loop
      vertex 3.049732e+1 6.601976e+0 6.000000e-1
      vertex 3.038515e+1 6.759167e+0 4.000000e-1
      vertex 3.038515e+1 6.759167e+0 6.000000e-1
    endloop
  endfacet
  facet normal 7.412409e-1 6.712391e-1 0.000000e+0
    outer loop
      vertex 3.038515e+1 6.759167e+0 6.000000e-1
      vertex 3.038515e+1 6.759167e+0 4.000000e-1
      vertex 3.025306e+1 6.905041e+0 4.000000e-1
    endloop
  endfacet
  facet normal 7.412409e-1 6.712391e-1 0.000000e+0
    outer loop
      vertex 3.038515e+1 6.759167e+0 6.000000e-1
      vertex 3.025306e+1 6.905041e+0 4.000000e-1
      vertex 3.025306e+1 6.905041e+0 6.000000e-1
    endloop
  endfacet
  facet normal 9.998927e-1 1.464919e-2 0.000000e+0
    outer loop
      vertex 3.071307e+1 5.215616e+0 4.000000e-1
      vertex 3.070930e+1 5.472483e+0 4.000000e-1
      vertex 3.071307e+1 5.215616e+0 6.000000e-1
    endloop
  endfacet
  facet normal 9.998927e-1 1.464919e-2 0.000000e+0
    outer loop
      vertex 3.071307e+1 5.215616e+0 6.000000e-1
      vertex 3.070930e+1 5.472483e+0 4.000000e-1
      vertex 3.070930e+1 5.472483e+0 6.000000e-1
    endloop
  endfacet
  facet normal 9.989324e-1 4.619723e-2 0.000000e+0
    outer loop
      vertex 3.070930e+1 5.472483e+0 6.000000e-1
      vertex 3.070930e+1 5.472483e+0 4.000000e-1
      vertex 3.069746e+1 5.728678e+0 4.000000e-1
    endloop
  endfacet
  facet normal 9.989324e-1 4.619723e-2 0.000000e+0
    outer loop
      vertex 3.070930e+1 5.472483e+0 6.000000e-1
      vertex 3.069746e+1 5.728678e+0 4.000000e-1
      vertex 3.069746e+1 5.728678e+0 6.000000e-1
    endloop
  endfacet
  facet normal 9.945777e-1 1.039961e-1 0.000000e+0
    outer loop
      vertex 3.069746e+1 5.728678e+0 6.000000e-1
      vertex 3.069746e+1 5.728678e+0 4.000000e-1
      vertex 3.067080e+1 5.983642e+0 4.000000e-1
    endloop
  endfacet
  facet normal 9.945777e-1 1.039961e-1 0.000000e+0
    outer loop
      vertex 3.069746e+1 5.728678e+0 6.000000e-1
      vertex 3.067080e+1 5.983642e+0 4.000000e-1
      vertex 3.067080e+1 5.983642e+0 6.000000e-1
    endloop
  endfacet
  facet normal 9.896333e-1 1.436177e-1 0.000000e+0
    outer loop
      vertex 3.067080e+1 5.983642e+0 6.000000e-1
      vertex 3.067080e+1 5.983642e+0 4.000000e-1
      vertex 3.063392e+1 6.237758e+0 4.000000e-1
    endloop
  endfacet
  facet normal 9.896333e-1 1.436177e-1 0.000000e+0
    outer loop
      vertex 3.067080e+1 5.983642e+0 6.000000e-1
      vertex 3.063392e+1 6.237758e+0 4.000000e-1
      vertex 3.063392e+1 6.237758e+0 6.000000e-1
    endloop
  endfacet
  facet normal 9.999976e-1 2.200742e-3 0.000000e+0
    outer loop
      vertex 3.071640e+1 3.699080e+0 4.000000e-1
      vertex 3.071307e+1 5.215616e+0 4.000000e-1
      vertex 3.071640e+1 3.699080e+0 6.000000e-1
    endloop
  endfacet
  facet normal 9.999976e-1 2.200742e-3 0.000000e+0
    outer loop
      vertex 3.071640e+1 3.699080e+0 6.000000e-1
      vertex 3.071307e+1 5.215616e+0 4.000000e-1
      vertex 3.071307e+1 5.215616e+0 6.000000e-1
    endloop
  endfacet
  facet normal -2.200742e-3 9.999976e-1 0.000000e+0
    outer loop
      vertex 3.143455e+1 3.700660e+0 4.000000e-1
      vertex 3.071640e+1 3.699080e+0 4.000000e-1
      vertex 3.143455e+1 3.700660e+0 6.000000e-1
    endloop
  endfacet
  facet normal -2.200742e-3 9.999976e-1 0.000000e+0
    outer loop
      vertex 3.143455e+1 3.700660e+0 6.000000e-1
      vertex 3.071640e+1 3.699080e+0 4.000000e-1
      vertex 3.071640e+1 3.699080e+0 6.000000e-1
    endloop
  endfacet
  facet normal 5.410212e-1 8.410089e-1 0.000000e+0
    outer loop
      vertex 3.237874e+1 3.396532e+0 4.000000e-1
      vertex 3.216375e+1 3.534838e+0 4.000000e-1
      vertex 3.237874e+1 3.396532e+0 6.000000e-1
    endloop
  endfacet
  facet normal 5.410212e-1 8.410089e-1 0.000000e+0
    outer loop
      vertex 3.237874e+1 3.396532e+0 6.000000e-1
      vertex 3.216375e+1 3.534838e+0 4.000000e-1
      vertex 3.216375e+1 3.534838e+0 6.000000e-1
    endloop
  endfacet
  facet normal 4.106384e-1 9.117983e-1 0.000000e+0
    outer loop
      vertex 3.216375e+1 3.534838e+0 6.000000e-1
      vertex 3.216375e+1 3.534838e+0 4.000000e-1
      vertex 3.193658e+1 3.637145e+0 4.000000e-1
    endloop
  endfacet
  facet normal 4.106384e-1 9.117983e-1 0.000000e+0
    outer loop
      vertex 3.216375e+1 3.534838e+0 6.000000e-1
      vertex 3.193658e+1 3.637145e+0 4.000000e-1
      vertex 3.193658e+1 3.637145e+0 6.000000e-1
    endloop
  endfacet
  facet normal 1.886967e-1 9.820354e-1 0.000000e+0
    outer loop
      vertex 3.193658e+1 3.637145e+0 6.000000e-1
      vertex 3.193658e+1 3.637145e+0 4.000000e-1
      vertex 3.169079e+1 3.684373e+0 4.000000e-1
    endloop
  endfacet
  facet normal 1.886967e-1 9.820354e-1 0.000000e+0
    outer loop
      vertex 3.193658e+1 3.637145e+0 6.000000e-1
      vertex 3.169079e+1 3.684373e+0 4.000000e-1
      vertex 3.169079e+1 3.684373e+0 6.000000e-1
    endloop
  endfacet
  facet normal 6.343361e-2 9.979861e-1 0.000000e+0
    outer loop
      vertex 3.169079e+1 3.684373e+0 6.000000e-1
      vertex 3.169079e+1 3.684373e+0 4.000000e-1
      vertex 3.143455e+1 3.700660e+0 4.000000e-1
    endloop
  endfacet
  facet normal 6.343361e-2 9.979861e-1 0.000000e+0
    outer loop
      vertex 3.169079e+1 3.684373e+0 6.000000e-1
      vertex 3.143455e+1 3.700660e+0 4.000000e-1
      vertex 3.143455e+1 3.700660e+0 6.000000e-1
    endloop
  endfacet
  facet normal 9.929055e-1 1.189060e-1 0.000000e+0
    outer loop
      vertex 3.272030e+1 2.622117e+0 4.000000e-1
      vertex 3.269398e+1 2.841885e+0 4.000000e-1
      vertex 3.272030e+1 2.622117e+0 6.000000e-1
    endloop
  endfacet
  facet normal 9.929055e-1 1.189060e-1 0.000000e+0
    outer loop
      vertex 3.272030e+1 2.622117e+0 6.000000e-1
      vertex 3.269398e+1 2.841885e+0 4.000000e-1
      vertex 3.269398e+1 2.841885e+0 6.000000e-1
    endloop
  endfacet
  facet normal 9.619676e-1 2.731634e-1 0.000000e+0
    outer loop
      vertex 3.269398e+1 2.841885e+0 6.000000e-1
      vertex 3.269398e+1 2.841885e+0 4.000000e-1
      vertex 3.263560e+1 3.047455e+0 4.000000e-1
    endloop
  endfacet
  facet normal 9.619676e-1 2.731634e-1 0.000000e+0
    outer loop
      vertex 3.269398e+1 2.841885e+0 6.000000e-1
      vertex 3.263560e+1 3.047455e+0 4.000000e-1
      vertex 3.263560e+1 3.047455e+0 6.000000e-1
    endloop
  endfacet
  facet normal 8.509557e-1 5.252375e-1 0.000000e+0
    outer loop
      vertex 3.263560e+1 3.047455e+0 6.000000e-1
      vertex 3.263560e+1 3.047455e+0 4.000000e-1
      vertex 3.252343e+1 3.229194e+0 4.000000e-1
    endloop
  endfacet
  facet normal 8.509557e-1 5.252375e-1 0.000000e+0
    outer loop
      vertex 3.263560e+1 3.047455e+0 6.000000e-1
      vertex 3.252343e+1 3.229194e+0 4.000000e-1
      vertex 3.252343e+1 3.229194e+0 6.000000e-1
    endloop
  endfacet
  facet normal 7.564437e-1 6.540588e-1 0.000000e+0
    outer loop
      vertex 3.252343e+1 3.229194e+0 6.000000e-1
      vertex 3.252343e+1 3.229194e+0 4.000000e-1
      vertex 3.237874e+1 3.396532e+0 4.000000e-1
    endloop
  endfacet
  facet normal 7.564437e-1 6.540588e-1 0.000000e+0
    outer loop
      vertex 3.252343e+1 3.229194e+0 6.000000e-1
      vertex 3.237874e+1 3.396532e+0 4.000000e-1
      vertex 3.237874e+1 3.396532e+0 6.000000e-1
    endloop
  endfacet
  facet normal 6.166050e-1 -7.872727e-1 0.000000e+0
    outer loop
      vertex 3.225220e+1 1.768149e+0 4.000000e-1
      vertex 3.245940e+1 1.930438e+0 4.000000e-1
      vertex 3.225220e+1 1.768149e+0 6.000000e-1
    endloop
  endfacet
  facet normal 6.166050e-1 -7.872727e-1 0.000000e+0
    outer loop
      vertex 3.225220e+1 1.768149e+0 6.000000e-1
      vertex 3.245940e+1 1.930438e+0 4.000000e-1
      vertex 3.245940e+1 1.930438e+0 6.000000e-1
    endloop
  endfacet
  facet normal 7.171817e-1 -6.968862e-1 0.000000e+0
    outer loop
      vertex 3.245940e+1 1.930438e+0 6.000000e-1
      vertex 3.245940e+1 1.930438e+0 4.000000e-1
      vertex 3.254705e+1 2.020640e+0 4.000000e-1
    endloop
  endfacet
  facet normal 7.171817e-1 -6.968862e-1 0.000000e+0
    outer loop
      vertex 3.245940e+1 1.930438e+0 6.000000e-1
      vertex 3.254705e+1 2.020640e+0 4.000000e-1
      vertex 3.254705e+1 2.020640e+0 6.000000e-1
    endloop
  endfacet
  facet normal 8.276988e-1 -5.611726e-1 0.000000e+0
    outer loop
      vertex 3.254705e+1 2.020640e+0 6.000000e-1
      vertex 3.254705e+1 2.020640e+0 4.000000e-1
      vertex 3.261557e+1 2.121704e+0 4.000000e-1
    endloop
  endfacet
  facet normal 8.276988e-1 -5.611726e-1 0.000000e+0
    outer loop
      vertex 3.254705e+1 2.020640e+0 6.000000e-1
      vertex 3.261557e+1 2.121704e+0 4.000000e-1
      vertex 3.261557e+1 2.121704e+0 6.000000e-1
    endloop
  endfacet
  facet normal 9.256707e-1 -3.783301e-1 0.000000e+0
    outer loop
      vertex 3.261557e+1 2.121704e+0 6.000000e-1
      vertex 3.261557e+1 2.121704e+0 4.000000e-1
      vertex 3.266201e+1 2.235309e+0 4.000000e-1
    endloop
  endfacet
  facet normal 9.256707e-1 -3.783301e-1 0.000000e+0
    outer loop
      vertex 3.261557e+1 2.121704e+0 6.000000e-1
      vertex 3.266201e+1 2.235309e+0 4.000000e-1
      vertex 3.266201e+1 2.235309e+0 6.000000e-1
    endloop
  endfacet
  facet normal 9.733742e-1 -2.292220e-1 0.000000e+0
    outer loop
      vertex 3.266201e+1 2.235309e+0 6.000000e-1
      vertex 3.266201e+1 2.235309e+0 4.000000e-1
      vertex 3.269108e+1 2.358770e+0 4.000000e-1
    endloop
  endfacet
  facet normal 9.733742e-1 -2.292220e-1 0.000000e+0
    outer loop
      vertex 3.266201e+1 2.235309e+0 6.000000e-1
      vertex 3.269108e+1 2.358770e+0 4.000000e-1
      vertex 3.269108e+1 2.358770e+0 6.000000e-1
    endloop
  endfacet
  facet normal 9.939011e-1 -1.102752e-1 0.000000e+0
    outer loop
      vertex 3.269108e+1 2.358770e+0 6.000000e-1
      vertex 3.269108e+1 2.358770e+0 4.000000e-1
      vertex 3.272030e+1 2.622117e+0 4.000000e-1
    endloop
  endfacet
  facet normal 9.939011e-1 -1.102752e-1 0.000000e+0
    outer loop
      vertex 3.269108e+1 2.358770e+0 6.000000e-1
      vertex 3.272030e+1 2.622117e+0 4.000000e-1
      vertex 3.272030e+1 2.622117e+0 6.000000e-1
    endloop
  endfacet
  facet normal 3.585973e-2 -9.993568e-1 0.000000e+0
    outer loop
      vertex 3.099164e+1 1.527910e+0 4.000000e-1
      vertex 3.131661e+1 1.539571e+0 4.000000e-1
      vertex 3.099164e+1 1.527910e+0 6.000000e-1
    endloop
  endfacet
  facet normal 3.585973e-2 -9.993568e-1 0.000000e+0
    outer loop
      vertex 3.099164e+1 1.527910e+0 6.000000e-1
      vertex 3.131661e+1 1.539571e+0 4.000000e-1
      vertex 3.131661e+1 1.539571e+0 6.000000e-1
    endloop
  endfacet
  facet normal 1.126856e-1 -9.936307e-1 0.000000e+0
    outer loop
      vertex 3.131661e+1 1.539571e+0 6.000000e-1
      vertex 3.131661e+1 1.539571e+0 4.000000e-1
      vertex 3.163657e+1 1.575858e+0 4.000000e-1
    endloop
  endfacet
  facet normal 1.126856e-1 -9.936307e-1 0.000000e+0
    outer loop
      vertex 3.131661e+1 1.539571e+0 6.000000e-1
      vertex 3.163657e+1 1.575858e+0 4.000000e-1
      vertex 3.163657e+1 1.575858e+0 6.000000e-1
    endloop
  endfacet
  facet normal 2.521328e-1 -9.676926e-1 0.000000e+0
    outer loop
      vertex 3.163657e+1 1.575858e+0 6.000000e-1
      vertex 3.163657e+1 1.575858e+0 4.000000e-1
      vertex 3.194746e+1 1.656859e+0 4.000000e-1
    endloop
  endfacet
  facet normal 2.521328e-1 -9.676926e-1 0.000000e+0
    outer loop
      vertex 3.163657e+1 1.575858e+0 6.000000e-1
      vertex 3.194746e+1 1.656859e+0 4.000000e-1
      vertex 3.194746e+1 1.656859e+0 6.000000e-1
    endloop
  endfacet
  facet normal 3.430420e-1 -9.393200e-1 0.000000e+0
    outer loop
      vertex 3.194746e+1 1.656859e+0 6.000000e-1
      vertex 3.194746e+1 1.656859e+0 4.000000e-1
      vertex 3.225220e+1 1.768149e+0 4.000000e-1
    endloop
  endfacet
  facet normal 3.430420e-1 -9.393200e-1 0.000000e+0
    outer loop
      vertex 3.194746e+1 1.656859e+0 6.000000e-1
      vertex 3.225220e+1 1.768149e+0 4.000000e-1
      vertex 3.225220e+1 1.768149e+0 6.000000e-1
    endloop
  endfacet
  facet normal 2.200742e-3 -9.999976e-1 0.000000e+0
    outer loop
      vertex 3.072118e+1 1.527315e+0 4.000000e-1
      vertex 3.099164e+1 1.527910e+0 4.000000e-1
      vertex 3.072118e+1 1.527315e+0 6.000000e-1
    endloop
  endfacet
  facet normal 2.200742e-3 -9.999976e-1 0.000000e+0
    outer loop
      vertex 3.072118e+1 1.527315e+0 6.000000e-1
      vertex 3.099164e+1 1.527910e+0 4.000000e-1
      vertex 3.099164e+1 1.527910e+0 6.000000e-1
    endloop
  endfacet
  facet normal 9.999976e-1 2.200742e-3 0.000000e+0
    outer loop
      vertex 3.073087e+1 -2.875638e+0 4.000000e-1
      vertex 3.072118e+1 1.527315e+0 4.000000e-1
      vertex 3.073087e+1 -2.875638e+0 6.000000e-1
    endloop
  endfacet
  facet normal 9.999976e-1 2.200742e-3 0.000000e+0
    outer loop
      vertex 3.073087e+1 -2.875638e+0 6.000000e-1
      vertex 3.072118e+1 1.527315e+0 4.000000e-1
      vertex 3.072118e+1 1.527315e+0 6.000000e-1
    endloop
  endfacet
  facet normal 9.962821e-1 8.615092e-2 0.000000e+0
    outer loop
      vertex 3.076896e+1 -3.738103e+0 4.000000e-1
      vertex 3.075036e+1 -3.522935e+0 4.000000e-1
      vertex 3.076896e+1 -3.738103e+0 6.000000e-1
    endloop
  endfacet
  facet normal 9.962821e-1 8.615092e-2 0.000000e+0
    outer loop
      vertex 3.076896e+1 -3.738103e+0 6.000000e-1
      vertex 3.075036e+1 -3.522935e+0 4.000000e-1
      vertex 3.075036e+1 -3.522935e+0 6.000000e-1
    endloop
  endfacet
  facet normal 9.982079e-1 5.984193e-2 0.000000e+0
    outer loop
      vertex 3.075036e+1 -3.522935e+0 6.000000e-1
      vertex 3.075036e+1 -3.522935e+0 4.000000e-1
      vertex 3.073744e+1 -3.307487e+0 4.000000e-1
    endloop
  endfacet
  facet normal 9.982079e-1 5.984193e-2 0.000000e+0
    outer loop
      vertex 3.075036e+1 -3.522935e+0 6.000000e-1
      vertex 3.073744e+1 -3.307487e+0 4.000000e-1
      vertex 3.073744e+1 -3.307487e+0 6.000000e-1
    endloop
  endfacet
  facet normal 9.996988e-1 2.454172e-2 0.000000e+0
    outer loop
      vertex 3.073744e+1 -3.307487e+0 6.000000e-1
      vertex 3.073744e+1 -3.307487e+0 4.000000e-1
      vertex 3.073214e+1 -3.091661e+0 4.000000e-1
    endloop
  endfacet
  facet normal 9.996988e-1 2.454172e-2 0.000000e+0
    outer loop
      vertex 3.073744e+1 -3.307487e+0 6.000000e-1
      vertex 3.073214e+1 -3.091661e+0 4.000000e-1
      vertex 3.073214e+1 -3.091661e+0 6.000000e-1
    endloop
  endfacet
  facet normal 9.999827e-1 5.877383e-3 0.000000e+0
    outer loop
      vertex 3.073214e+1 -3.091661e+0 6.000000e-1
      vertex 3.073214e+1 -3.091661e+0 4.000000e-1
      vertex 3.073087e+1 -2.875638e+0 4.000000e-1
    endloop
  endfacet
  facet normal 9.999827e-1 5.877383e-3 0.000000e+0
    outer loop
      vertex 3.073214e+1 -3.091661e+0 6.000000e-1
      vertex 3.073087e+1 -2.875638e+0 4.000000e-1
      vertex 3.073087e+1 -2.875638e+0 6.000000e-1
    endloop
  endfacet
  facet normal 8.320788e-1 5.546575e-1 0.000000e+0
    outer loop
      vertex 3.093416e+1 -4.156454e+0 4.000000e-1
      vertex 3.087058e+1 -4.061065e+0 4.000000e-1
      vertex 3.093416e+1 -4.156454e+0 6.000000e-1
    endloop
  endfacet
  facet normal 8.320788e-1 5.546575e-1 0.000000e+0
    outer loop
      vertex 3.093416e+1 -4.156454e+0 6.000000e-1
      vertex 3.087058e+1 -4.061065e+0 4.000000e-1
      vertex 3.087058e+1 -4.061065e+0 6.000000e-1
    endloop
  endfacet
  facet normal 8.942909e-1 4.474860e-1 0.000000e+0
    outer loop
      vertex 3.087058e+1 -4.061065e+0 6.000000e-1
      vertex 3.087058e+1 -4.061065e+0 4.000000e-1
      vertex 3.082014e+1 -3.960251e+0 4.000000e-1
    endloop
  endfacet
  facet normal 8.942909e-1 4.474860e-1 0.000000e+0
    outer loop
      vertex 3.087058e+1 -4.061065e+0 6.000000e-1
      vertex 3.082014e+1 -3.960251e+0 4.000000e-1
      vertex 3.082014e+1 -3.960251e+0 6.000000e-1
    endloop
  endfacet
  facet normal 9.618486e-1 2.735823e-1 0.000000e+0
    outer loop
      vertex 3.082014e+1 -3.960251e+0 6.000000e-1
      vertex 3.082014e+1 -3.960251e+0 4.000000e-1
      vertex 3.078917e+1 -3.851397e+0 4.000000e-1
    endloop
  endfacet
  facet normal 9.618486e-1 2.735823e-1 0.000000e+0
    outer loop
      vertex 3.082014e+1 -3.960251e+0 6.000000e-1
      vertex 3.078917e+1 -3.851397e+0 4.000000e-1
      vertex 3.078917e+1 -3.851397e+0 6.000000e-1
    endloop
  endfacet
  facet normal 9.844615e-1 1.756003e-1 0.000000e+0
    outer loop
      vertex 3.078917e+1 -3.851397e+0 6.000000e-1
      vertex 3.078917e+1 -3.851397e+0 4.000000e-1
      vertex 3.076896e+1 -3.738103e+0 4.000000e-1
    endloop
  endfacet
  facet normal 9.844615e-1 1.756003e-1 0.000000e+0
    outer loop
      vertex 3.078917e+1 -3.851397e+0 6.000000e-1
      vertex 3.076896e+1 -3.738103e+0 4.000000e-1
      vertex 3.076896e+1 -3.738103e+0 6.000000e-1
    endloop
  endfacet
  facet normal 3.764071e-2 9.992914e-1 0.000000e+0
    outer loop
      vertex 3.137904e+1 -4.296817e+0 4.000000e-1
      vertex 3.125720e+1 -4.292227e+0 4.000000e-1
      vertex 3.137904e+1 -4.296817e+0 6.000000e-1
    endloop
  endfacet
  facet normal 3.764071e-2 9.992914e-1 0.000000e+0
    outer loop
      vertex 3.137904e+1 -4.296817e+0 6.000000e-1
      vertex 3.125720e+1 -4.292227e+0 4.000000e-1
      vertex 3.125720e+1 -4.292227e+0 6.000000e-1
    endloop
  endfacet
  facet normal 1.673484e-1 9.858978e-1 0.000000e+0
    outer loop
      vertex 3.125720e+1 -4.292227e+0 6.000000e-1
      vertex 3.125720e+1 -4.292227e+0 4.000000e-1
      vertex 3.114065e+1 -4.272444e+0 4.000000e-1
    endloop
  endfacet
  facet normal 1.673484e-1 9.858978e-1 0.000000e+0
    outer loop
      vertex 3.125720e+1 -4.292227e+0 6.000000e-1
      vertex 3.114065e+1 -4.272444e+0 4.000000e-1
      vertex 3.114065e+1 -4.272444e+0 6.000000e-1
    endloop
  endfacet
  facet normal 4.100226e-1 9.120753e-1 0.000000e+0
    outer loop
      vertex 3.114065e+1 -4.272444e+0 6.000000e-1
      vertex 3.114065e+1 -4.272444e+0 4.000000e-1
      vertex 3.103392e+1 -4.224463e+0 4.000000e-1
    endloop
  endfacet
  facet normal 4.100226e-1 9.120753e-1 0.000000e+0
    outer loop
      vertex 3.114065e+1 -4.272444e+0 6.000000e-1
      vertex 3.103392e+1 -4.224463e+0 4.000000e-1
      vertex 3.103392e+1 -4.224463e+0 6.000000e-1
    endloop
  endfacet
  facet normal 5.633078e-1 8.262471e-1 0.000000e+0
    outer loop
      vertex 3.103392e+1 -4.224463e+0 6.000000e-1
      vertex 3.103392e+1 -4.224463e+0 4.000000e-1
      vertex 3.093416e+1 -4.156454e+0 4.000000e-1
    endloop
  endfacet
  facet normal 5.633078e-1 8.262471e-1 0.000000e+0
    outer loop
      vertex 3.103392e+1 -4.224463e+0 6.000000e-1
      vertex 3.093416e+1 -4.156454e+0 4.000000e-1
      vertex 3.093416e+1 -4.156454e+0 6.000000e-1
    endloop
  endfacet
  facet normal -1.961505e-1 9.805738e-1 0.000000e+0
    outer loop
      vertex 3.196310e+1 -4.217834e+0 4.000000e-1
      vertex 3.181826e+1 -4.246806e+0 4.000000e-1
      vertex 3.196310e+1 -4.217834e+0 6.000000e-1
    endloop
  endfacet
  facet normal -1.961505e-1 9.805738e-1 0.000000e+0
    outer loop
      vertex 3.196310e+1 -4.217834e+0 6.000000e-1
      vertex 3.181826e+1 -4.246806e+0 4.000000e-1
      vertex 3.181826e+1 -4.246806e+0 6.000000e-1
    endloop
  endfacet
  facet normal -1.654340e-1 9.862209e-1 0.000000e+0
    outer loop
      vertex 3.181826e+1 -4.246806e+0 6.000000e-1
      vertex 3.181826e+1 -4.246806e+0 4.000000e-1
      vertex 3.167285e+1 -4.271199e+0 4.000000e-1
    endloop
  endfacet
  facet normal -1.654340e-1 9.862209e-1 0.000000e+0
    outer loop
      vertex 3.181826e+1 -4.246806e+0 6.000000e-1
      vertex 3.167285e+1 -4.271199e+0 4.000000e-1
      vertex 3.167285e+1 -4.271199e+0 6.000000e-1
    endloop
  endfacet
  facet normal -1.076573e-1 9.941881e-1 0.000000e+0
    outer loop
      vertex 3.167285e+1 -4.271199e+0 6.000000e-1
      vertex 3.167285e+1 -4.271199e+0 4.000000e-1
      vertex 3.152633e+1 -4.287065e+0 4.000000e-1
    endloop
  endfacet
  facet normal -1.076573e-1 9.941881e-1 0.000000e+0
    outer loop
      vertex 3.167285e+1 -4.271199e+0 6.000000e-1
      vertex 3.152633e+1 -4.287065e+0 4.000000e-1
      vertex 3.152633e+1 -4.287065e+0 6.000000e-1
    endloop
  endfacet
  facet normal -6.606334e-2 9.978154e-1 0.000000e+0
    outer loop
      vertex 3.152633e+1 -4.287065e+0 6.000000e-1
      vertex 3.152633e+1 -4.287065e+0 4.000000e-1
      vertex 3.137904e+1 -4.296817e+0 4.000000e-1
    endloop
  endfacet
  facet normal -6.606334e-2 9.978154e-1 0.000000e+0
    outer loop
      vertex 3.152633e+1 -4.287065e+0 6.000000e-1
      vertex 3.137904e+1 -4.296817e+0 4.000000e-1
      vertex 3.137904e+1 -4.296817e+0 6.000000e-1
    endloop
  endfacet
  facet normal -6.321955e-2 9.979997e-1 0.000000e+0
    outer loop
      vertex 3.255764e+1 -4.138826e+0 4.000000e-1
      vertex 3.240771e+1 -4.148324e+0 4.000000e-1
      vertex 3.255764e+1 -4.138826e+0 6.000000e-1
    endloop
  endfacet
  facet normal -6.321955e-2 9.979997e-1 0.000000e+0
    outer loop
      vertex 3.255764e+1 -4.138826e+0 6.000000e-1
      vertex 3.240771e+1 -4.148324e+0 4.000000e-1
      vertex 3.240771e+1 -4.148324e+0 6.000000e-1
    endloop
  endfacet
  facet normal -1.047795e-1 9.944955e-1 0.000000e+0
    outer loop
      vertex 3.240771e+1 -4.148324e+0 6.000000e-1
      vertex 3.240771e+1 -4.148324e+0 4.000000e-1
      vertex 3.225857e+1 -4.164037e+0 4.000000e-1
    endloop
  endfacet
  facet normal -1.047795e-1 9.944955e-1 0.000000e+0
    outer loop
      vertex 3.240771e+1 -4.148324e+0 6.000000e-1
      vertex 3.225857e+1 -4.164037e+0 4.000000e-1
      vertex 3.225857e+1 -4.164037e+0 6.000000e-1
    endloop
  endfacet
  facet normal -1.634087e-1 9.865584e-1 0.000000e+0
    outer loop
      vertex 3.225857e+1 -4.164037e+0 6.000000e-1
      vertex 3.225857e+1 -4.164037e+0 4.000000e-1
      vertex 3.211053e+1 -4.188557e+0 4.000000e-1
    endloop
  endfacet
  facet normal -1.634087e-1 9.865584e-1 0.000000e+0
    outer loop
      vertex 3.225857e+1 -4.164037e+0 6.000000e-1
      vertex 3.211053e+1 -4.188557e+0 4.000000e-1
      vertex 3.211053e+1 -4.188557e+0 6.000000e-1
    endloop
  endfacet
  facet normal -1.947739e-1 9.808481e-1 0.000000e+0
    outer loop
      vertex 3.211053e+1 -4.188557e+0 6.000000e-1
      vertex 3.211053e+1 -4.188557e+0 4.000000e-1
      vertex 3.196310e+1 -4.217834e+0 4.000000e-1
    endloop
  endfacet
  facet normal -1.947739e-1 9.808481e-1 0.000000e+0
    outer loop
      vertex 3.211053e+1 -4.188557e+0 6.000000e-1
      vertex 3.196310e+1 -4.217834e+0 4.000000e-1
      vertex 3.196310e+1 -4.217834e+0 6.000000e-1
    endloop
  endfacet
  facet normal 6.329564e-1 7.741874e-1 0.000000e+0
    outer loop
      vertex 3.324113e+1 -4.436466e+0 4.000000e-1
      vertex 3.309099e+1 -4.313714e+0 4.000000e-1
      vertex 3.324113e+1 -4.436466e+0 6.000000e-1
    endloop
  endfacet
  facet normal 6.329564e-1 7.741874e-1 0.000000e+0
    outer loop
      vertex 3.324113e+1 -4.436466e+0 6.000000e-1
      vertex 3.309099e+1 -4.313714e+0 4.000000e-1
      vertex 3.309099e+1 -4.313714e+0 6.000000e-1
    endloop
  endfacet
  facet normal 5.150719e-1 8.571470e-1 0.000000e+0
    outer loop
      vertex 3.309099e+1 -4.313714e+0 6.000000e-1
      vertex 3.309099e+1 -4.313714e+0 4.000000e-1
      vertex 3.292975e+1 -4.216826e+0 4.000000e-1
    endloop
  endfacet
  facet normal 5.150719e-1 8.571470e-1 0.000000e+0
    outer loop
      vertex 3.309099e+1 -4.313714e+0 6.000000e-1
      vertex 3.292975e+1 -4.216826e+0 4.000000e-1
      vertex 3.292975e+1 -4.216826e+0 6.000000e-1
    endloop
  endfacet
  facet normal 2.804652e-1 9.598642e-1 0.000000e+0
    outer loop
      vertex 3.292975e+1 -4.216826e+0 6.000000e-1
      vertex 3.292975e+1 -4.216826e+0 4.000000e-1
      vertex 3.274955e+1 -4.164173e+0 4.000000e-1
    endloop
  endfacet
  facet normal 2.804652e-1 9.598642e-1 0.000000e+0
    outer loop
      vertex 3.292975e+1 -4.216826e+0 6.000000e-1
      vertex 3.274955e+1 -4.164173e+0 4.000000e-1
      vertex 3.274955e+1 -4.164173e+0 6.000000e-1
    endloop
  endfacet
  facet normal 1.309398e-1 9.913903e-1 0.000000e+0
    outer loop
      vertex 3.274955e+1 -4.164173e+0 6.000000e-1
      vertex 3.274955e+1 -4.164173e+0 4.000000e-1
      vertex 3.255764e+1 -4.138826e+0 4.000000e-1
    endloop
  endfacet
  facet normal 1.309398e-1 9.913903e-1 0.000000e+0
    outer loop
      vertex 3.274955e+1 -4.164173e+0 6.000000e-1
      vertex 3.255764e+1 -4.138826e+0 4.000000e-1
      vertex 3.255764e+1 -4.138826e+0 6.000000e-1
    endloop
  endfacet
  facet normal 9.934321e-1 1.144233e-1 0.000000e+0
    outer loop
      vertex 3.354166e+1 -5.164292e+0 4.000000e-1
      vertex 3.351823e+1 -4.960932e+0 4.000000e-1
      vertex 3.354166e+1 -5.164292e+0 6.000000e-1
    endloop
  endfacet
  facet normal 9.934321e-1 1.144233e-1 0.000000e+0
    outer loop
      vertex 3.354166e+1 -5.164292e+0 6.000000e-1
      vertex 3.351823e+1 -4.960932e+0 4.000000e-1
      vertex 3.351823e+1 -4.960932e+0 6.000000e-1
    endloop
  endfacet
  facet normal 9.657121e-1 2.596155e-1 0.000000e+0
    outer loop
      vertex 3.351823e+1 -4.960932e+0 6.000000e-1
      vertex 3.351823e+1 -4.960932e+0 4.000000e-1
      vertex 3.346669e+1 -4.769210e+0 4.000000e-1
    endloop
  endfacet
  facet normal 9.657121e-1 2.596155e-1 0.000000e+0
    outer loop
      vertex 3.351823e+1 -4.960932e+0 6.000000e-1
      vertex 3.346669e+1 -4.769210e+0 4.000000e-1
      vertex 3.346669e+1 -4.769210e+0 6.000000e-1
    endloop
  endfacet
  facet normal 8.678544e-1 4.968186e-1 0.000000e+0
    outer loop
      vertex 3.346669e+1 -4.769210e+0 6.000000e-1
      vertex 3.346669e+1 -4.769210e+0 4.000000e-1
      vertex 3.336809e+1 -4.596969e+0 4.000000e-1
    endloop
  endfacet
  facet normal 8.678544e-1 4.968186e-1 0.000000e+0
    outer loop
      vertex 3.346669e+1 -4.769210e+0 6.000000e-1
      vertex 3.336809e+1 -4.596969e+0 4.000000e-1
      vertex 3.336809e+1 -4.596969e+0 6.000000e-1
    endloop
  endfacet
  facet normal 7.842936e-1 6.203898e-1 0.000000e+0
    outer loop
      vertex 3.336809e+1 -4.596969e+0 6.000000e-1
      vertex 3.336809e+1 -4.596969e+0 4.000000e-1
      vertex 3.324113e+1 -4.436466e+0 4.000000e-1
    endloop
  endfacet
  facet normal 7.842936e-1 6.203898e-1 0.000000e+0
    outer loop
      vertex 3.336809e+1 -4.596969e+0 6.000000e-1
      vertex 3.324113e+1 -4.436466e+0 4.000000e-1
      vertex 3.324113e+1 -4.436466e+0 6.000000e-1
    endloop
  endfacet
  facet normal 5.442530e-1 -8.389211e-1 0.000000e+0
    outer loop
      vertex 3.281153e+1 -6.239627e+0 4.000000e-1
      vertex 3.310891e+1 -6.046696e+0 4.000000e-1
      vertex 3.281153e+1 -6.239627e+0 6.000000e-1
    endloop
  endfacet
  facet normal 5.442530e-1 -8.389211e-1 0.000000e+0
    outer loop
      vertex 3.281153e+1 -6.239627e+0 6.000000e-1
      vertex 3.310891e+1 -6.046696e+0 4.000000e-1
      vertex 3.310891e+1 -6.046696e+0 6.000000e-1
    endloop
  endfacet
  facet normal 6.436371e-1 -7.653309e-1 0.000000e+0
    outer loop
      vertex 3.310891e+1 -6.046696e+0 6.000000e-1
      vertex 3.310891e+1 -6.046696e+0 4.000000e-1
      vertex 3.323857e+1 -5.937652e+0 4.000000e-1
    endloop
  endfacet
  facet normal 6.436371e-1 -7.653309e-1 0.000000e+0
    outer loop
      vertex 3.310891e+1 -6.046696e+0 6.000000e-1
      vertex 3.323857e+1 -5.937652e+0 4.000000e-1
      vertex 3.323857e+1 -5.937652e+0 6.000000e-1
    endloop
  endfacet
  facet normal 7.579948e-1 -6.522606e-1 0.000000e+0
    outer loop
      vertex 3.323857e+1 -5.937652e+0 6.000000e-1
      vertex 3.323857e+1 -5.937652e+0 4.000000e-1
      vertex 3.334540e+1 -5.813515e+0 4.000000e-1
    endloop
  endfacet
  facet normal 7.579948e-1 -6.522606e-1 0.000000e+0
    outer loop
      vertex 3.323857e+1 -5.937652e+0 6.000000e-1
      vertex 3.334540e+1 -5.813515e+0 4.000000e-1
      vertex 3.334540e+1 -5.813515e+0 6.000000e-1
    endloop
  endfacet
  facet normal 8.783921e-1 -4.779407e-1 0.000000e+0
    outer loop
      vertex 3.334540e+1 -5.813515e+0 6.000000e-1
      vertex 3.334540e+1 -5.813515e+0 4.000000e-1
      vertex 3.342333e+1 -5.670286e+0 4.000000e-1
    endloop
  endfacet
  facet normal 8.783921e-1 -4.779407e-1 0.000000e+0
    outer loop
      vertex 3.334540e+1 -5.813515e+0 6.000000e-1
      vertex 3.342333e+1 -5.670286e+0 4.000000e-1
      vertex 3.342333e+1 -5.670286e+0 6.000000e-1
    endloop
  endfacet
  facet normal 9.486832e-1 -3.162280e-1 0.000000e+0
    outer loop
      vertex 3.342333e+1 -5.670286e+0 6.000000e-1
      vertex 3.342333e+1 -5.670286e+0 4.000000e-1
      vertex 3.347652e+1 -5.510708e+0 4.000000e-1
    endloop
  endfacet
  facet normal 9.486832e-1 -3.162280e-1 0.000000e+0
    outer loop
      vertex 3.342333e+1 -5.670286e+0 6.000000e-1
      vertex 3.347652e+1 -5.510708e+0 4.000000e-1
      vertex 3.347652e+1 -5.510708e+0 6.000000e-1
    endloop
  endfacet
  facet normal 9.827787e-1 -1.847867e-1 0.000000e+0
    outer loop
      vertex 3.347652e+1 -5.510708e+0 6.000000e-1
      vertex 3.347652e+1 -5.510708e+0 4.000000e-1
      vertex 3.354166e+1 -5.164292e+0 4.000000e-1
    endloop
  endfacet
  facet normal 9.827787e-1 -1.847867e-1 0.000000e+0
    outer loop
      vertex 3.347652e+1 -5.510708e+0 6.000000e-1
      vertex 3.354166e+1 -5.164292e+0 4.000000e-1
      vertex 3.354166e+1 -5.164292e+0 6.000000e-1
    endloop
  endfacet
  facet normal 3.150832e-2 -9.995035e-1 0.000000e+0
    outer loop
      vertex 3.079922e+1 -6.600363e+0 4.000000e-1
      vertex 3.131652e+1 -6.584056e+0 4.000000e-1
      vertex 3.079922e+1 -6.600363e+0 6.000000e-1
    endloop
  endfacet
  facet normal 3.150832e-2 -9.995035e-1 0.000000e+0
    outer loop
      vertex 3.079922e+1 -6.600363e+0 6.000000e-1
      vertex 3.131652e+1 -6.584056e+0 4.000000e-1
      vertex 3.131652e+1 -6.584056e+0 6.000000e-1
    endloop
  endfacet
  facet normal 1.045966e-1 -9.945147e-1 0.000000e+0
    outer loop
      vertex 3.131652e+1 -6.584056e+0 6.000000e-1
      vertex 3.131652e+1 -6.584056e+0 4.000000e-1
      vertex 3.182663e+1 -6.530406e+0 4.000000e-1
    endloop
  endfacet
  facet normal 1.045966e-1 -9.945147e-1 0.000000e+0
    outer loop
      vertex 3.131652e+1 -6.584056e+0 6.000000e-1
      vertex 3.182663e+1 -6.530406e+0 4.000000e-1
      vertex 3.182663e+1 -6.530406e+0 6.000000e-1
    endloop
  endfacet
  facet normal 2.382859e-1 -9.711950e-1 0.000000e+0
    outer loop
      vertex 3.182663e+1 -6.530406e+0 6.000000e-1
      vertex 3.182663e+1 -6.530406e+0 4.000000e-1
      vertex 3.232359e+1 -6.408474e+0 4.000000e-1
    endloop
  endfacet
  facet normal 2.382859e-1 -9.711950e-1 0.000000e+0
    outer loop
      vertex 3.182663e+1 -6.530406e+0 6.000000e-1
      vertex 3.232359e+1 -6.408474e+0 4.000000e-1
      vertex 3.232359e+1 -6.408474e+0 6.000000e-1
    endloop
  endfacet
  facet normal 3.270173e-1 -9.450184e-1 0.000000e+0
    outer loop
      vertex 3.232359e+1 -6.408474e+0 6.000000e-1
      vertex 3.232359e+1 -6.408474e+0 4.000000e-1
      vertex 3.281153e+1 -6.239627e+0 4.000000e-1
    endloop
  endfacet
  facet normal 3.270173e-1 -9.450184e-1 0.000000e+0
    outer loop
      vertex 3.232359e+1 -6.408474e+0 6.000000e-1
      vertex 3.281153e+1 -6.239627e+0 4.000000e-1
      vertex 3.281153e+1 -6.239627e+0 6.000000e-1
    endloop
  endfacet
  facet normal -4.088743e-1 -9.125907e-1 0.000000e+0
    outer loop
      vertex 2.891823e+1 -6.178217e+0 4.000000e-1
      vertex 2.936549e+1 -6.378607e+0 4.000000e-1
      vertex 2.891823e+1 -6.178217e+0 6.000000e-1
    endloop
  endfacet
  facet normal -4.088743e-1 -9.125907e-1 0.000000e+0
    outer loop
      vertex 2.891823e+1 -6.178217e+0 6.000000e-1
      vertex 2.936549e+1 -6.378607e+0 4.000000e-1
      vertex 2.936549e+1 -6.378607e+0 6.000000e-1
    endloop
  endfacet
  facet normal -2.975319e-1 -9.547119e-1 0.000000e+0
    outer loop
      vertex 2.936549e+1 -6.378607e+0 6.000000e-1
      vertex 2.936549e+1 -6.378607e+0 4.000000e-1
      vertex 2.982650e+1 -6.522278e+0 4.000000e-1
    endloop
  endfacet
  facet normal -2.975319e-1 -9.547119e-1 0.000000e+0
    outer loop
      vertex 2.936549e+1 -6.378607e+0 6.000000e-1
      vertex 2.982650e+1 -6.522278e+0 4.000000e-1
      vertex 2.982650e+1 -6.522278e+0 6.000000e-1
    endloop
  endfacet
  facet normal -1.267918e-1 -9.919294e-1 0.000000e+0
    outer loop
      vertex 2.982650e+1 -6.522278e+0 6.000000e-1
      vertex 2.982650e+1 -6.522278e+0 4.000000e-1
      vertex 3.030742e+1 -6.583751e+0 4.000000e-1
    endloop
  endfacet
  facet normal -1.267918e-1 -9.919294e-1 0.000000e+0
    outer loop
      vertex 2.982650e+1 -6.522278e+0 6.000000e-1
      vertex 3.030742e+1 -6.583751e+0 4.000000e-1
      vertex 3.030742e+1 -6.583751e+0 6.000000e-1
    endloop
  endfacet
  facet normal -3.375975e-2 -9.994300e-1 0.000000e+0
    outer loop
      vertex 3.030742e+1 -6.583751e+0 6.000000e-1
      vertex 3.030742e+1 -6.583751e+0 4.000000e-1
      vertex 3.079922e+1 -6.600363e+0 4.000000e-1
    endloop
  endfacet
  facet normal -3.375975e-2 -9.994300e-1 0.000000e+0
    outer loop
      vertex 3.030742e+1 -6.583751e+0 6.000000e-1
      vertex 3.079922e+1 -6.600363e+0 4.000000e-1
      vertex 3.079922e+1 -6.600363e+0 6.000000e-1
    endloop
  endfacet
  facet normal -9.303157e-1 -3.667597e-1 0.000000e+0
    outer loop
      vertex 2.806404e+1 -5.012722e+0 4.000000e-1
      vertex 2.820100e+1 -5.360133e+0 4.000000e-1
      vertex 2.806404e+1 -5.012722e+0 6.000000e-1
    endloop
  endfacet
  facet normal -9.303157e-1 -3.667597e-1 0.000000e+0
    outer loop
      vertex 2.806404e+1 -5.012722e+0 6.000000e-1
      vertex 2.820100e+1 -5.360133e+0 4.000000e-1
      vertex 2.820100e+1 -5.360133e+0 6.000000e-1
    endloop
  endfacet
  facet normal -8.707607e-1 -4.917071e-1 0.000000e+0
    outer loop
      vertex 2.820100e+1 -5.360133e+0 6.000000e-1
      vertex 2.820100e+1 -5.360133e+0 4.000000e-1
      vertex 2.837986e+1 -5.676883e+0 4.000000e-1
    endloop
  endfacet
  facet normal -8.707607e-1 -4.917071e-1 0.000000e+0
    outer loop
      vertex 2.820100e+1 -5.360133e+0 6.000000e-1
      vertex 2.837986e+1 -5.676883e+0 4.000000e-1
      vertex 2.837986e+1 -5.676883e+0 6.000000e-1
    endloop
  endfacet
  facet normal -7.306914e-1 -6.827079e-1 0.000000e+0
    outer loop
      vertex 2.837986e+1 -5.676883e+0 6.000000e-1
      vertex 2.837986e+1 -5.676883e+0 4.000000e-1
      vertex 2.862827e+1 -5.942751e+0 4.000000e-1
    endloop
  endfacet
  facet normal -7.306914e-1 -6.827079e-1 0.000000e+0
    outer loop
      vertex 2.837986e+1 -5.676883e+0 6.000000e-1
      vertex 2.862827e+1 -5.942751e+0 4.000000e-1
      vertex 2.862827e+1 -5.942751e+0 6.000000e-1
    endloop
  endfacet
  facet normal -6.303884e-1 -7.762799e-1 0.000000e+0
    outer loop
      vertex 2.862827e+1 -5.942751e+0 6.000000e-1
      vertex 2.862827e+1 -5.942751e+0 4.000000e-1
      vertex 2.891823e+1 -6.178217e+0 4.000000e-1
    endloop
  endfacet
  facet normal -6.303884e-1 -7.762799e-1 0.000000e+0
    outer loop
      vertex 2.862827e+1 -5.942751e+0 6.000000e-1
      vertex 2.891823e+1 -6.178217e+0 4.000000e-1
      vertex 2.891823e+1 -6.178217e+0 6.000000e-1
    endloop
  endfacet
  facet normal -9.997905e-1 -2.046769e-2 0.000000e+0
    outer loop
      vertex 2.786048e+1 -3.083374e+0 4.000000e-1
      vertex 2.787045e+1 -3.570316e+0 4.000000e-1
      vertex 2.786048e+1 -3.083374e+0 6.000000e-1
    endloop
  endfacet
  facet normal -9.997905e-1 -2.046769e-2 0.000000e+0
    outer loop
      vertex 2.786048e+1 -3.083374e+0 6.000000e-1
      vertex 2.787045e+1 -3.570316e+0 4.000000e-1
      vertex 2.787045e+1 -3.570316e+0 6.000000e-1
    endloop
  endfacet
  facet normal -9.979952e-1 -6.328925e-2 0.000000e+0
    outer loop
      vertex 2.787045e+1 -3.570316e+0 6.000000e-1
      vertex 2.787045e+1 -3.570316e+0 4.000000e-1
      vertex 2.790118e+1 -4.054921e+0 4.000000e-1
    endloop
  endfacet
  facet normal -9.979952e-1 -6.328925e-2 0.000000e+0
    outer loop
      vertex 2.787045e+1 -3.570316e+0 6.000000e-1
      vertex 2.790118e+1 -4.054921e+0 4.000000e-1
      vertex 2.790118e+1 -4.054921e+0 6.000000e-1
    endloop
  endfacet
  facet normal -9.899716e-1 -1.412664e-1 0.000000e+0
    outer loop
      vertex 2.790118e+1 -4.054921e+0 6.000000e-1
      vertex 2.790118e+1 -4.054921e+0 4.000000e-1
      vertex 2.796973e+1 -4.535272e+0 4.000000e-1
    endloop
  endfacet
  facet normal -9.899716e-1 -1.412664e-1 0.000000e+0
    outer loop
      vertex 2.790118e+1 -4.054921e+0 6.000000e-1
      vertex 2.796973e+1 -4.535272e+0 4.000000e-1
      vertex 2.796973e+1 -4.535272e+0 6.000000e-1
    endloop
  endfacet
  facet normal -9.810444e-1 -1.937830e-1 0.000000e+0
    outer loop
      vertex 2.796973e+1 -4.535272e+0 6.000000e-1
      vertex 2.796973e+1 -4.535272e+0 4.000000e-1
      vertex 2.806404e+1 -5.012722e+0 4.000000e-1
    endloop
  endfacet
  facet normal -9.810444e-1 -1.937830e-1 0.000000e+0
    outer loop
      vertex 2.796973e+1 -4.535272e+0 6.000000e-1
      vertex 2.806404e+1 -5.012722e+0 4.000000e-1
      vertex 2.806404e+1 -5.012722e+0 6.000000e-1
    endloop
  endfacet
  facet normal -9.999976e-1 -2.200742e-3 0.000000e+0
    outer loop
      vertex 2.785035e+1 1.520997e+0 4.000000e-1
      vertex 2.786048e+1 -3.083374e+0 4.000000e-1
      vertex 2.785035e+1 1.520997e+0 6.000000e-1
    endloop
  endfacet
  facet normal -9.999976e-1 -2.200742e-3 0.000000e+0
    outer loop
      vertex 2.785035e+1 1.520997e+0 6.000000e-1
      vertex 2.786048e+1 -3.083374e+0 4.000000e-1
      vertex 2.786048e+1 -3.083374e+0 6.000000e-1
    endloop
  endfacet
  facet normal 2.200742e-3 -9.999976e-1 0.000000e+0
    outer loop
      vertex 2.770777e+1 1.520683e+0 4.000000e-1
      vertex 2.785035e+1 1.520997e+0 4.000000e-1
      vertex 2.770777e+1 1.520683e+0 6.000000e-1
    endloop
  endfacet
  facet normal 2.200742e-3 -9.999976e-1 0.000000e+0
    outer loop
      vertex 2.770777e+1 1.520683e+0 6.000000e-1
      vertex 2.785035e+1 1.520997e+0 4.000000e-1
      vertex 2.785035e+1 1.520997e+0 6.000000e-1
    endloop
  endfacet
  facet normal -5.390922e-1 -8.422468e-1 0.000000e+0
    outer loop
      vertex 2.675462e+1 1.825156e+0 4.000000e-1
      vertex 2.697177e+1 1.686165e+0 4.000000e-1
      vertex 2.675462e+1 1.825156e+0 6.000000e-1
    endloop
  endfacet
  facet normal -5.390922e-1 -8.422468e-1 0.000000e+0
    outer loop
      vertex 2.675462e+1 1.825156e+0 6.000000e-1
      vertex 2.697177e+1 1.686165e+0 4.000000e-1
      vertex 2.697177e+1 1.686165e+0 6.000000e-1
    endloop
  endfacet
  facet normal -4.080439e-1 -9.129623e-1 0.000000e+0
    outer loop
      vertex 2.697177e+1 1.686165e+0 6.000000e-1
      vertex 2.697177e+1 1.686165e+0 4.000000e-1
      vertex 2.720118e+1 1.583632e+0 4.000000e-1
    endloop
  endfacet
  facet normal -4.080439e-1 -9.129623e-1 0.000000e+0
    outer loop
      vertex 2.697177e+1 1.686165e+0 6.000000e-1
      vertex 2.720118e+1 1.583632e+0 4.000000e-1
      vertex 2.720118e+1 1.583632e+0 6.000000e-1
    endloop
  endfacet
  facet normal -1.862325e-1 -9.825057e-1 0.000000e+0
    outer loop
      vertex 2.720118e+1 1.583632e+0 6.000000e-1
      vertex 2.720118e+1 1.583632e+0 4.000000e-1
      vertex 2.744925e+1 1.536611e+0 4.000000e-1
    endloop
  endfacet
  facet normal -1.862325e-1 -9.825057e-1 0.000000e+0
    outer loop
      vertex 2.720118e+1 1.583632e+0 6.000000e-1
      vertex 2.744925e+1 1.536611e+0 4.000000e-1
      vertex 2.744925e+1 1.536611e+0 6.000000e-1
    endloop
  endfacet
  facet normal -6.149442e-2 -9.981074e-1 0.000000e+0
    outer loop
      vertex 2.744925e+1 1.536611e+0 6.000000e-1
      vertex 2.744925e+1 1.536611e+0 4.000000e-1
      vertex 2.770777e+1 1.520683e+0 4.000000e-1
    endloop
  endfacet
  facet normal -6.149442e-2 -9.981074e-1 0.000000e+0
    outer loop
      vertex 2.744925e+1 1.536611e+0 6.000000e-1
      vertex 2.770777e+1 1.520683e+0 4.000000e-1
      vertex 2.770777e+1 1.520683e+0 6.000000e-1
    endloop
  endfacet
  facet normal -9.932989e-1 -1.155734e-1 0.000000e+0
    outer loop
      vertex 2.641312e+1 2.608236e+0 4.000000e-1
      vertex 2.643894e+1 2.386307e+0 4.000000e-1
      vertex 2.641312e+1 2.608236e+0 6.000000e-1
    endloop
  endfacet
  facet normal -9.932989e-1 -1.155734e-1 0.000000e+0
    outer loop
      vertex 2.641312e+1 2.608236e+0 6.000000e-1
      vertex 2.643894e+1 2.386307e+0 4.000000e-1
      vertex 2.643894e+1 2.386307e+0 6.000000e-1
    endloop
  endfacet
  facet normal -9.631475e-1 -2.689736e-1 0.000000e+0
    outer loop
      vertex 2.643894e+1 2.386307e+0 6.000000e-1
      vertex 2.643894e+1 2.386307e+0 4.000000e-1
      vertex 2.649697e+1 2.178524e+0 4.000000e-1
    endloop
  endfacet
  facet normal -9.631475e-1 -2.689736e-1 0.000000e+0
    outer loop
      vertex 2.643894e+1 2.386307e+0 6.000000e-1
      vertex 2.649697e+1 2.178524e+0 4.000000e-1
      vertex 2.649697e+1 2.178524e+0 6.000000e-1
    endloop
  endfacet
  facet normal -8.534219e-1 -5.212207e-1 0.000000e+0
    outer loop
      vertex 2.649697e+1 2.178524e+0 6.000000e-1
      vertex 2.649697e+1 2.178524e+0 4.000000e-1
      vertex 2.660930e+1 1.994595e+0 4.000000e-1
    endloop
  endfacet
  facet normal -8.534219e-1 -5.212207e-1 0.000000e+0
    outer loop
      vertex 2.649697e+1 2.178524e+0 6.000000e-1
      vertex 2.660930e+1 1.994595e+0 4.000000e-1
      vertex 2.660930e+1 1.994595e+0 6.000000e-1
    endloop
  endfacet
  facet normal -7.590700e-1 -6.510091e-1 0.000000e+0
    outer loop
      vertex 2.660930e+1 1.994595e+0 6.000000e-1
      vertex 2.660930e+1 1.994595e+0 4.000000e-1
      vertex 2.675462e+1 1.825156e+0 4.000000e-1
    endloop
  endfacet
  facet normal -7.590700e-1 -6.510091e-1 0.000000e+0
    outer loop
      vertex 2.660930e+1 1.994595e+0 6.000000e-1
      vertex 2.675462e+1 1.825156e+0 4.000000e-1
      vertex 2.675462e+1 1.825156e+0 6.000000e-1
    endloop
  endfacet
  facet normal -7.409902e-1 6.715158e-1 0.000000e+0
    outer loop
      vertex 2.676807e+1 3.388844e+0 4.000000e-1
      vertex 2.661701e+1 3.222152e+0 4.000000e-1
      vertex 2.676807e+1 3.388844e+0 6.000000e-1
    endloop
  endfacet
  facet normal -7.409902e-1 6.715158e-1 0.000000e+0
    outer loop
      vertex 2.676807e+1 3.388844e+0 6.000000e-1
      vertex 2.661701e+1 3.222152e+0 4.000000e-1
      vertex 2.661701e+1 3.222152e+0 6.000000e-1
    endloop
  endfacet
  facet normal -8.417903e-1 5.398048e-1 0.000000e+0
    outer loop
      vertex 2.661701e+1 3.222152e+0 6.000000e-1
      vertex 2.661701e+1 3.222152e+0 4.000000e-1
      vertex 2.650011e+1 3.039858e+0 4.000000e-1
    endloop
  endfacet
  facet normal -8.417903e-1 5.398048e-1 0.000000e+0
    outer loop
      vertex 2.661701e+1 3.222152e+0 6.000000e-1
      vertex 2.650011e+1 3.039858e+0 4.000000e-1
      vertex 2.650011e+1 3.039858e+0 6.000000e-1
    endloop
  endfacet
  facet normal -9.604376e-1 2.784953e-1 0.000000e+0
    outer loop
      vertex 2.650011e+1 3.039858e+0 6.000000e-1
      vertex 2.650011e+1 3.039858e+0 4.000000e-1
      vertex 2.643976e+1 2.831742e+0 4.000000e-1
    endloop
  endfacet
  facet normal -9.604376e-1 2.784953e-1 0.000000e+0
    outer loop
      vertex 2.650011e+1 3.039858e+0 6.000000e-1
      vertex 2.643976e+1 2.831742e+0 4.000000e-1
      vertex 2.643976e+1 2.831742e+0 6.000000e-1
    endloop
  endfacet
  facet normal -9.929689e-1 1.183758e-1 0.000000e+0
    outer loop
      vertex 2.643976e+1 2.831742e+0 6.000000e-1
      vertex 2.643976e+1 2.831742e+0 4.000000e-1
      vertex 2.641312e+1 2.608236e+0 4.000000e-1
    endloop
  endfacet
  facet normal -9.929689e-1 1.183758e-1 0.000000e+0
    outer loop
      vertex 2.643976e+1 2.831742e+0 6.000000e-1
      vertex 2.641312e+1 2.608236e+0 4.000000e-1
      vertex 2.641312e+1 2.608236e+0 6.000000e-1
    endloop
  endfacet
  facet normal -6.192985e-2 9.980805e-1 0.000000e+0
    outer loop
      vertex 2.775775e+1 3.692568e+0 4.000000e-1
      vertex 2.749113e+1 3.676025e+0 4.000000e-1
      vertex 2.775775e+1 3.692568e+0 6.000000e-1
    endloop
  endfacet
  facet normal -6.192985e-2 9.980805e-1 0.000000e+0
    outer loop
      vertex 2.775775e+1 3.692568e+0 6.000000e-1
      vertex 2.749113e+1 3.676025e+0 4.000000e-1
      vertex 2.749113e+1 3.676025e+0 6.000000e-1
    endloop
  endfacet
  facet normal -1.807042e-1 9.835375e-1 0.000000e+0
    outer loop
      vertex 2.749113e+1 3.676025e+0 6.000000e-1
      vertex 2.749113e+1 3.676025e+0 4.000000e-1
      vertex 2.723442e+1 3.628858e+0 4.000000e-1
    endloop
  endfacet
  facet normal -1.807042e-1 9.835375e-1 0.000000e+0
    outer loop
      vertex 2.749113e+1 3.676025e+0 6.000000e-1
      vertex 2.723442e+1 3.628858e+0 4.000000e-1
      vertex 2.723442e+1 3.628858e+0 6.000000e-1
    endloop
  endfacet
  facet normal -3.923581e-1 9.198126e-1 0.000000e+0
    outer loop
      vertex 2.723442e+1 3.628858e+0 6.000000e-1
      vertex 2.723442e+1 3.628858e+0 4.000000e-1
      vertex 2.699541e+1 3.526906e+0 4.000000e-1
    endloop
  endfacet
  facet normal -3.923581e-1 9.198126e-1 0.000000e+0
    outer loop
      vertex 2.723442e+1 3.628858e+0 6.000000e-1
      vertex 2.699541e+1 3.526906e+0 4.000000e-1
      vertex 2.699541e+1 3.526906e+0 6.000000e-1
    endloop
  endfacet
  facet normal -5.190789e-1 8.547263e-1 0.000000e+0
    outer loop
      vertex 2.699541e+1 3.526906e+0 6.000000e-1
      vertex 2.699541e+1 3.526906e+0 4.000000e-1
      vertex 2.676807e+1 3.388844e+0 4.000000e-1
    endloop
  endfacet
  facet normal -5.190789e-1 8.547263e-1 0.000000e+0
    outer loop
      vertex 2.699541e+1 3.526906e+0 6.000000e-1
      vertex 2.676807e+1 3.388844e+0 4.000000e-1
      vertex 2.676807e+1 3.388844e+0 6.000000e-1
    endloop
  endfacet
  facet normal 0.000000e+0 0.000000e+0 1.000000e+0
    outer loop
      vertex 2.784557e+1 3.692762e+0 6.000000e-1
      vertex 2.775775e+1 3.692568e+0 6.000000e-1
      vertex 3.169079e+1 3.684373e+0 6.000000e-1
    endloop
  endfacet
  facet normal 0.000000e+0 0.000000e+0 1.000000e+0
    outer loop
      vertex 3.169079e+1 3.684373e+0 6.000000e-1
      vertex 2.775775e+1 3.692568e+0 6.000000e-1
      vertex 2.749113e+1 3.676025e+0 6.000000e-1
    endloop
  endfacet
  facet normal 0.000000e+0 0.000000e+0 1.000000e+0
    outer loop
      vertex 3.169079e+1 3.684373e+0 6.000000e-1
      vertex 2.749113e+1 3.676025e+0 6.000000e-1
      vertex 3.193658e+1 3.637145e+0 6.000000e-1
    endloop
  endfacet
  facet normal 0.000000e+0 0.000000e+0 1.000000e+0
    outer loop
      vertex 3.193658e+1 3.637145e+0 6.000000e-1
      vertex 2.749113e+1 3.676025e+0 6.000000e-1
      vertex 2.723442e+1 3.628858e+0 6.000000e-1
    endloop
  endfacet
  facet normal 0.000000e+0 0.000000e+0 1.000000e+0
    outer loop
      vertex 3.193658e+1 3.637145e+0 6.000000e-1
      vertex 2.723442e+1 3.628858e+0 6.000000e-1
      vertex 3.216375e+1 3.534838e+0 6.000000e-1
    endloop
  endfacet
  facet normal 3.976280e-17 2.084708e-15 1.000000e+0
    outer loop
      vertex 3.216375e+1 3.534838e+0 6.000000e-1
      vertex 2.723442e+1 3.628858e+0 6.000000e-1
      vertex 2.699541e+1 3.526906e+0 6.000000e-1
    endloop
  endfacet
  facet normal 4.286020e-17 6.662550e-17 1.000000e+0
    outer loop
      vertex 3.216375e+1 3.534838e+0 6.000000e-1
      vertex 2.699541e+1 3.526906e+0 6.000000e-1
      vertex 3.237874e+1 3.396532e+0 6.000000e-1
    endloop
  endfacet
  facet normal 2.208674e-18 -1.611931e-15 1.000000e+0
    outer loop
      vertex 3.237874e+1 3.396532e+0 6.000000e-1
      vertex 2.699541e+1 3.526906e+0 6.000000e-1
      vertex 2.676807e+1 3.388844e+0 6.000000e-1
    endloop
  endfacet
  facet normal 0.000000e+0 0.000000e+0 1.000000e+0
    outer loop
      vertex 3.237874e+1 3.396532e+0 6.000000e-1
      vertex 2.676807e+1 3.388844e+0 6.000000e-1
      vertex 3.252343e+1 3.229194e+0 6.000000e-1
    endloop
  endfacet
  facet normal 0.000000e+0 0.000000e+0 1.000000e+0
    outer loop
      vertex 3.252343e+1 3.229194e+0 6.000000e-1
      vertex 2.676807e+1 3.388844e+0 6.000000e-1
      vertex 2.661701e+1 3.222152e+0 6.000000e-1
    endloop
  endfacet
  facet normal 0.000000e+0 0.000000e+0 1.000000e+0
    outer loop
      vertex 3.252343e+1 3.229194e+0 6.000000e-1
      vertex 2.661701e+1 3.222152e+0 6.000000e-1
      vertex 3.072118e+1 1.527315e+0 6.000000e-1
    endloop
  endfacet
  facet normal 0.000000e+0 0.000000e+0 1.000000e+0
    outer loop
      vertex 3.072118e+1 1.527315e+0 6.000000e-1
      vertex 2.661701e+1 3.222152e+0 6.000000e-1
      vertex 2.785035e+1 1.520997e+0 6.000000e-1
    endloop
  endfacet
  facet normal 0.000000e+0 0.000000e+0 1.000000e+0
    outer loop
      vertex 3.072118e+1 1.527315e+0 6.000000e-1
      vertex 2.785035e+1 1.520997e+0 6.000000e-1
      vertex 3.073087e+1 -2.875638e+0 6.000000e-1
    endloop
  endfacet
  facet normal 0.000000e+0 0.000000e+0 1.000000e+0
    outer loop
      vertex 3.073087e+1 -2.875638e+0 6.000000e-1
      vertex 2.785035e+1 1.520997e+0 6.000000e-1
      vertex 2.786048e+1 -3.083374e+0 6.000000e-1
    endloop
  endfacet
  facet normal 0.000000e+0 0.000000e+0 1.000000e+0
    outer loop
      vertex 3.073087e+1 -2.875638e+0 6.000000e-1
      vertex 2.786048e+1 -3.083374e+0 6.000000e-1
      vertex 3.073214e+1 -3.091661e+0 6.000000e-1
    endloop
  endfacet
  facet normal 0.000000e+0 0.000000e+0 1.000000e+0
    outer loop
      vertex 3.073214e+1 -3.091661e+0 6.000000e-1
      vertex 2.786048e+1 -3.083374e+0 6.000000e-1
      vertex 2.787045e+1 -3.570316e+0 6.000000e-1
    endloop
  endfacet
  facet normal 0.000000e+0 0.000000e+0 1.000000e+0
    outer loop
      vertex 3.073214e+1 -3.091661e+0 6.000000e-1
      vertex 2.787045e+1 -3.570316e+0 6.000000e-1
      vertex 3.073744e+1 -3.307487e+0 6.000000e-1
    endloop
  endfacet
  facet normal 0.000000e+0 0.000000e+0 1.000000e+0
    outer loop
      vertex 3.073744e+1 -3.307487e+0 6.000000e-1
      vertex 2.787045e+1 -3.570316e+0 6.000000e-1
      vertex 2.790118e+1 -4.054921e+0 6.000000e-1
    endloop
  endfacet
  facet normal 0.000000e+0 0.000000e+0 1.000000e+0
    outer loop
      vertex 3.073744e+1 -3.307487e+0 6.000000e-1
      vertex 2.790118e+1 -4.054921e+0 6.000000e-1
      vertex 2.862827e+1 -5.942751e+0 6.000000e-1
    endloop
  endfacet
  facet normal 0.000000e+0 0.000000e+0 1.000000e+0
    outer loop
      vertex 2.862827e+1 -5.942751e+0 6.000000e-1
      vertex 2.790118e+1 -4.054921e+0 6.000000e-1
      vertex 2.796973e+1 -4.535272e+0 6.000000e-1
    endloop
  endfacet
  facet normal 0.000000e+0 0.000000e+0 1.000000e+0
    outer loop
      vertex 2.862827e+1 -5.942751e+0 6.000000e-1
      vertex 2.796973e+1 -4.535272e+0 6.000000e-1
      vertex 2.837986e+1 -5.676883e+0 6.000000e-1
    endloop
  endfacet
  facet normal 0.000000e+0 0.000000e+0 1.000000e+0
    outer loop
      vertex 2.837986e+1 -5.676883e+0 6.000000e-1
      vertex 2.796973e+1 -4.535272e+0 6.000000e-1
      vertex 2.820100e+1 -5.360133e+0 6.000000e-1
    endloop
  endfacet
  facet normal 0.000000e+0 0.000000e+0 1.000000e+0
    outer loop
      vertex 2.820100e+1 -5.360133e+0 6.000000e-1
      vertex 2.796973e+1 -4.535272e+0 6.000000e-1
      vertex 2.806404e+1 -5.012722e+0 6.000000e-1
    endloop
  endfacet
  facet normal 0.000000e+0 0.000000e+0 1.000000e+0
    outer loop
      vertex 2.650011e+1 3.039858e+0 6.000000e-1
      vertex 2.660930e+1 1.994595e+0 6.000000e-1
      vertex 2.661701e+1 3.222152e+0 6.000000e-1
    endloop
  endfacet
  facet normal 0.000000e+0 0.000000e+0 1.000000e+0
    outer loop
      vertex 2.661701e+1 3.222152e+0 6.000000e-1
      vertex 2.660930e+1 1.994595e+0 6.000000e-1
      vertex 2.675462e+1 1.825156e+0 6.000000e-1
    endloop
  endfacet
  facet normal 0.000000e+0 0.000000e+0 1.000000e+0
    outer loop
      vertex 2.661701e+1 3.222152e+0 6.000000e-1
      vertex 2.675462e+1 1.825156e+0 6.000000e-1
      vertex 2.697177e+1 1.686165e+0 6.000000e-1
    endloop
  endfacet
  facet normal 0.000000e+0 0.000000e+0 1.000000e+0
    outer loop
      vertex 2.650011e+1 3.039858e+0 6.000000e-1
      vertex 2.643976e+1 2.831742e+0 6.000000e-1
      vertex 2.660930e+1 1.994595e+0 6.000000e-1
    endloop
  endfacet
  facet normal 0.000000e+0 0.000000e+0 1.000000e+0
    outer loop
      vertex 2.660930e+1 1.994595e+0 6.000000e-1
      vertex 2.643976e+1 2.831742e+0 6.000000e-1
      vertex 2.649697e+1 2.178524e+0 6.000000e-1
    endloop
  endfacet
  facet normal 0.000000e+0 0.000000e+0 1.000000e+0
    outer loop
      vertex 2.649697e+1 2.178524e+0 6.000000e-1
      vertex 2.643976e+1 2.831742e+0 6.000000e-1
      vertex 2.643894e+1 2.386307e+0 6.000000e-1
    endloop
  endfacet
  facet normal 0.000000e+0 0.000000e+0 1.000000e+0
    outer loop
      vertex 2.643894e+1 2.386307e+0 6.000000e-1
      vertex 2.643976e+1 2.831742e+0 6.000000e-1
      vertex 2.641312e+1 2.608236e+0 6.000000e-1
    endloop
  endfacet
  facet normal 0.000000e+0 0.000000e+0 1.000000e+0
    outer loop
      vertex 2.697177e+1 1.686165e+0 6.000000e-1
      vertex 2.720118e+1 1.583632e+0 6.000000e-1
      vertex 2.661701e+1 3.222152e+0 6.000000e-1
    endloop
  endfacet
  facet normal 0.000000e+0 0.000000e+0 1.000000e+0
    outer loop
      vertex 2.661701e+1 3.222152e+0 6.000000e-1
      vertex 2.720118e+1 1.583632e+0 6.000000e-1
      vertex 2.744925e+1 1.536611e+0 6.000000e-1
    endloop
  endfacet
  facet normal 0.000000e+0 0.000000e+0 1.000000e+0
    outer loop
      vertex 2.661701e+1 3.222152e+0 6.000000e-1
      vertex 2.744925e+1 1.536611e+0 6.000000e-1
      vertex 2.770777e+1 1.520683e+0 6.000000e-1
    endloop
  endfacet
  facet normal 0.000000e+0 0.000000e+0 1.000000e+0
    outer loop
      vertex 2.770777e+1 1.520683e+0 6.000000e-1
      vertex 2.785035e+1 1.520997e+0 6.000000e-1
      vertex 2.661701e+1 3.222152e+0 6.000000e-1
    endloop
  endfacet
  facet normal 0.000000e+0 0.000000e+0 1.000000e+0
    outer loop
      vertex 2.862827e+1 -5.942751e+0 6.000000e-1
      vertex 2.891823e+1 -6.178217e+0 6.000000e-1
      vertex 3.073744e+1 -3.307487e+0 6.000000e-1
    endloop
  endfacet
  facet normal 0.000000e+0 0.000000e+0 1.000000e+0
    outer loop
      vertex 3.073744e+1 -3.307487e+0 6.000000e-1
      vertex 2.891823e+1 -6.178217e+0 6.000000e-1
      vertex 3.075036e+1 -3.522935e+0 6.000000e-1
    endloop
  endfacet
  facet normal 0.000000e+0 0.000000e+0 1.000000e+0
    outer loop
      vertex 3.075036e+1 -3.522935e+0 6.000000e-1
      vertex 2.891823e+1 -6.178217e+0 6.000000e-1
      vertex 2.936549e+1 -6.378607e+0 6.000000e-1
    endloop
  endfacet
  facet normal 0.000000e+0 0.000000e+0 1.000000e+0
    outer loop
      vertex 3.075036e+1 -3.522935e+0 6.000000e-1
      vertex 2.936549e+1 -6.378607e+0 6.000000e-1
      vertex 3.076896e+1 -3.738103e+0 6.000000e-1
    endloop
  endfacet
  facet normal 0.000000e+0 0.000000e+0 1.000000e+0
    outer loop
      vertex 3.076896e+1 -3.738103e+0 6.000000e-1
      vertex 2.936549e+1 -6.378607e+0 6.000000e-1
      vertex 2.982650e+1 -6.522278e+0 6.000000e-1
    endloop
  endfacet
  facet normal 0.000000e+0 0.000000e+0 1.000000e+0
    outer loop
      vertex 3.076896e+1 -3.738103e+0 6.000000e-1
      vertex 2.982650e+1 -6.522278e+0 6.000000e-1
      vertex 3.078917e+1 -3.851397e+0 6.000000e-1
    endloop
  endfacet
  facet normal 0.000000e+0 0.000000e+0 1.000000e+0
    outer loop
      vertex 3.078917e+1 -3.851397e+0 6.000000e-1
      vertex 2.982650e+1 -6.522278e+0 6.000000e-1
      vertex 3.082014e+1 -3.960251e+0 6.000000e-1
    endloop
  endfacet
  facet normal 0.000000e+0 0.000000e+0 1.000000e+0
    outer loop
      vertex 3.082014e+1 -3.960251e+0 6.000000e-1
      vertex 2.982650e+1 -6.522278e+0 6.000000e-1
      vertex 3.030742e+1 -6.583751e+0 6.000000e-1
    endloop
  endfacet
  facet normal 1.582714e-15 -3.093090e-16 1.000000e+0
    outer loop
      vertex 3.082014e+1 -3.960251e+0 6.000000e-1
      vertex 3.030742e+1 -6.583751e+0 6.000000e-1
      vertex 3.087058e+1 -4.061065e+0 6.000000e-1
    endloop
  endfacet
  facet normal -1.258533e-15 3.249593e-16 1.000000e+0
    outer loop
      vertex 3.087058e+1 -4.061065e+0 6.000000e-1
      vertex 3.030742e+1 -6.583751e+0 6.000000e-1
      vertex 3.093416e+1 -4.156454e+0 6.000000e-1
    endloop
  endfacet
  facet normal 0.000000e+0 0.000000e+0 1.000000e+0
    outer loop
      vertex 3.093416e+1 -4.156454e+0 6.000000e-1
      vertex 3.030742e+1 -6.583751e+0 6.000000e-1
      vertex 3.079922e+1 -6.600363e+0 6.000000e-1
    endloop
  endfacet
  facet normal 0.000000e+0 0.000000e+0 1.000000e+0
    outer loop
      vertex 3.093416e+1 -4.156454e+0 6.000000e-1
      vertex 3.079922e+1 -6.600363e+0 6.000000e-1
      vertex 3.103392e+1 -4.224463e+0 6.000000e-1
    endloop
  endfacet
  facet normal 0.000000e+0 0.000000e+0 1.000000e+0
    outer loop
      vertex 3.103392e+1 -4.224463e+0 6.000000e-1
      vertex 3.079922e+1 -6.600363e+0 6.000000e-1
      vertex 3.114065e+1 -4.272444e+0 6.000000e-1
    endloop
  endfacet
  facet normal 0.000000e+0 0.000000e+0 1.000000e+0
    outer loop
      vertex 3.114065e+1 -4.272444e+0 6.000000e-1
      vertex 3.079922e+1 -6.600363e+0 6.000000e-1
      vertex 3.131652e+1 -6.584056e+0 6.000000e-1
    endloop
  endfacet
  facet normal 0.000000e+0 0.000000e+0 1.000000e+0
    outer loop
      vertex 3.114065e+1 -4.272444e+0 6.000000e-1
      vertex 3.131652e+1 -6.584056e+0 6.000000e-1
      vertex 3.125720e+1 -4.292227e+0 6.000000e-1
    endloop
  endfacet
  facet normal 0.000000e+0 0.000000e+0 1.000000e+0
    outer loop
      vertex 3.125720e+1 -4.292227e+0 6.000000e-1
      vertex 3.131652e+1 -6.584056e+0 6.000000e-1
      vertex 3.137904e+1 -4.296817e+0 6.000000e-1
    endloop
  endfacet
  facet normal 0.000000e+0 0.000000e+0 1.000000e+0
    outer loop
      vertex 3.137904e+1 -4.296817e+0 6.000000e-1
      vertex 3.131652e+1 -6.584056e+0 6.000000e-1
      vertex 3.182663e+1 -6.530406e+0 6.000000e-1
    endloop
  endfacet
  facet normal 0.000000e+0 0.000000e+0 1.000000e+0
    outer loop
      vertex 3.137904e+1 -4.296817e+0 6.000000e-1
      vertex 3.182663e+1 -6.530406e+0 6.000000e-1
      vertex 3.232359e+1 -6.408474e+0 6.000000e-1
    endloop
  endfacet
  facet normal 0.000000e+0 0.000000e+0 1.000000e+0
    outer loop
      vertex 3.137904e+1 -4.296817e+0 6.000000e-1
      vertex 3.232359e+1 -6.408474e+0 6.000000e-1
      vertex 3.309099e+1 -4.313714e+0 6.000000e-1
    endloop
  endfacet
  facet normal 0.000000e+0 0.000000e+0 1.000000e+0
    outer loop
      vertex 3.309099e+1 -4.313714e+0 6.000000e-1
      vertex 3.232359e+1 -6.408474e+0 6.000000e-1
      vertex 3.281153e+1 -6.239627e+0 6.000000e-1
    endloop
  endfacet
  facet normal 0.000000e+0 0.000000e+0 1.000000e+0
    outer loop
      vertex 3.309099e+1 -4.313714e+0 6.000000e-1
      vertex 3.281153e+1 -6.239627e+0 6.000000e-1
      vertex 3.310891e+1 -6.046696e+0 6.000000e-1
    endloop
  endfacet
  facet normal 0.000000e+0 0.000000e+0 1.000000e+0
    outer loop
      vertex 3.310891e+1 -6.046696e+0 6.000000e-1
      vertex 3.323857e+1 -5.937652e+0 6.000000e-1
      vertex 3.309099e+1 -4.313714e+0 6.000000e-1
    endloop
  endfacet
  facet normal 0.000000e+0 0.000000e+0 1.000000e+0
    outer loop
      vertex 3.309099e+1 -4.313714e+0 6.000000e-1
      vertex 3.323857e+1 -5.937652e+0 6.000000e-1
      vertex 3.324113e+1 -4.436466e+0 6.000000e-1
    endloop
  endfacet
  facet normal -1.041388e-15 1.771459e-18 1.000000e+0
    outer loop
      vertex 3.324113e+1 -4.436466e+0 6.000000e-1
      vertex 3.323857e+1 -5.937652e+0 6.000000e-1
      vertex 3.334540e+1 -5.813515e+0 6.000000e-1
    endloop
  endfacet
  facet normal 1.127128e-16 8.915776e-17 1.000000e+0
    outer loop
      vertex 3.324113e+1 -4.436466e+0 6.000000e-1
      vertex 3.334540e+1 -5.813515e+0 6.000000e-1
      vertex 3.336809e+1 -4.596969e+0 6.000000e-1
    endloop
  endfacet
  facet normal 1.301500e-15 6.698273e-17 1.000000e+0
    outer loop
      vertex 3.336809e+1 -4.596969e+0 6.000000e-1
      vertex 3.334540e+1 -5.813515e+0 6.000000e-1
      vertex 3.342333e+1 -5.670286e+0 6.000000e-1
    endloop
  endfacet
  facet normal 0.000000e+0 0.000000e+0 1.000000e+0
    outer loop
      vertex 3.336809e+1 -4.596969e+0 6.000000e-1
      vertex 3.342333e+1 -5.670286e+0 6.000000e-1
      vertex 3.347652e+1 -5.510708e+0 6.000000e-1
    endloop
  endfacet
  facet normal 0.000000e+0 0.000000e+0 1.000000e+0
    outer loop
      vertex 3.354166e+1 -5.164292e+0 6.000000e-1
      vertex 3.351823e+1 -4.960932e+0 6.000000e-1
      vertex 3.347652e+1 -5.510708e+0 6.000000e-1
    endloop
  endfacet
  facet normal 0.000000e+0 0.000000e+0 1.000000e+0
    outer loop
      vertex 3.347652e+1 -5.510708e+0 6.000000e-1
      vertex 3.351823e+1 -4.960932e+0 6.000000e-1
      vertex 3.346669e+1 -4.769210e+0 6.000000e-1
    endloop
  endfacet
  facet normal 0.000000e+0 0.000000e+0 1.000000e+0
    outer loop
      vertex 3.347652e+1 -5.510708e+0 6.000000e-1
      vertex 3.346669e+1 -4.769210e+0 6.000000e-1
      vertex 3.336809e+1 -4.596969e+0 6.000000e-1
    endloop
  endfacet
  facet normal 0.000000e+0 0.000000e+0 1.000000e+0
    outer loop
      vertex 3.292975e+1 -4.216826e+0 6.000000e-1
      vertex 3.274955e+1 -4.164173e+0 6.000000e-1
      vertex 3.309099e+1 -4.313714e+0 6.000000e-1
    endloop
  endfacet
  facet normal 0.000000e+0 0.000000e+0 1.000000e+0
    outer loop
      vertex 3.309099e+1 -4.313714e+0 6.000000e-1
      vertex 3.274955e+1 -4.164173e+0 6.000000e-1
      vertex 3.255764e+1 -4.138826e+0 6.000000e-1
    endloop
  endfacet
  facet normal 0.000000e+0 0.000000e+0 1.000000e+0
    outer loop
      vertex 3.309099e+1 -4.313714e+0 6.000000e-1
      vertex 3.255764e+1 -4.138826e+0 6.000000e-1
      vertex 3.240771e+1 -4.148324e+0 6.000000e-1
    endloop
  endfacet
  facet normal 5.186404e-16 2.142653e-15 1.000000e+0
    outer loop
      vertex 3.240771e+1 -4.148324e+0 6.000000e-1
      vertex 3.225857e+1 -4.164037e+0 6.000000e-1
      vertex 3.309099e+1 -4.313714e+0 6.000000e-1
    endloop
  endfacet
  facet normal -3.264241e-16 -2.557145e-15 1.000000e+0
    outer loop
      vertex 3.309099e+1 -4.313714e+0 6.000000e-1
      vertex 3.225857e+1 -4.164037e+0 6.000000e-1
      vertex 3.211053e+1 -4.188557e+0 6.000000e-1
    endloop
  endfacet
  facet normal 0.000000e+0 0.000000e+0 1.000000e+0
    outer loop
      vertex 3.309099e+1 -4.313714e+0 6.000000e-1
      vertex 3.211053e+1 -4.188557e+0 6.000000e-1
      vertex 3.196310e+1 -4.217834e+0 6.000000e-1
    endloop
  endfacet
  facet normal 2.286076e-16 2.689241e-15 1.000000e+0
    outer loop
      vertex 3.196310e+1 -4.217834e+0 6.000000e-1
      vertex 3.181826e+1 -4.246806e+0 6.000000e-1
      vertex 3.309099e+1 -4.313714e+0 6.000000e-1
    endloop
  endfacet
  facet normal -1.157566e-16 -3.861249e-15 1.000000e+0
    outer loop
      vertex 3.309099e+1 -4.313714e+0 6.000000e-1
      vertex 3.181826e+1 -4.246806e+0 6.000000e-1
      vertex 3.167285e+1 -4.271199e+0 6.000000e-1
    endloop
  endfacet
  facet normal 0.000000e+0 0.000000e+0 1.000000e+0
    outer loop
      vertex 3.309099e+1 -4.313714e+0 6.000000e-1
      vertex 3.167285e+1 -4.271199e+0 6.000000e-1
      vertex 3.152633e+1 -4.287065e+0 6.000000e-1
    endloop
  endfacet
  facet normal 0.000000e+0 0.000000e+0 1.000000e+0
    outer loop
      vertex 3.152633e+1 -4.287065e+0 6.000000e-1
      vertex 3.137904e+1 -4.296817e+0 6.000000e-1
      vertex 3.309099e+1 -4.313714e+0 6.000000e-1
    endloop
  endfacet
  facet normal 0.000000e+0 0.000000e+0 1.000000e+0
    outer loop
      vertex 3.072118e+1 1.527315e+0 6.000000e-1
      vertex 3.099164e+1 1.527910e+0 6.000000e-1
      vertex 3.252343e+1 3.229194e+0 6.000000e-1
    endloop
  endfacet
  facet normal 0.000000e+0 0.000000e+0 1.000000e+0
    outer loop
      vertex 3.252343e+1 3.229194e+0 6.000000e-1
      vertex 3.099164e+1 1.527910e+0 6.000000e-1
      vertex 3.131661e+1 1.539571e+0 6.000000e-1
    endloop
  endfacet
  facet normal 0.000000e+0 0.000000e+0 1.000000e+0
    outer loop
      vertex 3.252343e+1 3.229194e+0 6.000000e-1
      vertex 3.131661e+1 1.539571e+0 6.000000e-1
      vertex 3.163657e+1 1.575858e+0 6.000000e-1
    endloop
  endfacet
  facet normal 0.000000e+0 0.000000e+0 1.000000e+0
    outer loop
      vertex 3.163657e+1 1.575858e+0 6.000000e-1
      vertex 3.194746e+1 1.656859e+0 6.000000e-1
      vertex 3.252343e+1 3.229194e+0 6.000000e-1
    endloop
  endfacet
  facet normal 0.000000e+0 0.000000e+0 1.000000e+0
    outer loop
      vertex 3.252343e+1 3.229194e+0 6.000000e-1
      vertex 3.194746e+1 1.656859e+0 6.000000e-1
      vertex 3.225220e+1 1.768149e+0 6.000000e-1
    endloop
  endfacet
  facet normal 0.000000e+0 0.000000e+0 1.000000e+0
    outer loop
      vertex 3.252343e+1 3.229194e+0 6.000000e-1
      vertex 3.225220e+1 1.768149e+0 6.000000e-1
      vertex 3.245940e+1 1.930438e+0 6.000000e-1
    endloop
  endfacet
  facet normal 0.000000e+0 0.000000e+0 1.000000e+0
    outer loop
      vertex 3.245940e+1 1.930438e+0 6.000000e-1
      vertex 3.254705e+1 2.020640e+0 6.000000e-1
      vertex 3.252343e+1 3.229194e+0 6.000000e-1
    endloop
  endfacet
  facet normal 0.000000e+0 0.000000e+0 1.000000e+0
    outer loop
      vertex 3.252343e+1 3.229194e+0 6.000000e-1
      vertex 3.254705e+1 2.020640e+0 6.000000e-1
      vertex 3.263560e+1 3.047455e+0 6.000000e-1
    endloop
  endfacet
  facet normal 0.000000e+0 0.000000e+0 1.000000e+0
    outer loop
      vertex 3.263560e+1 3.047455e+0 6.000000e-1
      vertex 3.254705e+1 2.020640e+0 6.000000e-1
      vertex 3.269398e+1 2.841885e+0 6.000000e-1
    endloop
  endfacet
  facet normal 0.000000e+0 0.000000e+0 1.000000e+0
    outer loop
      vertex 3.269398e+1 2.841885e+0 6.000000e-1
      vertex 3.254705e+1 2.020640e+0 6.000000e-1
      vertex 3.272030e+1 2.622117e+0 6.000000e-1
    endloop
  endfacet
  facet normal -2.380736e-15 6.857291e-16 1.000000e+0
    outer loop
      vertex 3.272030e+1 2.622117e+0 6.000000e-1
      vertex 3.254705e+1 2.020640e+0 6.000000e-1
      vertex 3.269108e+1 2.358770e+0 6.000000e-1
    endloop
  endfacet
  facet normal 2.997588e-15 -1.605161e-15 1.000000e+0
    outer loop
      vertex 3.269108e+1 2.358770e+0 6.000000e-1
      vertex 3.254705e+1 2.020640e+0 6.000000e-1
      vertex 3.266201e+1 2.235309e+0 6.000000e-1
    endloop
  endfacet
  facet normal 0.000000e+0 0.000000e+0 1.000000e+0
    outer loop
      vertex 3.266201e+1 2.235309e+0 6.000000e-1
      vertex 3.254705e+1 2.020640e+0 6.000000e-1
      vertex 3.261557e+1 2.121704e+0 6.000000e-1
    endloop
  endfacet
  facet normal 0.000000e+0 0.000000e+0 1.000000e+0
    outer loop
      vertex 3.143455e+1 3.700660e+0 6.000000e-1
      vertex 3.071640e+1 3.699080e+0 6.000000e-1
      vertex 3.169079e+1 3.684373e+0 6.000000e-1
    endloop
  endfacet
  facet normal 0.000000e+0 0.000000e+0 1.000000e+0
    outer loop
      vertex 3.169079e+1 3.684373e+0 6.000000e-1
      vertex 3.071640e+1 3.699080e+0 6.000000e-1
      vertex 2.784557e+1 3.692762e+0 6.000000e-1
    endloop
  endfacet
  facet normal 0.000000e+0 0.000000e+0 1.000000e+0
    outer loop
      vertex 2.784557e+1 3.692762e+0 6.000000e-1
      vertex 3.071640e+1 3.699080e+0 6.000000e-1
      vertex 2.784268e+1 5.007880e+0 6.000000e-1
    endloop
  endfacet
  facet normal 0.000000e+0 0.000000e+0 1.000000e+0
    outer loop
      vertex 2.784268e+1 5.007880e+0 6.000000e-1
      vertex 3.071640e+1 3.699080e+0 6.000000e-1
      vertex 3.071307e+1 5.215616e+0 6.000000e-1
    endloop
  endfacet
  facet normal 0.000000e+0 0.000000e+0 1.000000e+0
    outer loop
      vertex 2.784268e+1 5.007880e+0 6.000000e-1
      vertex 3.071307e+1 5.215616e+0 6.000000e-1
      vertex 2.926385e+1 7.312402e+0 6.000000e-1
    endloop
  endfacet
  facet normal 0.000000e+0 0.000000e+0 1.000000e+0
    outer loop
      vertex 2.926385e+1 7.312402e+0 6.000000e-1
      vertex 3.071307e+1 5.215616e+0 6.000000e-1
      vertex 2.953856e+1 7.278028e+0 6.000000e-1
    endloop
  endfacet
  facet normal 0.000000e+0 0.000000e+0 1.000000e+0
    outer loop
      vertex 2.953856e+1 7.278028e+0 6.000000e-1
      vertex 3.071307e+1 5.215616e+0 6.000000e-1
      vertex 2.979803e+1 7.206174e+0 6.000000e-1
    endloop
  endfacet
  facet normal 0.000000e+0 0.000000e+0 1.000000e+0
    outer loop
      vertex 2.979803e+1 7.206174e+0 6.000000e-1
      vertex 3.071307e+1 5.215616e+0 6.000000e-1
      vertex 3.003279e+1 7.073446e+0 6.000000e-1
    endloop
  endfacet
  facet normal 0.000000e+0 0.000000e+0 1.000000e+0
    outer loop
      vertex 3.003279e+1 7.073446e+0 6.000000e-1
      vertex 3.071307e+1 5.215616e+0 6.000000e-1
      vertex 3.070930e+1 5.472483e+0 6.000000e-1
    endloop
  endfacet
  facet normal 0.000000e+0 0.000000e+0 1.000000e+0
    outer loop
      vertex 3.003279e+1 7.073446e+0 6.000000e-1
      vertex 3.070930e+1 5.472483e+0 6.000000e-1
      vertex 3.025306e+1 6.905041e+0 6.000000e-1
    endloop
  endfacet
  facet normal 0.000000e+0 0.000000e+0 1.000000e+0
    outer loop
      vertex 3.025306e+1 6.905041e+0 6.000000e-1
      vertex 3.070930e+1 5.472483e+0 6.000000e-1
      vertex 3.069746e+1 5.728678e+0 6.000000e-1
    endloop
  endfacet
  facet normal 0.000000e+0 0.000000e+0 1.000000e+0
    outer loop
      vertex 3.025306e+1 6.905041e+0 6.000000e-1
      vertex 3.069746e+1 5.728678e+0 6.000000e-1
      vertex 3.067080e+1 5.983642e+0 6.000000e-1
    endloop
  endfacet
  facet normal 0.000000e+0 0.000000e+0 1.000000e+0
    outer loop
      vertex 3.063392e+1 6.237758e+0 6.000000e-1
      vertex 3.057585e+1 6.425677e+0 6.000000e-1
      vertex 3.067080e+1 5.983642e+0 6.000000e-1
    endloop
  endfacet
  facet normal 0.000000e+0 0.000000e+0 1.000000e+0
    outer loop
      vertex 3.067080e+1 5.983642e+0 6.000000e-1
      vertex 3.057585e+1 6.425677e+0 6.000000e-1
      vertex 3.049732e+1 6.601976e+0 6.000000e-1
    endloop
  endfacet
  facet normal 0.000000e+0 0.000000e+0 1.000000e+0
    outer loop
      vertex 3.067080e+1 5.983642e+0 6.000000e-1
      vertex 3.049732e+1 6.601976e+0 6.000000e-1
      vertex 3.038515e+1 6.759167e+0 6.000000e-1
    endloop
  endfacet
  facet normal 0.000000e+0 0.000000e+0 1.000000e+0
    outer loop
      vertex 3.038515e+1 6.759167e+0 6.000000e-1
      vertex 3.025306e+1 6.905041e+0 6.000000e-1
      vertex 3.067080e+1 5.983642e+0 6.000000e-1
    endloop
  endfacet
  facet normal 0.000000e+0 0.000000e+0 1.000000e+0
    outer loop
      vertex 2.926385e+1 7.312402e+0 6.000000e-1
      vertex 2.907898e+1 7.298377e+0 6.000000e-1
      vertex 2.784268e+1 5.007880e+0 6.000000e-1
    endloop
  endfacet
  facet normal 0.000000e+0 0.000000e+0 1.000000e+0
    outer loop
      vertex 2.784268e+1 5.007880e+0 6.000000e-1
      vertex 2.907898e+1 7.298377e+0 6.000000e-1
      vertex 2.889881e+1 7.266725e+0 6.000000e-1
    endloop
  endfacet
  facet normal 0.000000e+0 0.000000e+0 1.000000e+0
    outer loop
      vertex 2.784268e+1 5.007880e+0 6.000000e-1
      vertex 2.889881e+1 7.266725e+0 6.000000e-1
      vertex 2.872662e+1 7.205252e+0 6.000000e-1
    endloop
  endfacet
  facet normal 0.000000e+0 0.000000e+0 1.000000e+0
    outer loop
      vertex 2.784268e+1 5.007880e+0 6.000000e-1
      vertex 2.872662e+1 7.205252e+0 6.000000e-1
      vertex 2.784345e+1 5.254499e+0 6.000000e-1
    endloop
  endfacet
  facet normal 0.000000e+0 0.000000e+0 1.000000e+0
    outer loop
      vertex 2.784345e+1 5.254499e+0 6.000000e-1
      vertex 2.872662e+1 7.205252e+0 6.000000e-1
      vertex 2.855930e+1 7.125599e+0 6.000000e-1
    endloop
  endfacet
  facet normal 0.000000e+0 0.000000e+0 1.000000e+0
    outer loop
      vertex 2.784345e+1 5.254499e+0 6.000000e-1
      vertex 2.855930e+1 7.125599e+0 6.000000e-1
      vertex 2.784784e+1 5.500991e+0 6.000000e-1
    endloop
  endfacet
  facet normal 0.000000e+0 0.000000e+0 1.000000e+0
    outer loop
      vertex 2.784784e+1 5.500991e+0 6.000000e-1
      vertex 2.855930e+1 7.125599e+0 6.000000e-1
      vertex 2.843050e+1 7.042309e+0 6.000000e-1
    endloop
  endfacet
  facet normal 0.000000e+0 0.000000e+0 1.000000e+0
    outer loop
      vertex 2.784784e+1 5.500991e+0 6.000000e-1
      vertex 2.843050e+1 7.042309e+0 6.000000e-1
      vertex 2.785886e+1 5.747250e+0 6.000000e-1
    endloop
  endfacet
  facet normal 0.000000e+0 0.000000e+0 1.000000e+0
    outer loop
      vertex 2.785886e+1 5.747250e+0 6.000000e-1
      vertex 2.843050e+1 7.042309e+0 6.000000e-1
      vertex 2.831102e+1 6.949198e+0 6.000000e-1
    endloop
  endfacet
  facet normal 0.000000e+0 0.000000e+0 1.000000e+0
    outer loop
      vertex 2.785886e+1 5.747250e+0 6.000000e-1
      vertex 2.831102e+1 6.949198e+0 6.000000e-1
      vertex 2.820831e+1 6.838403e+0 6.000000e-1
    endloop
  endfacet
  facet normal 0.000000e+0 0.000000e+0 1.000000e+0
    outer loop
      vertex 2.820831e+1 6.838403e+0 6.000000e-1
      vertex 2.811680e+1 6.715815e+0 6.000000e-1
      vertex 2.785886e+1 5.747250e+0 6.000000e-1
    endloop
  endfacet
  facet normal 0.000000e+0 0.000000e+0 1.000000e+0
    outer loop
      vertex 2.785886e+1 5.747250e+0 6.000000e-1
      vertex 2.811680e+1 6.715815e+0 6.000000e-1
      vertex 2.802867e+1 6.544340e+0 6.000000e-1
    endloop
  endfacet
  facet normal 0.000000e+0 0.000000e+0 1.000000e+0
    outer loop
      vertex 2.785886e+1 5.747250e+0 6.000000e-1
      vertex 2.802867e+1 6.544340e+0 6.000000e-1
      vertex 2.795525e+1 6.367982e+0 6.000000e-1
    endloop
  endfacet
  facet normal 0.000000e+0 0.000000e+0 1.000000e+0
    outer loop
      vertex 2.795525e+1 6.367982e+0 6.000000e-1
      vertex 2.790708e+1 6.183254e+0 6.000000e-1
      vertex 2.785886e+1 5.747250e+0 6.000000e-1
    endloop
  endfacet
  facet normal 0.000000e+0 0.000000e+0 1.000000e+0
    outer loop
      vertex 2.785886e+1 5.747250e+0 6.000000e-1
      vertex 2.790708e+1 6.183254e+0 6.000000e-1
      vertex 2.787452e+1 5.993346e+0 6.000000e-1
    endloop
  endfacet
  facet normal 0.000000e+0 0.000000e+0 -1.000000e+0
    outer loop
      vertex 2.699541e+1 3.526906e+0 4.000000e-1
      vertex 3.237874e+1 3.396532e+0 4.000000e-1
      vertex 2.676807e+1 3.388844e+0 4.000000e-1
    endloop
  endfacet
  facet normal 0.000000e+0 0.000000e+0 -1.000000e+0
    outer loop
      vertex 2.676807e+1 3.388844e+0 4.000000e-1
      vertex 3.237874e+1 3.396532e+0 4.000000e-1
      vertex 3.252343e+1 3.229194e+0 4.000000e-1
    endloop
  endfacet
  facet normal 0.000000e+0 0.000000e+0 -1.000000e+0
    outer loop
      vertex 2.676807e+1 3.388844e+0 4.000000e-1
      vertex 3.252343e+1 3.229194e+0 4.000000e-1
      vertex 2.661701e+1 3.222152e+0 4.000000e-1
    endloop
  endfacet
  facet normal 0.000000e+0 0.000000e+0 -1.000000e+0
    outer loop
      vertex 2.661701e+1 3.222152e+0 4.000000e-1
      vertex 3.252343e+1 3.229194e+0 4.000000e-1
      vertex 3.072118e+1 1.527315e+0 4.000000e-1
    endloop
  endfacet
  facet normal 0.000000e+0 0.000000e+0 -1.000000e+0
    outer loop
      vertex 2.661701e+1 3.222152e+0 4.000000e-1
      vertex 3.072118e+1 1.527315e+0 4.000000e-1
      vertex 2.785035e+1 1.520997e+0 4.000000e-1
    endloop
  endfacet
  facet normal 0.000000e+0 0.000000e+0 -1.000000e+0
    outer loop
      vertex 2.785035e+1 1.520997e+0 4.000000e-1
      vertex 3.072118e+1 1.527315e+0 4.000000e-1
      vertex 3.073087e+1 -2.875638e+0 4.000000e-1
    endloop
  endfacet
  facet normal 0.000000e+0 0.000000e+0 -1.000000e+0
    outer loop
      vertex 2.785035e+1 1.520997e+0 4.000000e-1
      vertex 3.073087e+1 -2.875638e+0 4.000000e-1
      vertex 2.786048e+1 -3.083374e+0 4.000000e-1
    endloop
  endfacet
  facet normal 0.000000e+0 0.000000e+0 -1.000000e+0
    outer loop
      vertex 2.786048e+1 -3.083374e+0 4.000000e-1
      vertex 3.073087e+1 -2.875638e+0 4.000000e-1
      vertex 3.073214e+1 -3.091661e+0 4.000000e-1
    endloop
  endfacet
  facet normal 0.000000e+0 0.000000e+0 -1.000000e+0
    outer loop
      vertex 2.786048e+1 -3.083374e+0 4.000000e-1
      vertex 3.073214e+1 -3.091661e+0 4.000000e-1
      vertex 2.787045e+1 -3.570316e+0 4.000000e-1
    endloop
  endfacet
  facet normal 0.000000e+0 0.000000e+0 -1.000000e+0
    outer loop
      vertex 2.787045e+1 -3.570316e+0 4.000000e-1
      vertex 3.073214e+1 -3.091661e+0 4.000000e-1
      vertex 3.073744e+1 -3.307487e+0 4.000000e-1
    endloop
  endfacet
  facet normal 0.000000e+0 0.000000e+0 -1.000000e+0
    outer loop
      vertex 2.787045e+1 -3.570316e+0 4.000000e-1
      vertex 3.073744e+1 -3.307487e+0 4.000000e-1
      vertex 2.790118e+1 -4.054921e+0 4.000000e-1
    endloop
  endfacet
  facet normal 0.000000e+0 0.000000e+0 -1.000000e+0
    outer loop
      vertex 2.790118e+1 -4.054921e+0 4.000000e-1
      vertex 3.073744e+1 -3.307487e+0 4.000000e-1
      vertex 2.862827e+1 -5.942751e+0 4.000000e-1
    endloop
  endfacet
  facet normal 0.000000e+0 0.000000e+0 -1.000000e+0
    outer loop
      vertex 2.790118e+1 -4.054921e+0 4.000000e-1
      vertex 2.862827e+1 -5.942751e+0 4.000000e-1
      vertex 2.796973e+1 -4.535272e+0 4.000000e-1
    endloop
  endfacet
  facet normal 0.000000e+0 0.000000e+0 -1.000000e+0
    outer loop
      vertex 2.796973e+1 -4.535272e+0 4.000000e-1
      vertex 2.862827e+1 -5.942751e+0 4.000000e-1
      vertex 2.837986e+1 -5.676883e+0 4.000000e-1
    endloop
  endfacet
  facet normal 0.000000e+0 0.000000e+0 -1.000000e+0
    outer loop
      vertex 2.796973e+1 -4.535272e+0 4.000000e-1
      vertex 2.837986e+1 -5.676883e+0 4.000000e-1
      vertex 2.820100e+1 -5.360133e+0 4.000000e-1
    endloop
  endfacet
  facet normal 0.000000e+0 0.000000e+0 -1.000000e+0
    outer loop
      vertex 3.237874e+1 3.396532e+0 4.000000e-1
      vertex 2.699541e+1 3.526906e+0 4.000000e-1
      vertex 3.216375e+1 3.534838e+0 4.000000e-1
    endloop
  endfacet
  facet normal 0.000000e+0 0.000000e+0 -1.000000e+0
    outer loop
      vertex 3.216375e+1 3.534838e+0 4.000000e-1
      vertex 2.699541e+1 3.526906e+0 4.000000e-1
      vertex 2.723442e+1 3.628858e+0 4.000000e-1
    endloop
  endfacet
  facet normal 0.000000e+0 0.000000e+0 -1.000000e+0
    outer loop
      vertex 3.216375e+1 3.534838e+0 4.000000e-1
      vertex 2.723442e+1 3.628858e+0 4.000000e-1
      vertex 3.193658e+1 3.637145e+0 4.000000e-1
    endloop
  endfacet
  facet normal 0.000000e+0 0.000000e+0 -1.000000e+0
    outer loop
      vertex 3.193658e+1 3.637145e+0 4.000000e-1
      vertex 2.723442e+1 3.628858e+0 4.000000e-1
      vertex 2.749113e+1 3.676025e+0 4.000000e-1
    endloop
  endfacet
  facet normal 0.000000e+0 0.000000e+0 -1.000000e+0
    outer loop
      vertex 3.193658e+1 3.637145e+0 4.000000e-1
      vertex 2.749113e+1 3.676025e+0 4.000000e-1
      vertex 3.169079e+1 3.684373e+0 4.000000e-1
    endloop
  endfacet
  facet normal 0.000000e+0 0.000000e+0 -1.000000e+0
    outer loop
      vertex 3.169079e+1 3.684373e+0 4.000000e-1
      vertex 2.749113e+1 3.676025e+0 4.000000e-1
      vertex 2.775775e+1 3.692568e+0 4.000000e-1
    endloop
  endfacet
  facet normal 0.000000e+0 0.000000e+0 -1.000000e+0
    outer loop
      vertex 3.169079e+1 3.684373e+0 4.000000e-1
      vertex 2.775775e+1 3.692568e+0 4.000000e-1
      vertex 2.784557e+1 3.692762e+0 4.000000e-1
    endloop
  endfacet
  facet normal 0.000000e+0 0.000000e+0 -1.000000e+0
    outer loop
      vertex 3.169079e+1 3.684373e+0 4.000000e-1
      vertex 2.784557e+1 3.692762e+0 4.000000e-1
      vertex 3.071640e+1 3.699080e+0 4.000000e-1
    endloop
  endfacet
  facet normal 0.000000e+0 0.000000e+0 -1.000000e+0
    outer loop
      vertex 3.071640e+1 3.699080e+0 4.000000e-1
      vertex 2.784557e+1 3.692762e+0 4.000000e-1
      vertex 2.784268e+1 5.007880e+0 4.000000e-1
    endloop
  endfacet
  facet normal 0.000000e+0 0.000000e+0 -1.000000e+0
    outer loop
      vertex 3.071640e+1 3.699080e+0 4.000000e-1
      vertex 2.784268e+1 5.007880e+0 4.000000e-1
      vertex 3.071307e+1 5.215616e+0 4.000000e-1
    endloop
  endfacet
  facet normal 0.000000e+0 0.000000e+0 -1.000000e+0
    outer loop
      vertex 3.071307e+1 5.215616e+0 4.000000e-1
      vertex 2.784268e+1 5.007880e+0 4.000000e-1
      vertex 2.926385e+1 7.312402e+0 4.000000e-1
    endloop
  endfacet
  facet normal 0.000000e+0 0.000000e+0 -1.000000e+0
    outer loop
      vertex 3.071307e+1 5.215616e+0 4.000000e-1
      vertex 2.926385e+1 7.312402e+0 4.000000e-1
      vertex 2.953856e+1 7.278028e+0 4.000000e-1
    endloop
  endfacet
  facet normal 0.000000e+0 0.000000e+0 -1.000000e+0
    outer loop
      vertex 2.784345e+1 5.254499e+0 4.000000e-1
      vertex 2.872662e+1 7.205252e+0 4.000000e-1
      vertex 2.784268e+1 5.007880e+0 4.000000e-1
    endloop
  endfacet
  facet normal 0.000000e+0 0.000000e+0 -1.000000e+0
    outer loop
      vertex 2.784268e+1 5.007880e+0 4.000000e-1
      vertex 2.872662e+1 7.205252e+0 4.000000e-1
      vertex 2.889881e+1 7.266725e+0 4.000000e-1
    endloop
  endfacet
  facet normal 0.000000e+0 0.000000e+0 -1.000000e+0
    outer loop
      vertex 2.784268e+1 5.007880e+0 4.000000e-1
      vertex 2.889881e+1 7.266725e+0 4.000000e-1
      vertex 2.907898e+1 7.298377e+0 4.000000e-1
    endloop
  endfacet
  facet normal 0.000000e+0 0.000000e+0 -1.000000e+0
    outer loop
      vertex 2.872662e+1 7.205252e+0 4.000000e-1
      vertex 2.784345e+1 5.254499e+0 4.000000e-1
      vertex 2.855930e+1 7.125599e+0 4.000000e-1
    endloop
  endfacet
  facet normal 0.000000e+0 0.000000e+0 -1.000000e+0
    outer loop
      vertex 2.855930e+1 7.125599e+0 4.000000e-1
      vertex 2.784345e+1 5.254499e+0 4.000000e-1
      vertex 2.784784e+1 5.500991e+0 4.000000e-1
    endloop
  endfacet
  facet normal 0.000000e+0 0.000000e+0 -1.000000e+0
    outer loop
      vertex 2.855930e+1 7.125599e+0 4.000000e-1
      vertex 2.784784e+1 5.500991e+0 4.000000e-1
      vertex 2.843050e+1 7.042309e+0 4.000000e-1
    endloop
  endfacet
  facet normal 0.000000e+0 0.000000e+0 -1.000000e+0
    outer loop
      vertex 2.843050e+1 7.042309e+0 4.000000e-1
      vertex 2.784784e+1 5.500991e+0 4.000000e-1
      vertex 2.785886e+1 5.747250e+0 4.000000e-1
    endloop
  endfacet
  facet normal 0.000000e+0 0.000000e+0 -1.000000e+0
    outer loop
      vertex 2.843050e+1 7.042309e+0 4.000000e-1
      vertex 2.785886e+1 5.747250e+0 4.000000e-1
      vertex 2.831102e+1 6.949198e+0 4.000000e-1
    endloop
  endfacet
  facet normal 0.000000e+0 0.000000e+0 -1.000000e+0
    outer loop
      vertex 2.831102e+1 6.949198e+0 4.000000e-1
      vertex 2.785886e+1 5.747250e+0 4.000000e-1
      vertex 2.820831e+1 6.838403e+0 4.000000e-1
    endloop
  endfacet
  facet normal 0.000000e+0 0.000000e+0 -1.000000e+0
    outer loop
      vertex 2.820831e+1 6.838403e+0 4.000000e-1
      vertex 2.785886e+1 5.747250e+0 4.000000e-1
      vertex 2.811680e+1 6.715815e+0 4.000000e-1
    endloop
  endfacet
  facet normal 0.000000e+0 0.000000e+0 -1.000000e+0
    outer loop
      vertex 2.811680e+1 6.715815e+0 4.000000e-1
      vertex 2.785886e+1 5.747250e+0 4.000000e-1
      vertex 2.802867e+1 6.544340e+0 4.000000e-1
    endloop
  endfacet
  facet normal 0.000000e+0 0.000000e+0 -1.000000e+0
    outer loop
      vertex 2.802867e+1 6.544340e+0 4.000000e-1
      vertex 2.785886e+1 5.747250e+0 4.000000e-1
      vertex 2.795525e+1 6.367982e+0 4.000000e-1
    endloop
  endfacet
  facet normal 0.000000e+0 0.000000e+0 -1.000000e+0
    outer loop
      vertex 2.795525e+1 6.367982e+0 4.000000e-1
      vertex 2.785886e+1 5.747250e+0 4.000000e-1
      vertex 2.790708e+1 6.183254e+0 4.000000e-1
    endloop
  endfacet
  facet normal 0.000000e+0 0.000000e+0 -1.000000e+0
    outer loop
      vertex 2.790708e+1 6.183254e+0 4.000000e-1
      vertex 2.785886e+1 5.747250e+0 4.000000e-1
      vertex 2.787452e+1 5.993346e+0 4.000000e-1
    endloop
  endfacet
  facet normal 0.000000e+0 0.000000e+0 -1.000000e+0
    outer loop
      vertex 2.907898e+1 7.298377e+0 4.000000e-1
      vertex 2.926385e+1 7.312402e+0 4.000000e-1
      vertex 2.784268e+1 5.007880e+0 4.000000e-1
    endloop
  endfacet
  facet normal 0.000000e+0 0.000000e+0 -1.000000e+0
    outer loop
      vertex 2.953856e+1 7.278028e+0 4.000000e-1
      vertex 2.979803e+1 7.206174e+0 4.000000e-1
      vertex 3.071307e+1 5.215616e+0 4.000000e-1
    endloop
  endfacet
  facet normal 0.000000e+0 0.000000e+0 -1.000000e+0
    outer loop
      vertex 3.071307e+1 5.215616e+0 4.000000e-1
      vertex 2.979803e+1 7.206174e+0 4.000000e-1
      vertex 3.003279e+1 7.073446e+0 4.000000e-1
    endloop
  endfacet
  facet normal 0.000000e+0 0.000000e+0 -1.000000e+0
    outer loop
      vertex 3.071307e+1 5.215616e+0 4.000000e-1
      vertex 3.003279e+1 7.073446e+0 4.000000e-1
      vertex 3.070930e+1 5.472483e+0 4.000000e-1
    endloop
  endfacet
  facet normal 0.000000e+0 0.000000e+0 -1.000000e+0
    outer loop
      vertex 3.070930e+1 5.472483e+0 4.000000e-1
      vertex 3.003279e+1 7.073446e+0 4.000000e-1
      vertex 3.025306e+1 6.905041e+0 4.000000e-1
    endloop
  endfacet
  facet normal 0.000000e+0 0.000000e+0 -1.000000e+0
    outer loop
      vertex 3.070930e+1 5.472483e+0 4.000000e-1
      vertex 3.025306e+1 6.905041e+0 4.000000e-1
      vertex 3.069746e+1 5.728678e+0 4.000000e-1
    endloop
  endfacet
  facet normal 0.000000e+0 0.000000e+0 -1.000000e+0
    outer loop
      vertex 3.069746e+1 5.728678e+0 4.000000e-1
      vertex 3.025306e+1 6.905041e+0 4.000000e-1
      vertex 3.067080e+1 5.983642e+0 4.000000e-1
    endloop
  endfacet
  facet normal 0.000000e+0 0.000000e+0 -1.000000e+0
    outer loop
      vertex 3.067080e+1 5.983642e+0 4.000000e-1
      vertex 3.025306e+1 6.905041e+0 4.000000e-1
      vertex 3.038515e+1 6.759167e+0 4.000000e-1
    endloop
  endfacet
  facet normal 0.000000e+0 0.000000e+0 -1.000000e+0
    outer loop
      vertex 3.067080e+1 5.983642e+0 4.000000e-1
      vertex 3.038515e+1 6.759167e+0 4.000000e-1
      vertex 3.049732e+1 6.601976e+0 4.000000e-1
    endloop
  endfacet
  facet normal 0.000000e+0 0.000000e+0 -1.000000e+0
    outer loop
      vertex 3.049732e+1 6.601976e+0 4.000000e-1
      vertex 3.057585e+1 6.425677e+0 4.000000e-1
      vertex 3.067080e+1 5.983642e+0 4.000000e-1
    endloop
  endfacet
  facet normal 0.000000e+0 0.000000e+0 -1.000000e+0
    outer loop
      vertex 3.067080e+1 5.983642e+0 4.000000e-1
      vertex 3.057585e+1 6.425677e+0 4.000000e-1
      vertex 3.063392e+1 6.237758e+0 4.000000e-1
    endloop
  endfacet
  facet normal 0.000000e+0 0.000000e+0 -1.000000e+0
    outer loop
      vertex 3.071640e+1 3.699080e+0 4.000000e-1
      vertex 3.143455e+1 3.700660e+0 4.000000e-1
      vertex 3.169079e+1 3.684373e+0 4.000000e-1
    endloop
  endfacet
  facet normal 0.000000e+0 0.000000e+0 -1.000000e+0
    outer loop
      vertex 3.263560e+1 3.047455e+0 4.000000e-1
      vertex 3.254705e+1 2.020640e+0 4.000000e-1
      vertex 3.252343e+1 3.229194e+0 4.000000e-1
    endloop
  endfacet
  facet normal 0.000000e+0 0.000000e+0 -1.000000e+0
    outer loop
      vertex 3.252343e+1 3.229194e+0 4.000000e-1
      vertex 3.254705e+1 2.020640e+0 4.000000e-1
      vertex 3.245940e+1 1.930438e+0 4.000000e-1
    endloop
  endfacet
  facet normal 0.000000e+0 0.000000e+0 -1.000000e+0
    outer loop
      vertex 3.252343e+1 3.229194e+0 4.000000e-1
      vertex 3.245940e+1 1.930438e+0 4.000000e-1
      vertex 3.225220e+1 1.768149e+0 4.000000e-1
    endloop
  endfacet
  facet normal 0.000000e+0 0.000000e+0 -1.000000e+0
    outer loop
      vertex 3.263560e+1 3.047455e+0 4.000000e-1
      vertex 3.269398e+1 2.841885e+0 4.000000e-1
      vertex 3.254705e+1 2.020640e+0 4.000000e-1
    endloop
  endfacet
  facet normal 0.000000e+0 0.000000e+0 -1.000000e+0
    outer loop
      vertex 3.254705e+1 2.020640e+0 4.000000e-1
      vertex 3.269398e+1 2.841885e+0 4.000000e-1
      vertex 3.272030e+1 2.622117e+0 4.000000e-1
    endloop
  endfacet
  facet normal 0.000000e+0 0.000000e+0 -1.000000e+0
    outer loop
      vertex 3.254705e+1 2.020640e+0 4.000000e-1
      vertex 3.272030e+1 2.622117e+0 4.000000e-1
      vertex 3.269108e+1 2.358770e+0 4.000000e-1
    endloop
  endfacet
  facet normal 0.000000e+0 0.000000e+0 -1.000000e+0
    outer loop
      vertex 3.269108e+1 2.358770e+0 4.000000e-1
      vertex 3.266201e+1 2.235309e+0 4.000000e-1
      vertex 3.254705e+1 2.020640e+0 4.000000e-1
    endloop
  endfacet
  facet normal 0.000000e+0 0.000000e+0 -1.000000e+0
    outer loop
      vertex 3.254705e+1 2.020640e+0 4.000000e-1
      vertex 3.266201e+1 2.235309e+0 4.000000e-1
      vertex 3.261557e+1 2.121704e+0 4.000000e-1
    endloop
  endfacet
  facet normal 0.000000e+0 0.000000e+0 -1.000000e+0
    outer loop
      vertex 3.225220e+1 1.768149e+0 4.000000e-1
      vertex 3.194746e+1 1.656859e+0 4.000000e-1
      vertex 3.252343e+1 3.229194e+0 4.000000e-1
    endloop
  endfacet
  facet normal 0.000000e+0 0.000000e+0 -1.000000e+0
    outer loop
      vertex 3.252343e+1 3.229194e+0 4.000000e-1
      vertex 3.194746e+1 1.656859e+0 4.000000e-1
      vertex 3.163657e+1 1.575858e+0 4.000000e-1
    endloop
  endfacet
  facet normal 0.000000e+0 0.000000e+0 -1.000000e+0
    outer loop
      vertex 3.252343e+1 3.229194e+0 4.000000e-1
      vertex 3.163657e+1 1.575858e+0 4.000000e-1
      vertex 3.131661e+1 1.539571e+0 4.000000e-1
    endloop
  endfacet
  facet normal 0.000000e+0 0.000000e+0 -1.000000e+0
    outer loop
      vertex 3.131661e+1 1.539571e+0 4.000000e-1
      vertex 3.099164e+1 1.527910e+0 4.000000e-1
      vertex 3.252343e+1 3.229194e+0 4.000000e-1
    endloop
  endfacet
  facet normal 0.000000e+0 0.000000e+0 -1.000000e+0
    outer loop
      vertex 3.252343e+1 3.229194e+0 4.000000e-1
      vertex 3.099164e+1 1.527910e+0 4.000000e-1
      vertex 3.072118e+1 1.527315e+0 4.000000e-1
    endloop
  endfacet
  facet normal 0.000000e+0 0.000000e+0 -1.000000e+0
    outer loop
      vertex 2.862827e+1 -5.942751e+0 4.000000e-1
      vertex 3.073744e+1 -3.307487e+0 4.000000e-1
      vertex 2.891823e+1 -6.178217e+0 4.000000e-1
    endloop
  endfacet
  facet normal 0.000000e+0 0.000000e+0 -1.000000e+0
    outer loop
      vertex 2.891823e+1 -6.178217e+0 4.000000e-1
      vertex 3.073744e+1 -3.307487e+0 4.000000e-1
      vertex 3.075036e+1 -3.522935e+0 4.000000e-1
    endloop
  endfacet
  facet normal 0.000000e+0 0.000000e+0 -1.000000e+0
    outer loop
      vertex 2.891823e+1 -6.178217e+0 4.000000e-1
      vertex 3.075036e+1 -3.522935e+0 4.000000e-1
      vertex 2.936549e+1 -6.378607e+0 4.000000e-1
    endloop
  endfacet
  facet normal 0.000000e+0 0.000000e+0 -1.000000e+0
    outer loop
      vertex 2.936549e+1 -6.378607e+0 4.000000e-1
      vertex 3.075036e+1 -3.522935e+0 4.000000e-1
      vertex 3.076896e+1 -3.738103e+0 4.000000e-1
    endloop
  endfacet
  facet normal 0.000000e+0 0.000000e+0 -1.000000e+0
    outer loop
      vertex 2.936549e+1 -6.378607e+0 4.000000e-1
      vertex 3.076896e+1 -3.738103e+0 4.000000e-1
      vertex 2.982650e+1 -6.522278e+0 4.000000e-1
    endloop
  endfacet
  facet normal 0.000000e+0 0.000000e+0 -1.000000e+0
    outer loop
      vertex 2.982650e+1 -6.522278e+0 4.000000e-1
      vertex 3.076896e+1 -3.738103e+0 4.000000e-1
      vertex 3.078917e+1 -3.851397e+0 4.000000e-1
    endloop
  endfacet
  facet normal 0.000000e+0 0.000000e+0 -1.000000e+0
    outer loop
      vertex 2.982650e+1 -6.522278e+0 4.000000e-1
      vertex 3.078917e+1 -3.851397e+0 4.000000e-1
      vertex 3.082014e+1 -3.960251e+0 4.000000e-1
    endloop
  endfacet
  facet normal 0.000000e+0 0.000000e+0 -1.000000e+0
    outer loop
      vertex 2.982650e+1 -6.522278e+0 4.000000e-1
      vertex 3.082014e+1 -3.960251e+0 4.000000e-1
      vertex 3.030742e+1 -6.583751e+0 4.000000e-1
    endloop
  endfacet
  facet normal 0.000000e+0 0.000000e+0 -1.000000e+0
    outer loop
      vertex 3.030742e+1 -6.583751e+0 4.000000e-1
      vertex 3.082014e+1 -3.960251e+0 4.000000e-1
      vertex 3.087058e+1 -4.061065e+0 4.000000e-1
    endloop
  endfacet
  facet normal 0.000000e+0 0.000000e+0 -1.000000e+0
    outer loop
      vertex 3.030742e+1 -6.583751e+0 4.000000e-1
      vertex 3.087058e+1 -4.061065e+0 4.000000e-1
      vertex 3.093416e+1 -4.156454e+0 4.000000e-1
    endloop
  endfacet
  facet normal 0.000000e+0 0.000000e+0 -1.000000e+0
    outer loop
      vertex 3.030742e+1 -6.583751e+0 4.000000e-1
      vertex 3.093416e+1 -4.156454e+0 4.000000e-1
      vertex 3.079922e+1 -6.600363e+0 4.000000e-1
    endloop
  endfacet
  facet normal 0.000000e+0 0.000000e+0 -1.000000e+0
    outer loop
      vertex 3.079922e+1 -6.600363e+0 4.000000e-1
      vertex 3.093416e+1 -4.156454e+0 4.000000e-1
      vertex 3.103392e+1 -4.224463e+0 4.000000e-1
    endloop
  endfacet
  facet normal 0.000000e+0 0.000000e+0 -1.000000e+0
    outer loop
      vertex 3.079922e+1 -6.600363e+0 4.000000e-1
      vertex 3.103392e+1 -4.224463e+0 4.000000e-1
      vertex 3.114065e+1 -4.272444e+0 4.000000e-1
    endloop
  endfacet
  facet normal 0.000000e+0 0.000000e+0 -1.000000e+0
    outer loop
      vertex 3.079922e+1 -6.600363e+0 4.000000e-1
      vertex 3.114065e+1 -4.272444e+0 4.000000e-1
      vertex 3.131652e+1 -6.584056e+0 4.000000e-1
    endloop
  endfacet
  facet normal 0.000000e+0 0.000000e+0 -1.000000e+0
    outer loop
      vertex 3.131652e+1 -6.584056e+0 4.000000e-1
      vertex 3.114065e+1 -4.272444e+0 4.000000e-1
      vertex 3.125720e+1 -4.292227e+0 4.000000e-1
    endloop
  endfacet
  facet normal 0.000000e+0 0.000000e+0 -1.000000e+0
    outer loop
      vertex 3.131652e+1 -6.584056e+0 4.000000e-1
      vertex 3.125720e+1 -4.292227e+0 4.000000e-1
      vertex 3.137904e+1 -4.296817e+0 4.000000e-1
    endloop
  endfacet
  facet normal 0.000000e+0 0.000000e+0 -1.000000e+0
    outer loop
      vertex 3.152633e+1 -4.287065e+0 4.000000e-1
      vertex 3.309099e+1 -4.313714e+0 4.000000e-1
      vertex 3.137904e+1 -4.296817e+0 4.000000e-1
    endloop
  endfacet
  facet normal 0.000000e+0 0.000000e+0 -1.000000e+0
    outer loop
      vertex 3.137904e+1 -4.296817e+0 4.000000e-1
      vertex 3.309099e+1 -4.313714e+0 4.000000e-1
      vertex 3.232359e+1 -6.408474e+0 4.000000e-1
    endloop
  endfacet
  facet normal 0.000000e+0 0.000000e+0 -1.000000e+0
    outer loop
      vertex 3.137904e+1 -4.296817e+0 4.000000e-1
      vertex 3.232359e+1 -6.408474e+0 4.000000e-1
      vertex 3.182663e+1 -6.530406e+0 4.000000e-1
    endloop
  endfacet
  facet normal 0.000000e+0 0.000000e+0 -1.000000e+0
    outer loop
      vertex 3.152633e+1 -4.287065e+0 4.000000e-1
      vertex 3.167285e+1 -4.271199e+0 4.000000e-1
      vertex 3.309099e+1 -4.313714e+0 4.000000e-1
    endloop
  endfacet
  facet normal 0.000000e+0 0.000000e+0 -1.000000e+0
    outer loop
      vertex 3.309099e+1 -4.313714e+0 4.000000e-1
      vertex 3.167285e+1 -4.271199e+0 4.000000e-1
      vertex 3.181826e+1 -4.246806e+0 4.000000e-1
    endloop
  endfacet
  facet normal 0.000000e+0 0.000000e+0 -1.000000e+0
    outer loop
      vertex 3.309099e+1 -4.313714e+0 4.000000e-1
      vertex 3.181826e+1 -4.246806e+0 4.000000e-1
      vertex 3.196310e+1 -4.217834e+0 4.000000e-1
    endloop
  endfacet
  facet normal 0.000000e+0 0.000000e+0 -1.000000e+0
    outer loop
      vertex 3.196310e+1 -4.217834e+0 4.000000e-1
      vertex 3.211053e+1 -4.188557e+0 4.000000e-1
      vertex 3.309099e+1 -4.313714e+0 4.000000e-1
    endloop
  endfacet
  facet normal 0.000000e+0 0.000000e+0 -1.000000e+0
    outer loop
      vertex 3.309099e+1 -4.313714e+0 4.000000e-1
      vertex 3.211053e+1 -4.188557e+0 4.000000e-1
      vertex 3.225857e+1 -4.164037e+0 4.000000e-1
    endloop
  endfacet
  facet normal 0.000000e+0 0.000000e+0 -1.000000e+0
    outer loop
      vertex 3.309099e+1 -4.313714e+0 4.000000e-1
      vertex 3.225857e+1 -4.164037e+0 4.000000e-1
      vertex 3.240771e+1 -4.148324e+0 4.000000e-1
    endloop
  endfacet
  facet normal 0.000000e+0 0.000000e+0 -1.000000e+0
    outer loop
      vertex 3.240771e+1 -4.148324e+0 4.000000e-1
      vertex 3.255764e+1 -4.138826e+0 4.000000e-1
      vertex 3.309099e+1 -4.313714e+0 4.000000e-1
    endloop
  endfacet
  facet normal 0.000000e+0 0.000000e+0 -1.000000e+0
    outer loop
      vertex 3.309099e+1 -4.313714e+0 4.000000e-1
      vertex 3.255764e+1 -4.138826e+0 4.000000e-1
      vertex 3.274955e+1 -4.164173e+0 4.000000e-1
    endloop
  endfacet
  facet normal 0.000000e+0 0.000000e+0 -1.000000e+0
    outer loop
      vertex 3.309099e+1 -4.313714e+0 4.000000e-1
      vertex 3.274955e+1 -4.164173e+0 4.000000e-1
      vertex 3.292975e+1 -4.216826e+0 4.000000e-1
    endloop
  endfacet
  facet normal 0.000000e+0 0.000000e+0 -1.000000e+0
    outer loop
      vertex 3.324113e+1 -4.436466e+0 4.000000e-1
      vertex 3.323857e+1 -5.937652e+0 4.000000e-1
      vertex 3.309099e+1 -4.313714e+0 4.000000e-1
    endloop
  endfacet
  facet normal 0.000000e+0 0.000000e+0 -1.000000e+0
    outer loop
      vertex 3.309099e+1 -4.313714e+0 4.000000e-1
      vertex 3.323857e+1 -5.937652e+0 4.000000e-1
      vertex 3.310891e+1 -6.046696e+0 4.000000e-1
    endloop
  endfacet
  facet normal 0.000000e+0 0.000000e+0 -1.000000e+0
    outer loop
      vertex 3.309099e+1 -4.313714e+0 4.000000e-1
      vertex 3.310891e+1 -6.046696e+0 4.000000e-1
      vertex 3.281153e+1 -6.239627e+0 4.000000e-1
    endloop
  endfacet
  facet normal 0.000000e+0 0.000000e+0 -1.000000e+0
    outer loop
      vertex 3.323857e+1 -5.937652e+0 4.000000e-1
      vertex 3.324113e+1 -4.436466e+0 4.000000e-1
      vertex 3.334540e+1 -5.813515e+0 4.000000e-1
    endloop
  endfacet
  facet normal 0.000000e+0 0.000000e+0 -1.000000e+0
    outer loop
      vertex 3.334540e+1 -5.813515e+0 4.000000e-1
      vertex 3.324113e+1 -4.436466e+0 4.000000e-1
      vertex 3.336809e+1 -4.596969e+0 4.000000e-1
    endloop
  endfacet
  facet normal 0.000000e+0 0.000000e+0 -1.000000e+0
    outer loop
      vertex 3.334540e+1 -5.813515e+0 4.000000e-1
      vertex 3.336809e+1 -4.596969e+0 4.000000e-1
      vertex 3.342333e+1 -5.670286e+0 4.000000e-1
    endloop
  endfacet
  facet normal 0.000000e+0 0.000000e+0 -1.000000e+0
    outer loop
      vertex 3.342333e+1 -5.670286e+0 4.000000e-1
      vertex 3.336809e+1 -4.596969e+0 4.000000e-1
      vertex 3.347652e+1 -5.510708e+0 4.000000e-1
    endloop
  endfacet
  facet normal 0.000000e+0 0.000000e+0 -1.000000e+0
    outer loop
      vertex 3.347652e+1 -5.510708e+0 4.000000e-1
      vertex 3.336809e+1 -4.596969e+0 4.000000e-1
      vertex 3.346669e+1 -4.769210e+0 4.000000e-1
    endloop
  endfacet
  facet normal 0.000000e+0 0.000000e+0 -1.000000e+0
    outer loop
      vertex 3.347652e+1 -5.510708e+0 4.000000e-1
      vertex 3.346669e+1 -4.769210e+0 4.000000e-1
      vertex 3.351823e+1 -4.960932e+0 4.000000e-1
    endloop
  endfacet
  facet normal 0.000000e+0 0.000000e+0 -1.000000e+0
    outer loop
      vertex 3.351823e+1 -4.960932e+0 4.000000e-1
      vertex 3.354166e+1 -5.164292e+0 4.000000e-1
      vertex 3.347652e+1 -5.510708e+0 4.000000e-1
    endloop
  endfacet
  facet normal 0.000000e+0 0.000000e+0 -1.000000e+0
    outer loop
      vertex 3.281153e+1 -6.239627e+0 4.000000e-1
      vertex 3.232359e+1 -6.408474e+0 4.000000e-1
      vertex 3.309099e+1 -4.313714e+0 4.000000e-1
    endloop
  endfacet
  facet normal 0.000000e+0 0.000000e+0 -1.000000e+0
    outer loop
      vertex 3.182663e+1 -6.530406e+0 4.000000e-1
      vertex 3.131652e+1 -6.584056e+0 4.000000e-1
      vertex 3.137904e+1 -4.296817e+0 4.000000e-1
    endloop
  endfacet
  facet normal 0.000000e+0 0.000000e+0 -1.000000e+0
    outer loop
      vertex 2.820100e+1 -5.360133e+0 4.000000e-1
      vertex 2.806404e+1 -5.012722e+0 4.000000e-1
      vertex 2.796973e+1 -4.535272e+0 4.000000e-1
    endloop
  endfacet
  facet normal 0.000000e+0 0.000000e+0 -1.000000e+0
    outer loop
      vertex 2.785035e+1 1.520997e+0 4.000000e-1
      vertex 2.770777e+1 1.520683e+0 4.000000e-1
      vertex 2.661701e+1 3.222152e+0 4.000000e-1
    endloop
  endfacet
  facet normal 0.000000e+0 0.000000e+0 -1.000000e+0
    outer loop
      vertex 2.661701e+1 3.222152e+0 4.000000e-1
      vertex 2.770777e+1 1.520683e+0 4.000000e-1
      vertex 2.744925e+1 1.536611e+0 4.000000e-1
    endloop
  endfacet
  facet normal 0.000000e+0 0.000000e+0 -1.000000e+0
    outer loop
      vertex 2.661701e+1 3.222152e+0 4.000000e-1
      vertex 2.744925e+1 1.536611e+0 4.000000e-1
      vertex 2.720118e+1 1.583632e+0 4.000000e-1
    endloop
  endfacet
  facet normal 0.000000e+0 0.000000e+0 -1.000000e+0
    outer loop
      vertex 2.720118e+1 1.583632e+0 4.000000e-1
      vertex 2.697177e+1 1.686165e+0 4.000000e-1
      vertex 2.661701e+1 3.222152e+0 4.000000e-1
    endloop
  endfacet
  facet normal 0.000000e+0 0.000000e+0 -1.000000e+0
    outer loop
      vertex 2.661701e+1 3.222152e+0 4.000000e-1
      vertex 2.697177e+1 1.686165e+0 4.000000e-1
      vertex 2.675462e+1 1.825156e+0 4.000000e-1
    endloop
  endfacet
  facet normal 0.000000e+0 0.000000e+0 -1.000000e+0
    outer loop
      vertex 2.661701e+1 3.222152e+0 4.000000e-1
      vertex 2.675462e+1 1.825156e+0 4.000000e-1
      vertex 2.660930e+1 1.994595e+0 4.000000e-1
    endloop
  endfacet
  facet normal 7.393197e-16 1.497250e-16 -1.000000e+0
    outer loop
      vertex 2.649697e+1 2.178524e+0 4.000000e-1
      vertex 2.643976e+1 2.831742e+0 4.000000e-1
      vertex 2.660930e+1 1.994595e+0 4.000000e-1
    endloop
  endfacet
  facet normal 0.000000e+0 0.000000e+0 -1.000000e+0
    outer loop
      vertex 2.660930e+1 1.994595e+0 4.000000e-1
      vertex 2.643976e+1 2.831742e+0 4.000000e-1
      vertex 2.650011e+1 3.039858e+0 4.000000e-1
    endloop
  endfacet
  facet normal 0.000000e+0 0.000000e+0 -1.000000e+0
    outer loop
      vertex 2.660930e+1 1.994595e+0 4.000000e-1
      vertex 2.650011e+1 3.039858e+0 4.000000e-1
      vertex 2.661701e+1 3.222152e+0 4.000000e-1
    endloop
  endfacet
  facet normal -9.503634e-16 1.755469e-18 -1.000000e+0
    outer loop
      vertex 2.649697e+1 2.178524e+0 4.000000e-1
      vertex 2.643894e+1 2.386307e+0 4.000000e-1
      vertex 2.643976e+1 2.831742e+0 4.000000e-1
    endloop
  endfacet
  facet normal 0.000000e+0 0.000000e+0 -1.000000e+0
    outer loop
      vertex 2.643976e+1 2.831742e+0 4.000000e-1
      vertex 2.643894e+1 2.386307e+0 4.000000e-1
      vertex 2.641312e+1 2.608236e+0 4.000000e-1
    endloop
  endfacet
  facet normal 8.832303e-1 -4.689394e-1 0.000000e+0
    outer loop
      vertex 2.497027e+1 -5.037298e+0 4.000000e-1
      vertex 2.520323e+1 -4.598533e+0 4.000000e-1
      vertex 2.497027e+1 -5.037298e+0 6.000000e-1
    endloop
  endfacet
  facet normal 8.832303e-1 -4.689394e-1 0.000000e+0
    outer loop
      vertex 2.497027e+1 -5.037298e+0 6.000000e-1
      vertex 2.520323e+1 -4.598533e+0 4.000000e-1
      vertex 2.520323e+1 -4.598533e+0 6.000000e-1
    endloop
  endfacet
  facet normal 9.319794e-1 -3.625111e-1 0.000000e+0
    outer loop
      vertex 2.520323e+1 -4.598533e+0 6.000000e-1
      vertex 2.520323e+1 -4.598533e+0 4.000000e-1
      vertex 2.538021e+1 -4.143515e+0 4.000000e-1
    endloop
  endfacet
  facet normal 9.319794e-1 -3.625111e-1 0.000000e+0
    outer loop
      vertex 2.520323e+1 -4.598533e+0 6.000000e-1
      vertex 2.538021e+1 -4.143515e+0 4.000000e-1
      vertex 2.538021e+1 -4.143515e+0 6.000000e-1
    endloop
  endfacet
  facet normal 9.839738e-1 -1.783130e-1 0.000000e+0
    outer loop
      vertex 2.538021e+1 -4.143515e+0 6.000000e-1
      vertex 2.538021e+1 -4.143515e+0 4.000000e-1
      vertex 2.546740e+1 -3.662418e+0 4.000000e-1
    endloop
  endfacet
  facet normal 9.839738e-1 -1.783130e-1 0.000000e+0
    outer loop
      vertex 2.538021e+1 -4.143515e+0 6.000000e-1
      vertex 2.546740e+1 -3.662418e+0 4.000000e-1
      vertex 2.546740e+1 -3.662418e+0 6.000000e-1
    endloop
  endfacet
  facet normal 9.975121e-1 -7.049514e-2 0.000000e+0
    outer loop
      vertex 2.546740e+1 -3.662418e+0 6.000000e-1
      vertex 2.546740e+1 -3.662418e+0 4.000000e-1
      vertex 2.550247e+1 -3.166189e+0 4.000000e-1
    endloop
  endfacet
  facet normal 9.975121e-1 -7.049514e-2 0.000000e+0
    outer loop
      vertex 2.546740e+1 -3.662418e+0 6.000000e-1
      vertex 2.550247e+1 -3.166189e+0 4.000000e-1
      vertex 2.550247e+1 -3.166189e+0 6.000000e-1
    endloop
  endfacet
  facet normal 4.274377e-1 -9.040448e-1 0.000000e+0
    outer loop
      vertex 2.340987e+1 -6.220704e+0 4.000000e-1
      vertex 2.386274e+1 -6.006584e+0 4.000000e-1
      vertex 2.340987e+1 -6.220704e+0 6.000000e-1
    endloop
  endfacet
  facet normal 4.274377e-1 -9.040448e-1 0.000000e+0
    outer loop
      vertex 2.340987e+1 -6.220704e+0 6.000000e-1
      vertex 2.386274e+1 -6.006584e+0 4.000000e-1
      vertex 2.386274e+1 -6.006584e+0 6.000000e-1
    endloop
  endfacet
  facet normal 5.230548e-1 -8.522991e-1 0.000000e+0
    outer loop
      vertex 2.386274e+1 -6.006584e+0 6.000000e-1
      vertex 2.386274e+1 -6.006584e+0 4.000000e-1
      vertex 2.428231e+1 -5.749098e+0 4.000000e-1
    endloop
  endfacet
  facet normal 5.230548e-1 -8.522991e-1 0.000000e+0
    outer loop
      vertex 2.386274e+1 -6.006584e+0 6.000000e-1
      vertex 2.428231e+1 -5.749098e+0 4.000000e-1
      vertex 2.428231e+1 -5.749098e+0 6.000000e-1
    endloop
  endfacet
  facet normal 6.764095e-1 -7.365258e-1 0.000000e+0
    outer loop
      vertex 2.428231e+1 -5.749098e+0 6.000000e-1
      vertex 2.428231e+1 -5.749098e+0 4.000000e-1
      vertex 2.464430e+1 -5.416650e+0 4.000000e-1
    endloop
  endfacet
  facet normal 6.764095e-1 -7.365258e-1 0.000000e+0
    outer loop
      vertex 2.428231e+1 -5.749098e+0 6.000000e-1
      vertex 2.464430e+1 -5.416650e+0 4.000000e-1
      vertex 2.464430e+1 -5.416650e+0 6.000000e-1
    endloop
  endfacet
  facet normal 7.584549e-1 -6.517256e-1 0.000000e+0
    outer loop
      vertex 2.464430e+1 -5.416650e+0 6.000000e-1
      vertex 2.464430e+1 -5.416650e+0 4.000000e-1
      vertex 2.497027e+1 -5.037298e+0 4.000000e-1
    endloop
  endfacet
  facet normal 7.584549e-1 -6.517256e-1 0.000000e+0
    outer loop
      vertex 2.464430e+1 -5.416650e+0 6.000000e-1
      vertex 2.497027e+1 -5.037298e+0 4.000000e-1
      vertex 2.497027e+1 -5.037298e+0 6.000000e-1
    endloop
  endfacet
  facet normal 3.791498e-2 -9.992810e-1 0.000000e+0
    outer loop
      vertex 2.093656e+1 -6.622069e+0 4.000000e-1
      vertex 2.156779e+1 -6.598118e+0 4.000000e-1
      vertex 2.093656e+1 -6.622069e+0 6.000000e-1
    endloop
  endfacet
  facet normal 3.791498e-2 -9.992810e-1 0.000000e+0
    outer loop
      vertex 2.093656e+1 -6.622069e+0 6.000000e-1
      vertex 2.156779e+1 -6.598118e+0 4.000000e-1
      vertex 2.156779e+1 -6.598118e+0 6.000000e-1
    endloop
  endfacet
  facet normal 1.014255e-1 -9.948431e-1 0.000000e+0
    outer loop
      vertex 2.156779e+1 -6.598118e+0 6.000000e-1
      vertex 2.156779e+1 -6.598118e+0 4.000000e-1
      vertex 2.219231e+1 -6.534448e+0 4.000000e-1
    endloop
  endfacet
  facet normal 1.014255e-1 -9.948431e-1 0.000000e+0
    outer loop
      vertex 2.156779e+1 -6.598118e+0 6.000000e-1
      vertex 2.219231e+1 -6.534448e+0 4.000000e-1
      vertex 2.219231e+1 -6.534448e+0 6.000000e-1
    endloop
  endfacet
  facet normal 2.137486e-1 -9.768887e-1 0.000000e+0
    outer loop
      vertex 2.219231e+1 -6.534448e+0 6.000000e-1
      vertex 2.219231e+1 -6.534448e+0 4.000000e-1
      vertex 2.280494e+1 -6.400400e+0 4.000000e-1
    endloop
  endfacet
  facet normal 2.137486e-1 -9.768887e-1 0.000000e+0
    outer loop
      vertex 2.219231e+1 -6.534448e+0 6.000000e-1
      vertex 2.280494e+1 -6.400400e+0 4.000000e-1
      vertex 2.280494e+1 -6.400400e+0 6.000000e-1
    endloop
  endfacet
  facet normal 2.847548e-1 -9.586004e-1 0.000000e+0
    outer loop
      vertex 2.280494e+1 -6.400400e+0 6.000000e-1
      vertex 2.280494e+1 -6.400400e+0 4.000000e-1
      vertex 2.340987e+1 -6.220704e+0 4.000000e-1
    endloop
  endfacet
  facet normal 2.847548e-1 -9.586004e-1 0.000000e+0
    outer loop
      vertex 2.280494e+1 -6.400400e+0 6.000000e-1
      vertex 2.340987e+1 -6.220704e+0 4.000000e-1
      vertex 2.340987e+1 -6.220704e+0 6.000000e-1
    endloop
  endfacet
  facet normal -3.111674e-1 -9.503551e-1 0.000000e+0
    outer loop
      vertex 1.854990e+1 -6.198848e+0 4.000000e-1
      vertex 1.913104e+1 -6.389126e+0 4.000000e-1
      vertex 1.854990e+1 -6.198848e+0 6.000000e-1
    endloop
  endfacet
  facet normal -3.111674e-1 -9.503551e-1 0.000000e+0
    outer loop
      vertex 1.854990e+1 -6.198848e+0 6.000000e-1
      vertex 1.913104e+1 -6.389126e+0 4.000000e-1
      vertex 1.913104e+1 -6.389126e+0 6.000000e-1
    endloop
  endfacet
  facet normal -2.339762e-1 -9.722423e-1 0.000000e+0
    outer loop
      vertex 1.913104e+1 -6.389126e+0 6.000000e-1
      vertex 1.913104e+1 -6.389126e+0 4.000000e-1
      vertex 1.972105e+1 -6.531116e+0 4.000000e-1
    endloop
  endfacet
  facet normal -2.339762e-1 -9.722423e-1 0.000000e+0
    outer loop
      vertex 1.913104e+1 -6.389126e+0 6.000000e-1
      vertex 1.972105e+1 -6.531116e+0 4.000000e-1
      vertex 1.972105e+1 -6.531116e+0 6.000000e-1
    endloop
  endfacet
  facet normal -1.099901e-1 -9.939327e-1 0.000000e+0
    outer loop
      vertex 1.972105e+1 -6.531116e+0 6.000000e-1
      vertex 1.972105e+1 -6.531116e+0 4.000000e-1
      vertex 2.032488e+1 -6.597937e+0 4.000000e-1
    endloop
  endfacet
  facet normal -1.099901e-1 -9.939327e-1 0.000000e+0
    outer loop
      vertex 1.972105e+1 -6.531116e+0 6.000000e-1
      vertex 2.032488e+1 -6.597937e+0 4.000000e-1
      vertex 2.032488e+1 -6.597937e+0 6.000000e-1
    endloop
  endfacet
  facet normal -3.942186e-2 -9.992226e-1 0.000000e+0
    outer loop
      vertex 2.032488e+1 -6.597937e+0 6.000000e-1
      vertex 2.032488e+1 -6.597937e+0 4.000000e-1
      vertex 2.093656e+1 -6.622069e+0 4.000000e-1
    endloop
  endfacet
  facet normal -3.942186e-2 -9.992226e-1 0.000000e+0
    outer loop
      vertex 2.032488e+1 -6.597937e+0 6.000000e-1
      vertex 2.093656e+1 -6.622069e+0 4.000000e-1
      vertex 2.093656e+1 -6.622069e+0 6.000000e-1
    endloop
  endfacet
  facet normal -7.266104e-1 -6.870497e-1 0.000000e+0
    outer loop
      vertex 1.705857e+1 -5.114787e+0 4.000000e-1
      vertex 1.738015e+1 -5.454877e+0 4.000000e-1
      vertex 1.705857e+1 -5.114787e+0 6.000000e-1
    endloop
  endfacet
  facet normal -7.266104e-1 -6.870497e-1 0.000000e+0
    outer loop
      vertex 1.705857e+1 -5.114787e+0 6.000000e-1
      vertex 1.738015e+1 -5.454877e+0 4.000000e-1
      vertex 1.738015e+1 -5.454877e+0 6.000000e-1
    endloop
  endfacet
  facet normal -6.498358e-1 -7.600746e-1 0.000000e+0
    outer loop
      vertex 1.738015e+1 -5.454877e+0 6.000000e-1
      vertex 1.738015e+1 -5.454877e+0 4.000000e-1
      vertex 1.773130e+1 -5.755103e+0 4.000000e-1
    endloop
  endfacet
  facet normal -6.498358e-1 -7.600746e-1 0.000000e+0
    outer loop
      vertex 1.738015e+1 -5.454877e+0 6.000000e-1
      vertex 1.773130e+1 -5.755103e+0 4.000000e-1
      vertex 1.773130e+1 -5.755103e+0 6.000000e-1
    endloop
  endfacet
  facet normal -5.163271e-1 -8.563914e-1 0.000000e+0
    outer loop
      vertex 1.773130e+1 -5.755103e+0 6.000000e-1
      vertex 1.773130e+1 -5.755103e+0 4.000000e-1
      vertex 1.812784e+1 -5.994178e+0 4.000000e-1
    endloop
  endfacet
  facet normal -5.163271e-1 -8.563914e-1 0.000000e+0
    outer loop
      vertex 1.773130e+1 -5.755103e+0 6.000000e-1
      vertex 1.812784e+1 -5.994178e+0 4.000000e-1
      vertex 1.812784e+1 -5.994178e+0 6.000000e-1
    endloop
  endfacet
  facet normal -4.363286e-1 -8.997874e-1 0.000000e+0
    outer loop
      vertex 1.812784e+1 -5.994178e+0 6.000000e-1
      vertex 1.812784e+1 -5.994178e+0 4.000000e-1
      vertex 1.854990e+1 -6.198848e+0 4.000000e-1
    endloop
  endfacet
  facet normal -4.363286e-1 -8.997874e-1 0.000000e+0
    outer loop
      vertex 1.812784e+1 -5.994178e+0 6.000000e-1
      vertex 1.854990e+1 -6.198848e+0 4.000000e-1
      vertex 1.854990e+1 -6.198848e+0 6.000000e-1
    endloop
  endfacet
  facet normal -9.921704e-1 -1.248915e-1 0.000000e+0
    outer loop
      vertex 1.656721e+1 -3.769577e+0 4.000000e-1
      vertex 1.661300e+1 -4.133345e+0 4.000000e-1
      vertex 1.656721e+1 -3.769577e+0 6.000000e-1
    endloop
  endfacet
  facet normal -9.921704e-1 -1.248915e-1 0.000000e+0
    outer loop
      vertex 1.656721e+1 -3.769577e+0 6.000000e-1
      vertex 1.661300e+1 -4.133345e+0 4.000000e-1
      vertex 1.661300e+1 -4.133345e+0 6.000000e-1
    endloop
  endfacet
  facet normal -9.686277e-1 -2.485164e-1 0.000000e+0
    outer loop
      vertex 1.661300e+1 -4.133345e+0 6.000000e-1
      vertex 1.661300e+1 -4.133345e+0 4.000000e-1
      vertex 1.670235e+1 -4.481586e+0 4.000000e-1
    endloop
  endfacet
  facet normal -9.686277e-1 -2.485164e-1 0.000000e+0
    outer loop
      vertex 1.661300e+1 -4.133345e+0 6.000000e-1
      vertex 1.670235e+1 -4.481586e+0 4.000000e-1
      vertex 1.670235e+1 -4.481586e+0 6.000000e-1
    endloop
  endfacet
  facet normal -8.983077e-1 -4.393670e-1 0.000000e+0
    outer loop
      vertex 1.670235e+1 -4.481586e+0 6.000000e-1
      vertex 1.670235e+1 -4.481586e+0 4.000000e-1
      vertex 1.686065e+1 -4.805247e+0 4.000000e-1
    endloop
  endfacet
  facet normal -8.983077e-1 -4.393670e-1 0.000000e+0
    outer loop
      vertex 1.670235e+1 -4.481586e+0 6.000000e-1
      vertex 1.686065e+1 -4.805247e+0 4.000000e-1
      vertex 1.686065e+1 -4.805247e+0 6.000000e-1
    endloop
  endfacet
  facet normal -8.424988e-1 -5.386982e-1 0.000000e+0
    outer loop
      vertex 1.686065e+1 -4.805247e+0 6.000000e-1
      vertex 1.686065e+1 -4.805247e+0 4.000000e-1
      vertex 1.705857e+1 -5.114787e+0 4.000000e-1
    endloop
  endfacet
  facet normal -8.424988e-1 -5.386982e-1 0.000000e+0
    outer loop
      vertex 1.686065e+1 -4.805247e+0 6.000000e-1
      vertex 1.705857e+1 -5.114787e+0 4.000000e-1
      vertex 1.705857e+1 -5.114787e+0 6.000000e-1
    endloop
  endfacet
  facet normal -7.849708e-1 6.195328e-1 0.000000e+0
    outer loop
      vertex 1.691163e+1 -2.933212e+0 4.000000e-1
      vertex 1.676596e+1 -3.117777e+0 4.000000e-1
      vertex 1.691163e+1 -2.933212e+0 6.000000e-1
    endloop
  endfacet
  facet normal -7.849708e-1 6.195328e-1 0.000000e+0
    outer loop
      vertex 1.691163e+1 -2.933212e+0 6.000000e-1
      vertex 1.676596e+1 -3.117777e+0 4.000000e-1
      vertex 1.676596e+1 -3.117777e+0 6.000000e-1
    endloop
  endfacet
  facet normal -8.681116e-1 4.963691e-1 0.000000e+0
    outer loop
      vertex 1.676596e+1 -3.117777e+0 6.000000e-1
      vertex 1.676596e+1 -3.117777e+0 4.000000e-1
      vertex 1.665278e+1 -3.315719e+0 4.000000e-1
    endloop
  endfacet
  facet normal -8.681116e-1 4.963691e-1 0.000000e+0
    outer loop
      vertex 1.676596e+1 -3.117777e+0 6.000000e-1
      vertex 1.665278e+1 -3.315719e+0 4.000000e-1
      vertex 1.665278e+1 -3.315719e+0 6.000000e-1
    endloop
  endfacet
  facet normal -9.659047e-1 2.588980e-1 0.000000e+0
    outer loop
      vertex 1.665278e+1 -3.315719e+0 6.000000e-1
      vertex 1.665278e+1 -3.315719e+0 4.000000e-1
      vertex 1.659375e+1 -3.535958e+0 4.000000e-1
    endloop
  endfacet
  facet normal -9.659047e-1 2.588980e-1 0.000000e+0
    outer loop
      vertex 1.665278e+1 -3.315719e+0 6.000000e-1
      vertex 1.659375e+1 -3.535958e+0 4.000000e-1
      vertex 1.659375e+1 -3.535958e+0 6.000000e-1
    endloop
  endfacet
  facet normal -9.936077e-1 1.128883e-1 0.000000e+0
    outer loop
      vertex 1.659375e+1 -3.535958e+0 6.000000e-1
      vertex 1.659375e+1 -3.535958e+0 4.000000e-1
      vertex 1.656721e+1 -3.769577e+0 4.000000e-1
    endloop
  endfacet
  facet normal -9.936077e-1 1.128883e-1 0.000000e+0
    outer loop
      vertex 1.659375e+1 -3.535958e+0 6.000000e-1
      vertex 1.656721e+1 -3.769577e+0 4.000000e-1
      vertex 1.656721e+1 -3.769577e+0 6.000000e-1
    endloop
  endfacet
  facet normal -1.043494e-1 9.945407e-1 0.000000e+0
    outer loop
      vertex 1.778346e+1 -2.585182e+0 4.000000e-1
      vertex 1.754064e+1 -2.610659e+0 4.000000e-1
      vertex 1.778346e+1 -2.585182e+0 6.000000e-1
    endloop
  endfacet
  facet normal -1.043494e-1 9.945407e-1 0.000000e+0
    outer loop
      vertex 1.778346e+1 -2.585182e+0 6.000000e-1
      vertex 1.754064e+1 -2.610659e+0 4.000000e-1
      vertex 1.754064e+1 -2.610659e+0 6.000000e-1
    endloop
  endfacet
  facet normal -2.472701e-1 9.689466e-1 0.000000e+0
    outer loop
      vertex 1.754064e+1 -2.610659e+0 6.000000e-1
      vertex 1.754064e+1 -2.610659e+0 4.000000e-1
      vertex 1.731119e+1 -2.669214e+0 4.000000e-1
    endloop
  endfacet
  facet normal -2.472701e-1 9.689466e-1 0.000000e+0
    outer loop
      vertex 1.754064e+1 -2.610659e+0 6.000000e-1
      vertex 1.731119e+1 -2.669214e+0 4.000000e-1
      vertex 1.731119e+1 -2.669214e+0 6.000000e-1
    endloop
  endfacet
  facet normal -4.853845e-1 8.743008e-1 0.000000e+0
    outer loop
      vertex 1.731119e+1 -2.669214e+0 6.000000e-1
      vertex 1.731119e+1 -2.669214e+0 4.000000e-1
      vertex 1.710445e+1 -2.783989e+0 4.000000e-1
    endloop
  endfacet
  facet normal -4.853845e-1 8.743008e-1 0.000000e+0
    outer loop
      vertex 1.731119e+1 -2.669214e+0 6.000000e-1
      vertex 1.710445e+1 -2.783989e+0 4.000000e-1
      vertex 1.710445e+1 -2.783989e+0 6.000000e-1
    endloop
  endfacet
  facet normal -6.120340e-1 7.908314e-1 0.000000e+0
    outer loop
      vertex 1.710445e+1 -2.783989e+0 6.000000e-1
      vertex 1.710445e+1 -2.783989e+0 4.000000e-1
      vertex 1.691163e+1 -2.933212e+0 4.000000e-1
    endloop
  endfacet
  facet normal -6.120340e-1 7.908314e-1 0.000000e+0
    outer loop
      vertex 1.710445e+1 -2.783989e+0 6.000000e-1
      vertex 1.691163e+1 -2.933212e+0 4.000000e-1
      vertex 1.691163e+1 -2.933212e+0 6.000000e-1
    endloop
  endfacet
  facet normal 5.371563e-1 8.434827e-1 0.000000e+0
    outer loop
      vertex 1.850393e+1 -2.811959e+0 4.000000e-1
      vertex 1.833977e+1 -2.707421e+0 4.000000e-1
      vertex 1.850393e+1 -2.811959e+0 6.000000e-1
    endloop
  endfacet
  facet normal 5.371563e-1 8.434827e-1 0.000000e+0
    outer loop
      vertex 1.850393e+1 -2.811959e+0 6.000000e-1
      vertex 1.833977e+1 -2.707421e+0 4.000000e-1
      vertex 1.833977e+1 -2.707421e+0 6.000000e-1
    endloop
  endfacet
  facet normal 4.038021e-1 9.148464e-1 0.000000e+0
    outer loop
      vertex 1.833977e+1 -2.707421e+0 6.000000e-1
      vertex 1.833977e+1 -2.707421e+0 4.000000e-1
      vertex 1.816629e+1 -2.630847e+0 4.000000e-1
    endloop
  endfacet
  facet normal 4.038021e-1 9.148464e-1 0.000000e+0
    outer loop
      vertex 1.833977e+1 -2.707421e+0 6.000000e-1
      vertex 1.816629e+1 -2.630847e+0 4.000000e-1
      vertex 1.816629e+1 -2.630847e+0 6.000000e-1
    endloop
  endfacet
  facet normal 1.810758e-1 9.834691e-1 0.000000e+0
    outer loop
      vertex 1.816629e+1 -2.630847e+0 6.000000e-1
      vertex 1.816629e+1 -2.630847e+0 4.000000e-1
      vertex 1.797878e+1 -2.596322e+0 4.000000e-1
    endloop
  endfacet
  facet normal 1.810758e-1 9.834691e-1 0.000000e+0
    outer loop
      vertex 1.816629e+1 -2.630847e+0 6.000000e-1
      vertex 1.797878e+1 -2.596322e+0 4.000000e-1
      vertex 1.797878e+1 -2.596322e+0 6.000000e-1
    endloop
  endfacet
  facet normal 5.694388e-2 9.983774e-1 0.000000e+0
    outer loop
      vertex 1.797878e+1 -2.596322e+0 6.000000e-1
      vertex 1.797878e+1 -2.596322e+0 4.000000e-1
      vertex 1.778346e+1 -2.585182e+0 4.000000e-1
    endloop
  endfacet
  facet normal 5.694388e-2 9.983774e-1 0.000000e+0
    outer loop
      vertex 1.797878e+1 -2.596322e+0 6.000000e-1
      vertex 1.778346e+1 -2.585182e+0 4.000000e-1
      vertex 1.778346e+1 -2.585182e+0 6.000000e-1
    endloop
  endfacet
  facet normal 8.691489e-1 4.945504e-1 0.000000e+0
    outer loop
      vertex 1.898607e+1 -3.474139e+0 4.000000e-1
      vertex 1.888407e+1 -3.294873e+0 4.000000e-1
      vertex 1.898607e+1 -3.474139e+0 6.000000e-1
    endloop
  endfacet
  facet normal 8.691489e-1 4.945504e-1 0.000000e+0
    outer loop
      vertex 1.898607e+1 -3.474139e+0 6.000000e-1
      vertex 1.888407e+1 -3.294873e+0 4.000000e-1
      vertex 1.888407e+1 -3.294873e+0 6.000000e-1
    endloop
  endfacet
  facet normal 8.394828e-1 5.433863e-1 0.000000e+0
    outer loop
      vertex 1.888407e+1 -3.294873e+0 6.000000e-1
      vertex 1.888407e+1 -3.294873e+0 4.000000e-1
      vertex 1.877258e+1 -3.122631e+0 4.000000e-1
    endloop
  endfacet
  facet normal 8.394828e-1 5.433863e-1 0.000000e+0
    outer loop
      vertex 1.888407e+1 -3.294873e+0 6.000000e-1
      vertex 1.877258e+1 -3.122631e+0 4.000000e-1
      vertex 1.877258e+1 -3.122631e+0 6.000000e-1
    endloop
  endfacet
  facet normal 7.786174e-1 6.274989e-1 0.000000e+0
    outer loop
      vertex 1.877258e+1 -3.122631e+0 6.000000e-1
      vertex 1.877258e+1 -3.122631e+0 4.000000e-1
      vertex 1.864397e+1 -2.963058e+0 4.000000e-1
    endloop
  endfacet
  facet normal 7.786174e-1 6.274989e-1 0.000000e+0
    outer loop
      vertex 1.877258e+1 -3.122631e+0 6.000000e-1
      vertex 1.864397e+1 -2.963058e+0 4.000000e-1
      vertex 1.864397e+1 -2.963058e+0 6.000000e-1
    endloop
  endfacet
  facet normal 7.334186e-1 6.797773e-1 0.000000e+0
    outer loop
      vertex 1.864397e+1 -2.963058e+0 6.000000e-1
      vertex 1.864397e+1 -2.963058e+0 4.000000e-1
      vertex 1.850393e+1 -2.811959e+0 4.000000e-1
    endloop
  endfacet
  facet normal 7.334186e-1 6.797773e-1 0.000000e+0
    outer loop
      vertex 1.864397e+1 -2.963058e+0 6.000000e-1
      vertex 1.850393e+1 -2.811959e+0 4.000000e-1
      vertex 1.850393e+1 -2.811959e+0 6.000000e-1
    endloop
  endfacet
  facet normal 5.968512e-1 8.023520e-1 0.000000e+0
    outer loop
      vertex 1.981011e+1 -4.338153e+0 4.000000e-1
      vertex 1.956731e+1 -4.157541e+0 4.000000e-1
      vertex 1.981011e+1 -4.338153e+0 6.000000e-1
    endloop
  endfacet
  facet normal 5.968512e-1 8.023520e-1 0.000000e+0
    outer loop
      vertex 1.981011e+1 -4.338153e+0 6.000000e-1
      vertex 1.956731e+1 -4.157541e+0 4.000000e-1
      vertex 1.956731e+1 -4.157541e+0 6.000000e-1
    endloop
  endfacet
  facet normal 6.697859e-1 7.425543e-1 0.000000e+0
    outer loop
      vertex 1.956731e+1 -4.157541e+0 6.000000e-1
      vertex 1.956731e+1 -4.157541e+0 4.000000e-1
      vertex 1.934511e+1 -3.957114e+0 4.000000e-1
    endloop
  endfacet
  facet normal 6.697859e-1 7.425543e-1 0.000000e+0
    outer loop
      vertex 1.956731e+1 -4.157541e+0 6.000000e-1
      vertex 1.934511e+1 -3.957114e+0 4.000000e-1
      vertex 1.934511e+1 -3.957114e+0 6.000000e-1
    endloop
  endfacet
  facet normal 7.754249e-1 6.314398e-1 0.000000e+0
    outer loop
      vertex 1.934511e+1 -3.957114e+0 6.000000e-1
      vertex 1.934511e+1 -3.957114e+0 4.000000e-1
      vertex 1.915598e+1 -3.724866e+0 4.000000e-1
    endloop
  endfacet
  facet normal 7.754249e-1 6.314398e-1 0.000000e+0
    outer loop
      vertex 1.934511e+1 -3.957114e+0 6.000000e-1
      vertex 1.915598e+1 -3.724866e+0 4.000000e-1
      vertex 1.915598e+1 -3.724866e+0 6.000000e-1
    endloop
  endfacet
  facet normal 8.278166e-1 5.609988e-1 0.000000e+0
    outer loop
      vertex 1.915598e+1 -3.724866e+0 6.000000e-1
      vertex 1.915598e+1 -3.724866e+0 4.000000e-1
      vertex 1.898607e+1 -3.474139e+0 4.000000e-1
    endloop
  endfacet
  facet normal 8.278166e-1 5.609988e-1 0.000000e+0
    outer loop
      vertex 1.915598e+1 -3.724866e+0 6.000000e-1
      vertex 1.898607e+1 -3.474139e+0 4.000000e-1
      vertex 1.898607e+1 -3.474139e+0 6.000000e-1
    endloop
  endfacet
  facet normal 3.593373e-2 9.993542e-1 0.000000e+0
    outer loop
      vertex 2.116856e+1 -4.636201e+0 4.000000e-1
      vertex 2.081443e+1 -4.623468e+0 4.000000e-1
      vertex 2.116856e+1 -4.636201e+0 6.000000e-1
    endloop
  endfacet
  facet normal 3.593373e-2 9.993542e-1 0.000000e+0
    outer loop
      vertex 2.116856e+1 -4.636201e+0 6.000000e-1
      vertex 2.081443e+1 -4.623468e+0 4.000000e-1
      vertex 2.081443e+1 -4.623468e+0 6.000000e-1
    endloop
  endfacet
  facet normal 1.261485e-1 9.920114e-1 0.000000e+0
    outer loop
      vertex 2.081443e+1 -4.623468e+0 6.000000e-1
      vertex 2.081443e+1 -4.623468e+0 4.000000e-1
      vertex 2.046767e+1 -4.579372e+0 4.000000e-1
    endloop
  endfacet
  facet normal 1.261485e-1 9.920114e-1 0.000000e+0
    outer loop
      vertex 2.081443e+1 -4.623468e+0 6.000000e-1
      vertex 2.046767e+1 -4.579372e+0 4.000000e-1
      vertex 2.046767e+1 -4.579372e+0 6.000000e-1
    endloop
  endfacet
  facet normal 2.904467e-1 9.568912e-1 0.000000e+0
    outer loop
      vertex 2.046767e+1 -4.579372e+0 6.000000e-1
      vertex 2.046767e+1 -4.579372e+0 4.000000e-1
      vertex 2.013432e+1 -4.478191e+0 4.000000e-1
    endloop
  endfacet
  facet normal 2.904467e-1 9.568912e-1 0.000000e+0
    outer loop
      vertex 2.046767e+1 -4.579372e+0 6.000000e-1
      vertex 2.013432e+1 -4.478191e+0 4.000000e-1
      vertex 2.013432e+1 -4.478191e+0 6.000000e-1
    endloop
  endfacet
  facet normal 3.965210e-1 9.180257e-1 0.000000e+0
    outer loop
      vertex 2.013432e+1 -4.478191e+0 6.000000e-1
      vertex 2.013432e+1 -4.478191e+0 4.000000e-1
      vertex 1.981011e+1 -4.338153e+0 4.000000e-1
    endloop
  endfacet
  facet normal 3.965210e-1 9.180257e-1 0.000000e+0
    outer loop
      vertex 2.013432e+1 -4.478191e+0 6.000000e-1
      vertex 1.981011e+1 -4.338153e+0 4.000000e-1
      vertex 1.981011e+1 -4.338153e+0 6.000000e-1
    endloop
  endfacet
  facet normal -4.538746e-1 8.910655e-1 0.000000e+0
    outer loop
      vertex 2.227485e+1 -4.344671e+0 4.000000e-1
      vertex 2.201480e+1 -4.477134e+0 4.000000e-1
      vertex 2.227485e+1 -4.344671e+0 6.000000e-1
    endloop
  endfacet
  facet normal -4.538746e-1 8.910655e-1 0.000000e+0
    outer loop
      vertex 2.227485e+1 -4.344671e+0 6.000000e-1
      vertex 2.201480e+1 -4.477134e+0 4.000000e-1
      vertex 2.201480e+1 -4.477134e+0 6.000000e-1
    endloop
  endfacet
  facet normal -3.410556e-1 9.400431e-1 0.000000e+0
    outer loop
      vertex 2.201480e+1 -4.477134e+0 6.000000e-1
      vertex 2.201480e+1 -4.477134e+0 4.000000e-1
      vertex 2.174514e+1 -4.574967e+0 4.000000e-1
    endloop
  endfacet
  facet normal -3.410556e-1 9.400431e-1 0.000000e+0
    outer loop
      vertex 2.201480e+1 -4.477134e+0 6.000000e-1
      vertex 2.174514e+1 -4.574967e+0 4.000000e-1
      vertex 2.174514e+1 -4.574967e+0 6.000000e-1
    endloop
  endfacet
  facet normal -1.573929e-1 9.875361e-1 0.000000e+0
    outer loop
      vertex 2.174514e+1 -4.574967e+0 6.000000e-1
      vertex 2.174514e+1 -4.574967e+0 4.000000e-1
      vertex 2.146092e+1 -4.620266e+0 4.000000e-1
    endloop
  endfacet
  facet normal -1.573929e-1 9.875361e-1 0.000000e+0
    outer loop
      vertex 2.174514e+1 -4.574967e+0 6.000000e-1
      vertex 2.146092e+1 -4.620266e+0 4.000000e-1
      vertex 2.146092e+1 -4.620266e+0 6.000000e-1
    endloop
  endfacet
  facet normal -5.442446e-2 9.985179e-1 0.000000e+0
    outer loop
      vertex 2.146092e+1 -4.620266e+0 6.000000e-1
      vertex 2.146092e+1 -4.620266e+0 4.000000e-1
      vertex 2.116856e+1 -4.636201e+0 4.000000e-1
    endloop
  endfacet
  facet normal -5.442446e-2 9.985179e-1 0.000000e+0
    outer loop
      vertex 2.146092e+1 -4.620266e+0 6.000000e-1
      vertex 2.116856e+1 -4.636201e+0 4.000000e-1
      vertex 2.116856e+1 -4.636201e+0 6.000000e-1
    endloop
  endfacet
  facet normal -9.711583e-1 2.384356e-1 0.000000e+0
    outer loop
      vertex 2.268877e+1 -3.721442e+0 4.000000e-1
      vertex 2.264189e+1 -3.912390e+0 4.000000e-1
      vertex 2.268877e+1 -3.721442e+0 6.000000e-1
    endloop
  endfacet
  facet normal -9.711583e-1 2.384356e-1 0.000000e+0
    outer loop
      vertex 2.268877e+1 -3.721442e+0 6.000000e-1
      vertex 2.264189e+1 -3.912390e+0 4.000000e-1
      vertex 2.264189e+1 -3.912390e+0 6.000000e-1
    endloop
  endfacet
  facet normal -9.336538e-1 3.581767e-1 0.000000e+0
    outer loop
      vertex 2.264189e+1 -3.912390e+0 6.000000e-1
      vertex 2.264189e+1 -3.912390e+0 4.000000e-1
      vertex 2.260780e+1 -4.001252e+0 4.000000e-1
    endloop
  endfacet
  facet normal -9.336538e-1 3.581767e-1 0.000000e+0
    outer loop
      vertex 2.264189e+1 -3.912390e+0 6.000000e-1
      vertex 2.260780e+1 -4.001252e+0 4.000000e-1
      vertex 2.260780e+1 -4.001252e+0 6.000000e-1
    endloop
  endfacet
  facet normal -8.662733e-1 4.995705e-1 0.000000e+0
    outer loop
      vertex 2.260780e+1 -4.001252e+0 6.000000e-1
      vertex 2.260780e+1 -4.001252e+0 4.000000e-1
      vertex 2.256108e+1 -4.082271e+0 4.000000e-1
    endloop
  endfacet
  facet normal -8.662733e-1 4.995705e-1 0.000000e+0
    outer loop
      vertex 2.260780e+1 -4.001252e+0 6.000000e-1
      vertex 2.256108e+1 -4.082271e+0 4.000000e-1
      vertex 2.256108e+1 -4.082271e+0 6.000000e-1
    endloop
  endfacet
  facet normal -7.321139e-1 6.811823e-1 0.000000e+0
    outer loop
      vertex 2.256108e+1 -4.082271e+0 6.000000e-1
      vertex 2.256108e+1 -4.082271e+0 4.000000e-1
      vertex 2.243130e+1 -4.221751e+0 4.000000e-1
    endloop
  endfacet
  facet normal -7.321139e-1 6.811823e-1 0.000000e+0
    outer loop
      vertex 2.256108e+1 -4.082271e+0 6.000000e-1
      vertex 2.243130e+1 -4.221751e+0 4.000000e-1
      vertex 2.243130e+1 -4.221751e+0 6.000000e-1
    endloop
  endfacet
  facet normal -6.178167e-1 7.863222e-1 0.000000e+0
    outer loop
      vertex 2.243130e+1 -4.221751e+0 6.000000e-1
      vertex 2.243130e+1 -4.221751e+0 4.000000e-1
      vertex 2.227485e+1 -4.344671e+0 4.000000e-1
    endloop
  endfacet
  facet normal -6.178167e-1 7.863222e-1 0.000000e+0
    outer loop
      vertex 2.243130e+1 -4.221751e+0 6.000000e-1
      vertex 2.227485e+1 -4.344671e+0 4.000000e-1
      vertex 2.227485e+1 -4.344671e+0 6.000000e-1
    endloop
  endfacet
  facet normal -6.466617e-1 -7.627769e-1 0.000000e+0
    outer loop
      vertex 2.224641e+1 -2.903776e+0 4.000000e-1
      vertex 2.243625e+1 -3.064718e+0 4.000000e-1
      vertex 2.224641e+1 -2.903776e+0 6.000000e-1
    endloop
  endfacet
  facet normal -6.466617e-1 -7.627769e-1 0.000000e+0
    outer loop
      vertex 2.224641e+1 -2.903776e+0 6.000000e-1
      vertex 2.243625e+1 -3.064718e+0 4.000000e-1
      vertex 2.243625e+1 -3.064718e+0 6.000000e-1
    endloop
  endfacet
  facet normal -7.349079e-1 -6.781669e-1 0.000000e+0
    outer loop
      vertex 2.243625e+1 -3.064718e+0 6.000000e-1
      vertex 2.243625e+1 -3.064718e+0 4.000000e-1
      vertex 2.251745e+1 -3.152714e+0 4.000000e-1
    endloop
  endfacet
  facet normal -7.349079e-1 -6.781669e-1 0.000000e+0
    outer loop
      vertex 2.243625e+1 -3.064718e+0 6.000000e-1
      vertex 2.251745e+1 -3.152714e+0 4.000000e-1
      vertex 2.251745e+1 -3.152714e+0 6.000000e-1
    endloop
  endfacet
  facet normal -8.318228e-1 -5.550413e-1 0.000000e+0
    outer loop
      vertex 2.251745e+1 -3.152714e+0 6.000000e-1
      vertex 2.251745e+1 -3.152714e+0 4.000000e-1
      vertex 2.258219e+1 -3.249740e+0 4.000000e-1
    endloop
  endfacet
  facet normal -8.318228e-1 -5.550413e-1 0.000000e+0
    outer loop
      vertex 2.251745e+1 -3.152714e+0 6.000000e-1
      vertex 2.258219e+1 -3.249740e+0 4.000000e-1
      vertex 2.258219e+1 -3.249740e+0 6.000000e-1
    endloop
  endfacet
  facet normal -9.226422e-1 -3.856569e-1 0.000000e+0
    outer loop
      vertex 2.258219e+1 -3.249740e+0 6.000000e-1
      vertex 2.258219e+1 -3.249740e+0 4.000000e-1
      vertex 2.262726e+1 -3.357559e+0 4.000000e-1
    endloop
  endfacet
  facet normal -9.226422e-1 -3.856569e-1 0.000000e+0
    outer loop
      vertex 2.258219e+1 -3.249740e+0 6.000000e-1
      vertex 2.262726e+1 -3.357559e+0 4.000000e-1
      vertex 2.262726e+1 -3.357559e+0 6.000000e-1
    endloop
  endfacet
  facet normal -9.698371e-1 -2.437540e-1 0.000000e+0
    outer loop
      vertex 2.262726e+1 -3.357559e+0 6.000000e-1
      vertex 2.262726e+1 -3.357559e+0 4.000000e-1
      vertex 2.265654e+1 -3.474041e+0 4.000000e-1
    endloop
  endfacet
  facet normal -9.698371e-1 -2.437540e-1 0.000000e+0
    outer loop
      vertex 2.262726e+1 -3.357559e+0 6.000000e-1
      vertex 2.265654e+1 -3.474041e+0 4.000000e-1
      vertex 2.265654e+1 -3.474041e+0 6.000000e-1
    endloop
  endfacet
  facet normal -9.916194e-1 -1.291934e-1 0.000000e+0
    outer loop
      vertex 2.265654e+1 -3.474041e+0 6.000000e-1
      vertex 2.265654e+1 -3.474041e+0 4.000000e-1
      vertex 2.268877e+1 -3.721442e+0 4.000000e-1
    endloop
  endfacet
  facet normal -9.916194e-1 -1.291934e-1 0.000000e+0
    outer loop
      vertex 2.265654e+1 -3.474041e+0 6.000000e-1
      vertex 2.268877e+1 -3.721442e+0 4.000000e-1
      vertex 2.268877e+1 -3.721442e+0 6.000000e-1
    endloop
  endfacet
  facet normal -2.352073e-1 -9.719452e-1 0.000000e+0
    outer loop
      vertex 2.059917e+1 -2.350476e+0 4.000000e-1
      vertex 2.102352e+1 -2.453165e+0 4.000000e-1
      vertex 2.059917e+1 -2.350476e+0 6.000000e-1
    endloop
  endfacet
  facet normal -2.352073e-1 -9.719452e-1 0.000000e+0
    outer loop
      vertex 2.059917e+1 -2.350476e+0 6.000000e-1
      vertex 2.102352e+1 -2.453165e+0 4.000000e-1
      vertex 2.102352e+1 -2.453165e+0 6.000000e-1
    endloop
  endfacet
  facet normal -2.752958e-1 -9.613596e-1 0.000000e+0
    outer loop
      vertex 2.102352e+1 -2.453165e+0 6.000000e-1
      vertex 2.102352e+1 -2.453165e+0 4.000000e-1
      vertex 2.144184e+1 -2.572957e+0 4.000000e-1
    endloop
  endfacet
  facet normal -2.752958e-1 -9.613596e-1 0.000000e+0
    outer loop
      vertex 2.102352e+1 -2.453165e+0 6.000000e-1
      vertex 2.144184e+1 -2.572957e+0 4.000000e-1
      vertex 2.144184e+1 -2.572957e+0 6.000000e-1
    endloop
  endfacet
  facet normal -3.512022e-1 -9.362996e-1 0.000000e+0
    outer loop
      vertex 2.144184e+1 -2.572957e+0 6.000000e-1
      vertex 2.144184e+1 -2.572957e+0 4.000000e-1
      vertex 2.184863e+1 -2.725544e+0 4.000000e-1
    endloop
  endfacet
  facet normal -3.512022e-1 -9.362996e-1 0.000000e+0
    outer loop
      vertex 2.144184e+1 -2.572957e+0 6.000000e-1
      vertex 2.184863e+1 -2.725544e+0 4.000000e-1
      vertex 2.184863e+1 -2.725544e+0 6.000000e-1
    endloop
  endfacet
  facet normal -4.089033e-1 -9.125777e-1 0.000000e+0
    outer loop
      vertex 2.184863e+1 -2.725544e+0 6.000000e-1
      vertex 2.184863e+1 -2.725544e+0 4.000000e-1
      vertex 2.224641e+1 -2.903776e+0 4.000000e-1
    endloop
  endfacet
  facet normal -4.089033e-1 -9.125777e-1 0.000000e+0
    outer loop
      vertex 2.184863e+1 -2.725544e+0 6.000000e-1
      vertex 2.224641e+1 -2.903776e+0 4.000000e-1
      vertex 2.224641e+1 -2.903776e+0 6.000000e-1
    endloop
  endfacet
  facet normal -3.619028e-1 -9.322158e-1 0.000000e+0
    outer loop
      vertex 1.854944e+1 -1.688105e+0 4.000000e-1
      vertex 1.905221e+1 -1.883288e+0 4.000000e-1
      vertex 1.854944e+1 -1.688105e+0 6.000000e-1
    endloop
  endfacet
  facet normal -3.619028e-1 -9.322158e-1 0.000000e+0
    outer loop
      vertex 1.854944e+1 -1.688105e+0 6.000000e-1
      vertex 1.905221e+1 -1.883288e+0 4.000000e-1
      vertex 1.905221e+1 -1.883288e+0 6.000000e-1
    endloop
  endfacet
  facet normal -3.306273e-1 -9.437614e-1 0.000000e+0
    outer loop
      vertex 1.905221e+1 -1.883288e+0 6.000000e-1
      vertex 1.905221e+1 -1.883288e+0 4.000000e-1
      vertex 1.956056e+1 -2.061379e+0 4.000000e-1
    endloop
  endfacet
  facet normal -3.306273e-1 -9.437614e-1 0.000000e+0
    outer loop
      vertex 1.905221e+1 -1.883288e+0 6.000000e-1
      vertex 1.956056e+1 -2.061379e+0 4.000000e-1
      vertex 1.956056e+1 -2.061379e+0 6.000000e-1
    endloop
  endfacet
  facet normal -2.819571e-1 -9.594270e-1 0.000000e+0
    outer loop
      vertex 1.956056e+1 -2.061379e+0 6.000000e-1
      vertex 1.956056e+1 -2.061379e+0 4.000000e-1
      vertex 2.007747e+1 -2.213286e+0 4.000000e-1
    endloop
  endfacet
  facet normal -2.819571e-1 -9.594270e-1 0.000000e+0
    outer loop
      vertex 1.956056e+1 -2.061379e+0 6.000000e-1
      vertex 2.007747e+1 -2.213286e+0 4.000000e-1
      vertex 2.007747e+1 -2.213286e+0 6.000000e-1
    endloop
  endfacet
  facet normal -2.543159e-1 -9.671212e-1 0.000000e+0
    outer loop
      vertex 2.007747e+1 -2.213286e+0 6.000000e-1
      vertex 2.007747e+1 -2.213286e+0 4.000000e-1
      vertex 2.059917e+1 -2.350476e+0 4.000000e-1
    endloop
  endfacet
  facet normal -2.543159e-1 -9.671212e-1 0.000000e+0
    outer loop
      vertex 2.007747e+1 -2.213286e+0 6.000000e-1
      vertex 2.059917e+1 -2.350476e+0 4.000000e-1
      vertex 2.059917e+1 -2.350476e+0 6.000000e-1
    endloop
  endfacet
  facet normal -7.067272e-1 -7.074862e-1 0.000000e+0
    outer loop
      vertex 1.718745e+1 -7.079614e-1 4.000000e-1
      vertex 1.748794e+1 -1.008125e+0 4.000000e-1
      vertex 1.718745e+1 -7.079614e-1 6.000000e-1
    endloop
  endfacet
  facet normal -7.067272e-1 -7.074862e-1 0.000000e+0
    outer loop
      vertex 1.718745e+1 -7.079614e-1 6.000000e-1
      vertex 1.748794e+1 -1.008125e+0 4.000000e-1
      vertex 1.748794e+1 -1.008125e+0 6.000000e-1
    endloop
  endfacet
  facet normal -6.405194e-1 -7.679420e-1 0.000000e+0
    outer loop
      vertex 1.748794e+1 -1.008125e+0 6.000000e-1
      vertex 1.748794e+1 -1.008125e+0 4.000000e-1
      vertex 1.781082e+1 -1.277431e+0 4.000000e-1
    endloop
  endfacet
  facet normal -6.405194e-1 -7.679420e-1 0.000000e+0
    outer loop
      vertex 1.748794e+1 -1.008125e+0 6.000000e-1
      vertex 1.781082e+1 -1.277431e+0 4.000000e-1
      vertex 1.781082e+1 -1.277431e+0 6.000000e-1
    endloop
  endfacet
  facet normal -5.221931e-1 -8.528273e-1 0.000000e+0
    outer loop
      vertex 1.781082e+1 -1.277431e+0 6.000000e-1
      vertex 1.781082e+1 -1.277431e+0 4.000000e-1
      vertex 1.816968e+1 -1.497165e+0 4.000000e-1
    endloop
  endfacet
  facet normal -5.221931e-1 -8.528273e-1 0.000000e+0
    outer loop
      vertex 1.781082e+1 -1.277431e+0 6.000000e-1
      vertex 1.816968e+1 -1.497165e+0 4.000000e-1
      vertex 1.816968e+1 -1.497165e+0 6.000000e-1
    endloop
  endfacet
  facet normal -4.492046e-1 -8.934289e-1 0.000000e+0
    outer loop
      vertex 1.816968e+1 -1.497165e+0 6.000000e-1
      vertex 1.816968e+1 -1.497165e+0 4.000000e-1
      vertex 1.854944e+1 -1.688105e+0 4.000000e-1
    endloop
  endfacet
  facet normal -4.492046e-1 -8.934289e-1 0.000000e+0
    outer loop
      vertex 1.816968e+1 -1.497165e+0 6.000000e-1
      vertex 1.854944e+1 -1.688105e+0 4.000000e-1
      vertex 1.854944e+1 -1.688105e+0 6.000000e-1
    endloop
  endfacet
  facet normal -9.962986e-1 -8.595946e-2 0.000000e+0
    outer loop
      vertex 1.666677e+1 8.225093e-1 4.000000e-1
      vertex 1.670261e+1 4.071209e-1 4.000000e-1
      vertex 1.666677e+1 8.225093e-1 6.000000e-1
    endloop
  endfacet
  facet normal -9.962986e-1 -8.595946e-2 0.000000e+0
    outer loop
      vertex 1.666677e+1 8.225093e-1 6.000000e-1
      vertex 1.670261e+1 4.071209e-1 4.000000e-1
      vertex 1.670261e+1 4.071209e-1 6.000000e-1
    endloop
  endfacet
  facet normal -9.774255e-1 -2.112803e-1 0.000000e+0
    outer loop
      vertex 1.670261e+1 4.071209e-1 6.000000e-1
      vertex 1.670261e+1 4.071209e-1 4.000000e-1
      vertex 1.678863e+1 9.166109e-3 4.000000e-1
    endloop
  endfacet
  facet normal -9.774255e-1 -2.112803e-1 0.000000e+0
    outer loop
      vertex 1.670261e+1 4.071209e-1 6.000000e-1
      vertex 1.678863e+1 9.166109e-3 4.000000e-1
      vertex 1.678863e+1 9.166109e-3 6.000000e-1
    endloop
  endfacet
  facet normal -9.054447e-1 -4.244643e-1 0.000000e+0
    outer loop
      vertex 1.678863e+1 9.166109e-3 6.000000e-1
      vertex 1.678863e+1 9.166109e-3 4.000000e-1
      vertex 1.696111e+1 -3.587539e-1 4.000000e-1
    endloop
  endfacet
  facet normal -9.054447e-1 -4.244643e-1 0.000000e+0
    outer loop
      vertex 1.678863e+1 9.166109e-3 6.000000e-1
      vertex 1.696111e+1 -3.587539e-1 4.000000e-1
      vertex 1.696111e+1 -3.587539e-1 6.000000e-1
    endloop
  endfacet
  facet normal -8.391491e-1 -5.439016e-1 0.000000e+0
    outer loop
      vertex 1.696111e+1 -3.587539e-1 6.000000e-1
      vertex 1.696111e+1 -3.587539e-1 4.000000e-1
      vertex 1.718745e+1 -7.079614e-1 4.000000e-1
    endloop
  endfacet
  facet normal -8.391491e-1 -5.439016e-1 0.000000e+0
    outer loop
      vertex 1.696111e+1 -3.587539e-1 6.000000e-1
      vertex 1.718745e+1 -7.079614e-1 4.000000e-1
      vertex 1.718745e+1 -7.079614e-1 6.000000e-1
    endloop
  endfacet
  facet normal -8.742386e-1 4.854966e-1 0.000000e+0
    outer loop
      vertex 1.714083e+1 2.344830e+0 4.000000e-1
      vertex 1.694307e+1 1.988722e+0 4.000000e-1
      vertex 1.714083e+1 2.344830e+0 6.000000e-1
    endloop
  endfacet
  facet normal -8.742386e-1 4.854966e-1 0.000000e+0
    outer loop
      vertex 1.714083e+1 2.344830e+0 6.000000e-1
      vertex 1.694307e+1 1.988722e+0 4.000000e-1
      vertex 1.694307e+1 1.988722e+0 6.000000e-1
    endloop
  endfacet
  facet normal -9.220681e-1 3.870278e-1 0.000000e+0
    outer loop
      vertex 1.694307e+1 1.988722e+0 6.000000e-1
      vertex 1.694307e+1 1.988722e+0 4.000000e-1
      vertex 1.678806e+1 1.619414e+0 4.000000e-1
    endloop
  endfacet
  facet normal -9.220681e-1 3.870278e-1 0.000000e+0
    outer loop
      vertex 1.694307e+1 1.988722e+0 6.000000e-1
      vertex 1.678806e+1 1.619414e+0 4.000000e-1
      vertex 1.678806e+1 1.619414e+0 6.000000e-1
    endloop
  endfacet
  facet normal -9.784305e-1 2.065764e-1 0.000000e+0
    outer loop
      vertex 1.678806e+1 1.619414e+0 6.000000e-1
      vertex 1.678806e+1 1.619414e+0 4.000000e-1
      vertex 1.670537e+1 1.227770e+0 4.000000e-1
    endloop
  endfacet
  facet normal -9.784305e-1 2.065764e-1 0.000000e+0
    outer loop
      vertex 1.678806e+1 1.619414e+0 6.000000e-1
      vertex 1.670537e+1 1.227770e+0 4.000000e-1
      vertex 1.670537e+1 1.227770e+0 6.000000e-1
    endloop
  endfacet
  facet normal -9.954958e-1 9.480565e-2 0.000000e+0
    outer loop
      vertex 1.670537e+1 1.227770e+0 6.000000e-1
      vertex 1.670537e+1 1.227770e+0 4.000000e-1
      vertex 1.666677e+1 8.225093e-1 4.000000e-1
    endloop
  endfacet
  facet normal -9.954958e-1 9.480565e-2 0.000000e+0
    outer loop
      vertex 1.670537e+1 1.227770e+0 6.000000e-1
      vertex 1.666677e+1 8.225093e-1 4.000000e-1
      vertex 1.666677e+1 8.225093e-1 6.000000e-1
    endloop
  endfacet
  facet normal -4.745739e-1 8.802157e-1 0.000000e+0
    outer loop
      vertex 1.853203e+1 3.478055e+0 4.000000e-1
      vertex 1.812955e+1 3.261056e+0 4.000000e-1
      vertex 1.853203e+1 3.478055e+0 6.000000e-1
    endloop
  endfacet
  facet normal -4.745739e-1 8.802157e-1 0.000000e+0
    outer loop
      vertex 1.853203e+1 3.478055e+0 6.000000e-1
      vertex 1.812955e+1 3.261056e+0 4.000000e-1
      vertex 1.812955e+1 3.261056e+0 6.000000e-1
    endloop
  endfacet
  facet normal -5.594302e-1 8.288774e-1 0.000000e+0
    outer loop
      vertex 1.812955e+1 3.261056e+0 6.000000e-1
      vertex 1.812955e+1 3.261056e+0 4.000000e-1
      vertex 1.775603e+1 3.008952e+0 4.000000e-1
    endloop
  endfacet
  facet normal -5.594302e-1 8.288774e-1 0.000000e+0
    outer loop
      vertex 1.812955e+1 3.261056e+0 6.000000e-1
      vertex 1.775603e+1 3.008952e+0 4.000000e-1
      vertex 1.775603e+1 3.008952e+0 6.000000e-1
    endloop
  endfacet
  facet normal -6.954563e-1 7.185684e-1 0.000000e+0
    outer loop
      vertex 1.775603e+1 3.008952e+0 6.000000e-1
      vertex 1.775603e+1 3.008952e+0 4.000000e-1
      vertex 1.743267e+1 2.695998e+0 4.000000e-1
    endloop
  endfacet
  facet normal -6.954563e-1 7.185684e-1 0.000000e+0
    outer loop
      vertex 1.775603e+1 3.008952e+0 6.000000e-1
      vertex 1.743267e+1 2.695998e+0 4.000000e-1
      vertex 1.743267e+1 2.695998e+0 6.000000e-1
    endloop
  endfacet
  facet normal -7.690787e-1 6.391541e-1 0.000000e+0
    outer loop
      vertex 1.743267e+1 2.695998e+0 6.000000e-1
      vertex 1.743267e+1 2.695998e+0 4.000000e-1
      vertex 1.714083e+1 2.344830e+0 4.000000e-1
    endloop
  endfacet
  facet normal -7.690787e-1 6.391541e-1 0.000000e+0
    outer loop
      vertex 1.743267e+1 2.695998e+0 6.000000e-1
      vertex 1.714083e+1 2.344830e+0 4.000000e-1
      vertex 1.714083e+1 2.344830e+0 6.000000e-1
    endloop
  endfacet
  facet normal -4.657464e-2 9.989148e-1 0.000000e+0
    outer loop
      vertex 2.072130e+1 3.900784e+0 4.000000e-1
      vertex 2.015811e+1 3.874526e+0 4.000000e-1
      vertex 2.072130e+1 3.900784e+0 6.000000e-1
    endloop
  endfacet
  facet normal -4.657464e-2 9.989148e-1 0.000000e+0
    outer loop
      vertex 2.072130e+1 3.900784e+0 6.000000e-1
      vertex 2.015811e+1 3.874526e+0 4.000000e-1
      vertex 2.015811e+1 3.874526e+0 6.000000e-1
    endloop
  endfacet
  facet normal -1.212986e-1 9.926161e-1 0.000000e+0
    outer loop
      vertex 2.015811e+1 3.874526e+0 6.000000e-1
      vertex 2.015811e+1 3.874526e+0 4.000000e-1
      vertex 1.960322e+1 3.806718e+0 4.000000e-1
    endloop
  endfacet
  facet normal -1.212986e-1 9.926161e-1 0.000000e+0
    outer loop
      vertex 2.015811e+1 3.874526e+0 6.000000e-1
      vertex 1.960322e+1 3.806718e+0 4.000000e-1
      vertex 1.960322e+1 3.806718e+0 6.000000e-1
    endloop
  endfacet
  facet normal -2.523406e-1 9.676385e-1 0.000000e+0
    outer loop
      vertex 1.960322e+1 3.806718e+0 6.000000e-1
      vertex 1.960322e+1 3.806718e+0 4.000000e-1
      vertex 1.906294e+1 3.665824e+0 4.000000e-1
    endloop
  endfacet
  facet normal -2.523406e-1 9.676385e-1 0.000000e+0
    outer loop
      vertex 1.960322e+1 3.806718e+0 6.000000e-1
      vertex 1.906294e+1 3.665824e+0 4.000000e-1
      vertex 1.906294e+1 3.665824e+0 6.000000e-1
    endloop
  endfacet
  facet normal -3.334331e-1 9.427738e-1 0.000000e+0
    outer loop
      vertex 1.906294e+1 3.665824e+0 6.000000e-1
      vertex 1.906294e+1 3.665824e+0 4.000000e-1
      vertex 1.853203e+1 3.478055e+0 4.000000e-1
    endloop
  endfacet
  facet normal -3.334331e-1 9.427738e-1 0.000000e+0
    outer loop
      vertex 1.906294e+1 3.665824e+0 6.000000e-1
      vertex 1.853203e+1 3.478055e+0 4.000000e-1
      vertex 1.853203e+1 3.478055e+0 6.000000e-1
    endloop
  endfacet
  facet normal 2.017885e-1 9.794291e-1 0.000000e+0
    outer loop
      vertex 2.251370e+1 3.694207e+0 4.000000e-1
      vertex 2.207029e+1 3.785563e+0 4.000000e-1
      vertex 2.251370e+1 3.694207e+0 6.000000e-1
    endloop
  endfacet
  facet normal 2.017885e-1 9.794291e-1 0.000000e+0
    outer loop
      vertex 2.251370e+1 3.694207e+0 6.000000e-1
      vertex 2.207029e+1 3.785563e+0 4.000000e-1
      vertex 2.207029e+1 3.785563e+0 6.000000e-1
    endloop
  endfacet
  facet normal 1.528906e-1 9.882431e-1 0.000000e+0
    outer loop
      vertex 2.207029e+1 3.785563e+0 6.000000e-1
      vertex 2.207029e+1 3.785563e+0 4.000000e-1
      vertex 2.162423e+1 3.854572e+0 4.000000e-1
    endloop
  endfacet
  facet normal 1.528906e-1 9.882431e-1 0.000000e+0
    outer loop
      vertex 2.207029e+1 3.785563e+0 6.000000e-1
      vertex 2.162423e+1 3.854572e+0 4.000000e-1
      vertex 2.162423e+1 3.854572e+0 6.000000e-1
    endloop
  endfacet
  facet normal 7.395315e-2 9.972617e-1 0.000000e+0
    outer loop
      vertex 2.162423e+1 3.854572e+0 6.000000e-1
      vertex 2.162423e+1 3.854572e+0 4.000000e-1
      vertex 2.117398e+1 3.887961e+0 4.000000e-1
    endloop
  endfacet
  facet normal 7.395315e-2 9.972617e-1 0.000000e+0
    outer loop
      vertex 2.162423e+1 3.854572e+0 6.000000e-1
      vertex 2.117398e+1 3.887961e+0 4.000000e-1
      vertex 2.117398e+1 3.887961e+0 6.000000e-1
    endloop
  endfacet
  facet normal 2.831683e-2 9.995990e-1 0.000000e+0
    outer loop
      vertex 2.117398e+1 3.887961e+0 6.000000e-1
      vertex 2.117398e+1 3.887961e+0 4.000000e-1
      vertex 2.072130e+1 3.900784e+0 4.000000e-1
    endloop
  endfacet
  facet normal 2.831683e-2 9.995990e-1 0.000000e+0
    outer loop
      vertex 2.117398e+1 3.887961e+0 6.000000e-1
      vertex 2.072130e+1 3.900784e+0 4.000000e-1
      vertex 2.072130e+1 3.900784e+0 6.000000e-1
    endloop
  endfacet
  facet normal 4.865983e-1 8.736259e-1 0.000000e+0
    outer loop
      vertex 2.386757e+1 3.129412e+0 4.000000e-1
      vertex 2.354531e+1 3.308907e+0 4.000000e-1
      vertex 2.386757e+1 3.129412e+0 6.000000e-1
    endloop
  endfacet
  facet normal 4.865983e-1 8.736259e-1 0.000000e+0
    outer loop
      vertex 2.386757e+1 3.129412e+0 6.000000e-1
      vertex 2.354531e+1 3.308907e+0 4.000000e-1
      vertex 2.354531e+1 3.308907e+0 6.000000e-1
    endloop
  endfacet
  facet normal 4.292996e-1 9.031622e-1 0.000000e+0
    outer loop
      vertex 2.354531e+1 3.308907e+0 6.000000e-1
      vertex 2.354531e+1 3.308907e+0 4.000000e-1
      vertex 2.321378e+1 3.466494e+0 4.000000e-1
    endloop
  endfacet
  facet normal 4.292996e-1 9.031622e-1 0.000000e+0
    outer loop
      vertex 2.354531e+1 3.308907e+0 6.000000e-1
      vertex 2.321378e+1 3.466494e+0 4.000000e-1
      vertex 2.321378e+1 3.466494e+0 6.000000e-1
    endloop
  endfacet
  facet normal 3.362626e-1 9.417682e-1 0.000000e+0
    outer loop
      vertex 2.321378e+1 3.466494e+0 6.000000e-1
      vertex 2.321378e+1 3.466494e+0 4.000000e-1
      vertex 2.286783e+1 3.590016e+0 4.000000e-1
    endloop
  endfacet
  facet normal 3.362626e-1 9.417682e-1 0.000000e+0
    outer loop
      vertex 2.321378e+1 3.466494e+0 6.000000e-1
      vertex 2.286783e+1 3.590016e+0 4.000000e-1
      vertex 2.286783e+1 3.590016e+0 6.000000e-1
    endloop
  endfacet
  facet normal 2.822577e-1 9.593386e-1 0.000000e+0
    outer loop
      vertex 2.286783e+1 3.590016e+0 6.000000e-1
      vertex 2.286783e+1 3.590016e+0 4.000000e-1
      vertex 2.251370e+1 3.694207e+0 4.000000e-1
    endloop
  endfacet
  facet normal 2.822577e-1 9.593386e-1 0.000000e+0
    outer loop
      vertex 2.286783e+1 3.590016e+0 6.000000e-1
      vertex 2.251370e+1 3.694207e+0 4.000000e-1
      vertex 2.251370e+1 3.694207e+0 6.000000e-1
    endloop
  endfacet
  facet normal 7.877916e-1 6.159418e-1 0.000000e+0
    outer loop
      vertex 2.470998e+1 2.322311e+0 4.000000e-1
      vertex 2.452861e+1 2.554289e+0 4.000000e-1
      vertex 2.470998e+1 2.322311e+0 6.000000e-1
    endloop
  endfacet
  facet normal 7.877916e-1 6.159418e-1 0.000000e+0
    outer loop
      vertex 2.470998e+1 2.322311e+0 6.000000e-1
      vertex 2.452861e+1 2.554289e+0 4.000000e-1
      vertex 2.452861e+1 2.554289e+0 6.000000e-1
    endloop
  endfacet
  facet normal 7.355792e-1 6.774387e-1 0.000000e+0
    outer loop
      vertex 2.452861e+1 2.554289e+0 6.000000e-1
      vertex 2.452861e+1 2.554289e+0 4.000000e-1
      vertex 2.433070e+1 2.769182e+0 4.000000e-1
    endloop
  endfacet
  facet normal 7.355792e-1 6.774387e-1 0.000000e+0
    outer loop
      vertex 2.452861e+1 2.554289e+0 6.000000e-1
      vertex 2.433070e+1 2.769182e+0 4.000000e-1
      vertex 2.433070e+1 2.769182e+0 6.000000e-1
    endloop
  endfacet
  facet normal 6.425169e-1 7.662715e-1 0.000000e+0
    outer loop
      vertex 2.433070e+1 2.769182e+0 6.000000e-1
      vertex 2.433070e+1 2.769182e+0 4.000000e-1
      vertex 2.410664e+1 2.957053e+0 4.000000e-1
    endloop
  endfacet
  facet normal 6.425169e-1 7.662715e-1 0.000000e+0
    outer loop
      vertex 2.433070e+1 2.769182e+0 6.000000e-1
      vertex 2.410664e+1 2.957053e+0 4.000000e-1
      vertex 2.410664e+1 2.957053e+0 6.000000e-1
    endloop
  endfacet
  facet normal 5.848149e-1 8.111668e-1 0.000000e+0
    outer loop
      vertex 2.410664e+1 2.957053e+0 6.000000e-1
      vertex 2.410664e+1 2.957053e+0 4.000000e-1
      vertex 2.386757e+1 3.129412e+0 4.000000e-1
    endloop
  endfacet
  facet normal 5.848149e-1 8.111668e-1 0.000000e+0
    outer loop
      vertex 2.410664e+1 2.957053e+0 6.000000e-1
      vertex 2.386757e+1 3.129412e+0 4.000000e-1
      vertex 2.386757e+1 3.129412e+0 6.000000e-1
    endloop
  endfacet
  facet normal 9.931202e-1 1.170992e-1 0.000000e+0
    outer loop
      vertex 2.500767e+1 1.427356e+0 4.000000e-1
      vertex 2.497952e+1 1.666093e+0 4.000000e-1
      vertex 2.500767e+1 1.427356e+0 6.000000e-1
    endloop
  endfacet
  facet normal 9.931202e-1 1.170992e-1 0.000000e+0
    outer loop
      vertex 2.500767e+1 1.427356e+0 6.000000e-1
      vertex 2.497952e+1 1.666093e+0 4.000000e-1
      vertex 2.497952e+1 1.666093e+0 6.000000e-1
    endloop
  endfacet
  facet normal 9.732036e-1 2.299452e-1 0.000000e+0
    outer loop
      vertex 2.497952e+1 1.666093e+0 6.000000e-1
      vertex 2.497952e+1 1.666093e+0 4.000000e-1
      vertex 2.492512e+1 1.896322e+0 4.000000e-1
    endloop
  endfacet
  facet normal 9.732036e-1 2.299452e-1 0.000000e+0
    outer loop
      vertex 2.497952e+1 1.666093e+0 6.000000e-1
      vertex 2.492512e+1 1.896322e+0 4.000000e-1
      vertex 2.492512e+1 1.896322e+0 6.000000e-1
    endloop
  endfacet
  facet normal 9.147943e-1 4.039201e-1 0.000000e+0
    outer loop
      vertex 2.492512e+1 1.896322e+0 6.000000e-1
      vertex 2.492512e+1 1.896322e+0 4.000000e-1
      vertex 2.482938e+1 2.113151e+0 4.000000e-1
    endloop
  endfacet
  facet normal 9.147943e-1 4.039201e-1 0.000000e+0
    outer loop
      vertex 2.492512e+1 1.896322e+0 6.000000e-1
      vertex 2.482938e+1 2.113151e+0 4.000000e-1
      vertex 2.482938e+1 2.113151e+0 6.000000e-1
    endloop
  endfacet
  facet normal 8.684503e-1 4.957761e-1 0.000000e+0
    outer loop
      vertex 2.482938e+1 2.113151e+0 6.000000e-1
      vertex 2.482938e+1 2.113151e+0 4.000000e-1
      vertex 2.470998e+1 2.322311e+0 4.000000e-1
    endloop
  endfacet
  facet normal 8.684503e-1 4.957761e-1 0.000000e+0
    outer loop
      vertex 2.482938e+1 2.113151e+0 6.000000e-1
      vertex 2.470998e+1 2.322311e+0 4.000000e-1
      vertex 2.470998e+1 2.322311e+0 6.000000e-1
    endloop
  endfacet
  facet normal 7.798916e-1 -6.259146e-1 0.000000e+0
    outer loop
      vertex 2.466486e+1 5.895385e-1 4.000000e-1
      vertex 2.481242e+1 7.733936e-1 4.000000e-1
      vertex 2.466486e+1 5.895385e-1 6.000000e-1
    endloop
  endfacet
  facet normal 7.798916e-1 -6.259146e-1 0.000000e+0
    outer loop
      vertex 2.466486e+1 5.895385e-1 6.000000e-1
      vertex 2.481242e+1 7.733936e-1 4.000000e-1
      vertex 2.481242e+1 7.733936e-1 6.000000e-1
    endloop
  endfacet
  facet normal 8.678729e-1 -4.967863e-1 0.000000e+0
    outer loop
      vertex 2.481242e+1 7.733936e-1 6.000000e-1
      vertex 2.481242e+1 7.733936e-1 4.000000e-1
      vertex 2.492576e+1 9.714070e-1 4.000000e-1
    endloop
  endfacet
  facet normal 8.678729e-1 -4.967863e-1 0.000000e+0
    outer loop
      vertex 2.481242e+1 7.733936e-1 6.000000e-1
      vertex 2.492576e+1 9.714070e-1 4.000000e-1
      vertex 2.492576e+1 9.714070e-1 6.000000e-1
    endloop
  endfacet
  facet normal 9.678999e-1 -2.513361e-1 0.000000e+0
    outer loop
      vertex 2.492576e+1 9.714070e-1 6.000000e-1
      vertex 2.492576e+1 9.714070e-1 4.000000e-1
      vertex 2.498319e+1 1.192563e+0 4.000000e-1
    endloop
  endfacet
  facet normal 9.678999e-1 -2.513361e-1 0.000000e+0
    outer loop
      vertex 2.492576e+1 9.714070e-1 6.000000e-1
      vertex 2.498319e+1 1.192563e+0 4.000000e-1
      vertex 2.498319e+1 1.192563e+0 6.000000e-1
    endloop
  endfacet
  facet normal 9.946088e-1 -1.036989e-1 0.000000e+0
    outer loop
      vertex 2.498319e+1 1.192563e+0 6.000000e-1
      vertex 2.498319e+1 1.192563e+0 4.000000e-1
      vertex 2.500767e+1 1.427356e+0 4.000000e-1
    endloop
  endfacet
  facet normal 9.946088e-1 -1.036989e-1 0.000000e+0
    outer loop
      vertex 2.498319e+1 1.192563e+0 6.000000e-1
      vertex 2.500767e+1 1.427356e+0 4.000000e-1
      vertex 2.500767e+1 1.427356e+0 6.000000e-1
    endloop
  endfacet
  facet normal 7.334679e-2 -9.973065e-1 0.000000e+0
    outer loop
      vertex 2.370808e+1 2.590891e-1 4.000000e-1
      vertex 2.397013e+1 2.783620e-1 4.000000e-1
      vertex 2.370808e+1 2.590891e-1 6.000000e-1
    endloop
  endfacet
  facet normal 7.334679e-2 -9.973065e-1 0.000000e+0
    outer loop
      vertex 2.370808e+1 2.590891e-1 6.000000e-1
      vertex 2.397013e+1 2.783620e-1 4.000000e-1
      vertex 2.397013e+1 2.783620e-1 6.000000e-1
    endloop
  endfacet
  facet normal 2.042739e-1 -9.789138e-1 0.000000e+0
    outer loop
      vertex 2.397013e+1 2.783620e-1 6.000000e-1
      vertex 2.397013e+1 2.783620e-1 4.000000e-1
      vertex 2.422030e+1 3.305661e-1 4.000000e-1
    endloop
  endfacet
  facet normal 2.042739e-1 -9.789138e-1 0.000000e+0
    outer loop
      vertex 2.397013e+1 2.783620e-1 6.000000e-1
      vertex 2.422030e+1 3.305661e-1 4.000000e-1
      vertex 2.422030e+1 3.305661e-1 6.000000e-1
    endloop
  endfacet
  facet normal 4.346018e-1 -9.006227e-1 0.000000e+0
    outer loop
      vertex 2.422030e+1 3.305661e-1 6.000000e-1
      vertex 2.422030e+1 3.305661e-1 4.000000e-1
      vertex 2.444941e+1 4.411246e-1 4.000000e-1
    endloop
  endfacet
  facet normal 4.346018e-1 -9.006227e-1 0.000000e+0
    outer loop
      vertex 2.422030e+1 3.305661e-1 6.000000e-1
      vertex 2.444941e+1 4.411246e-1 4.000000e-1
      vertex 2.444941e+1 4.411246e-1 6.000000e-1
    endloop
  endfacet
  facet normal 5.672916e-1 -8.235170e-1 0.000000e+0
    outer loop
      vertex 2.444941e+1 4.411246e-1 6.000000e-1
      vertex 2.444941e+1 4.411246e-1 4.000000e-1
      vertex 2.466486e+1 5.895385e-1 4.000000e-1
    endloop
  endfacet
  facet normal 5.672916e-1 -8.235170e-1 0.000000e+0
    outer loop
      vertex 2.444941e+1 4.411246e-1 6.000000e-1
      vertex 2.466486e+1 5.895385e-1 4.000000e-1
      vertex 2.466486e+1 5.895385e-1 6.000000e-1
    endloop
  endfacet
  facet normal -5.258204e-1 -8.505957e-1 0.000000e+0
    outer loop
      vertex 2.295094e+1 5.036991e-1 4.000000e-1
      vertex 2.312488e+1 3.961765e-1 4.000000e-1
      vertex 2.295094e+1 5.036991e-1 6.000000e-1
    endloop
  endfacet
  facet normal -5.258204e-1 -8.505957e-1 0.000000e+0
    outer loop
      vertex 2.295094e+1 5.036991e-1 6.000000e-1
      vertex 2.312488e+1 3.961765e-1 4.000000e-1
      vertex 2.312488e+1 3.961765e-1 6.000000e-1
    endloop
  endfacet
  facet normal -4.074321e-1 -9.132355e-1 0.000000e+0
    outer loop
      vertex 2.312488e+1 3.961765e-1 6.000000e-1
      vertex 2.312488e+1 3.961765e-1 4.000000e-1
      vertex 2.330744e+1 3.147267e-1 4.000000e-1
    endloop
  endfacet
  facet normal -4.074321e-1 -9.132355e-1 0.000000e+0
    outer loop
      vertex 2.312488e+1 3.961765e-1 6.000000e-1
      vertex 2.330744e+1 3.147267e-1 4.000000e-1
      vertex 2.330744e+1 3.147267e-1 6.000000e-1
    endloop
  endfacet
  facet normal -1.988697e-1 -9.800259e-1 0.000000e+0
    outer loop
      vertex 2.330744e+1 3.147267e-1 6.000000e-1
      vertex 2.330744e+1 3.147267e-1 4.000000e-1
      vertex 2.350378e+1 2.748854e-1 4.000000e-1
    endloop
  endfacet
  facet normal -1.988697e-1 -9.800259e-1 0.000000e+0
    outer loop
      vertex 2.330744e+1 3.147267e-1 6.000000e-1
      vertex 2.350378e+1 2.748854e-1 4.000000e-1
      vertex 2.350378e+1 2.748854e-1 6.000000e-1
    endloop
  endfacet
  facet normal -7.709043e-2 -9.970241e-1 0.000000e+0
    outer loop
      vertex 2.350378e+1 2.748854e-1 6.000000e-1
      vertex 2.350378e+1 2.748854e-1 4.000000e-1
      vertex 2.370808e+1 2.590891e-1 4.000000e-1
    endloop
  endfacet
  facet normal -7.709043e-2 -9.970241e-1 0.000000e+0
    outer loop
      vertex 2.350378e+1 2.748854e-1 6.000000e-1
      vertex 2.370808e+1 2.590891e-1 4.000000e-1
      vertex 2.370808e+1 2.590891e-1 6.000000e-1
    endloop
  endfacet
  facet normal -7.715706e-1 -6.361437e-1 0.000000e+0
    outer loop
      vertex 2.228631e+1 1.202326e+0 4.000000e-1
      vertex 2.244011e+1 1.015786e+0 4.000000e-1
      vertex 2.228631e+1 1.202326e+0 6.000000e-1
    endloop
  endfacet
  facet normal -7.715706e-1 -6.361437e-1 0.000000e+0
    outer loop
      vertex 2.228631e+1 1.202326e+0 6.000000e-1
      vertex 2.244011e+1 1.015786e+0 4.000000e-1
      vertex 2.244011e+1 1.015786e+0 6.000000e-1
    endloop
  endfacet
  facet normal -7.480379e-1 -6.636560e-1 0.000000e+0
    outer loop
      vertex 2.244011e+1 1.015786e+0 6.000000e-1
      vertex 2.244011e+1 1.015786e+0 4.000000e-1
      vertex 2.260022e+1 8.353169e-1 4.000000e-1
    endloop
  endfacet
  facet normal -7.480379e-1 -6.636560e-1 0.000000e+0
    outer loop
      vertex 2.244011e+1 1.015786e+0 6.000000e-1
      vertex 2.260022e+1 8.353169e-1 4.000000e-1
      vertex 2.260022e+1 8.353169e-1 6.000000e-1
    endloop
  endfacet
  facet normal -7.028804e-1 -7.113081e-1 0.000000e+0
    outer loop
      vertex 2.260022e+1 8.353169e-1 6.000000e-1
      vertex 2.260022e+1 8.353169e-1 4.000000e-1
      vertex 2.277175e+1 6.658217e-1 4.000000e-1
    endloop
  endfacet
  facet normal -7.028804e-1 -7.113081e-1 0.000000e+0
    outer loop
      vertex 2.260022e+1 8.353169e-1 6.000000e-1
      vertex 2.277175e+1 6.658217e-1 4.000000e-1
      vertex 2.277175e+1 6.658217e-1 6.000000e-1
    endloop
  endfacet
  facet normal -6.708956e-1 -7.415518e-1 0.000000e+0
    outer loop
      vertex 2.277175e+1 6.658217e-1 6.000000e-1
      vertex 2.277175e+1 6.658217e-1 4.000000e-1
      vertex 2.295094e+1 5.036991e-1 4.000000e-1
    endloop
  endfacet
  facet normal -6.708956e-1 -7.415518e-1 0.000000e+0
    outer loop
      vertex 2.277175e+1 6.658217e-1 6.000000e-1
      vertex 2.295094e+1 5.036991e-1 4.000000e-1
      vertex 2.295094e+1 5.036991e-1 6.000000e-1
    endloop
  endfacet
  facet normal -5.518000e-1 -8.339765e-1 0.000000e+0
    outer loop
      vertex 2.167657e+1 1.738176e+0 4.000000e-1
      vertex 2.184736e+1 1.625175e+0 4.000000e-1
      vertex 2.167657e+1 1.738176e+0 6.000000e-1
    endloop
  endfacet
  facet normal -5.518000e-1 -8.339765e-1 0.000000e+0
    outer loop
      vertex 2.167657e+1 1.738176e+0 6.000000e-1
      vertex 2.184736e+1 1.625175e+0 4.000000e-1
      vertex 2.184736e+1 1.625175e+0 6.000000e-1
    endloop
  endfacet
  facet normal -6.128803e-1 -7.901758e-1 0.000000e+0
    outer loop
      vertex 2.184736e+1 1.625175e+0 6.000000e-1
      vertex 2.184736e+1 1.625175e+0 4.000000e-1
      vertex 2.200800e+1 1.500581e+0 4.000000e-1
    endloop
  endfacet
  facet normal -6.128803e-1 -7.901758e-1 0.000000e+0
    outer loop
      vertex 2.184736e+1 1.625175e+0 6.000000e-1
      vertex 2.200800e+1 1.500581e+0 4.000000e-1
      vertex 2.200800e+1 1.500581e+0 6.000000e-1
    endloop
  endfacet
  facet normal -7.058765e-1 -7.083349e-1 0.000000e+0
    outer loop
      vertex 2.200800e+1 1.500581e+0 6.000000e-1
      vertex 2.200800e+1 1.500581e+0 4.000000e-1
      vertex 2.215204e+1 1.357037e+0 4.000000e-1
    endloop
  endfacet
  facet normal -7.058765e-1 -7.083349e-1 0.000000e+0
    outer loop
      vertex 2.200800e+1 1.500581e+0 6.000000e-1
      vertex 2.215204e+1 1.357037e+0 4.000000e-1
      vertex 2.215204e+1 1.357037e+0 6.000000e-1
    endloop
  endfacet
  facet normal -7.552431e-1 -6.554449e-1 0.000000e+0
    outer loop
      vertex 2.215204e+1 1.357037e+0 6.000000e-1
      vertex 2.215204e+1 1.357037e+0 4.000000e-1
      vertex 2.228631e+1 1.202326e+0 4.000000e-1
    endloop
  endfacet
  facet normal -7.552431e-1 -6.554449e-1 0.000000e+0
    outer loop
      vertex 2.215204e+1 1.357037e+0 6.000000e-1
      vertex 2.228631e+1 1.202326e+0 4.000000e-1
      vertex 2.228631e+1 1.202326e+0 6.000000e-1
    endloop
  endfacet
  facet normal -3.380630e-2 -9.994284e-1 0.000000e+0
    outer loop
      vertex 2.072461e+1 1.934076e+0 4.000000e-1
      vertex 2.097155e+1 1.925723e+0 4.000000e-1
      vertex 2.072461e+1 1.934076e+0 6.000000e-1
    endloop
  endfacet
  facet normal -3.380630e-2 -9.994284e-1 0.000000e+0
    outer loop
      vertex 2.072461e+1 1.934076e+0 6.000000e-1
      vertex 2.097155e+1 1.925723e+0 4.000000e-1
      vertex 2.097155e+1 1.925723e+0 6.000000e-1
    endloop
  endfacet
  facet normal -1.186973e-1 -9.929305e-1 0.000000e+0
    outer loop
      vertex 2.097155e+1 1.925723e+0 6.000000e-1
      vertex 2.097155e+1 1.925723e+0 4.000000e-1
      vertex 2.121395e+1 1.896746e+0 4.000000e-1
    endloop
  endfacet
  facet normal -1.186973e-1 -9.929305e-1 0.000000e+0
    outer loop
      vertex 2.097155e+1 1.925723e+0 6.000000e-1
      vertex 2.121395e+1 1.896746e+0 4.000000e-1
      vertex 2.121395e+1 1.896746e+0 6.000000e-1
    endloop
  endfacet
  facet normal -2.732736e-1 -9.619364e-1 0.000000e+0
    outer loop
      vertex 2.121395e+1 1.896746e+0 6.000000e-1
      vertex 2.121395e+1 1.896746e+0 4.000000e-1
      vertex 2.144807e+1 1.830233e+0 4.000000e-1
    endloop
  endfacet
  facet normal -2.732736e-1 -9.619364e-1 0.000000e+0
    outer loop
      vertex 2.121395e+1 1.896746e+0 6.000000e-1
      vertex 2.144807e+1 1.830233e+0 4.000000e-1
      vertex 2.144807e+1 1.830233e+0 6.000000e-1
    endloop
  endfacet
  facet normal -3.736901e-1 -9.275537e-1 0.000000e+0
    outer loop
      vertex 2.144807e+1 1.830233e+0 6.000000e-1
      vertex 2.144807e+1 1.830233e+0 4.000000e-1
      vertex 2.167657e+1 1.738176e+0 4.000000e-1
    endloop
  endfacet
  facet normal -3.736901e-1 -9.275537e-1 0.000000e+0
    outer loop
      vertex 2.144807e+1 1.830233e+0 6.000000e-1
      vertex 2.167657e+1 1.738176e+0 4.000000e-1
      vertex 2.167657e+1 1.738176e+0 6.000000e-1
    endloop
  endfacet
  facet normal 4.283582e-1 -9.036090e-1 0.000000e+0
    outer loop
      vertex 1.972847e+1 1.687792e+0 4.000000e-1
      vertex 1.996443e+1 1.799651e+0 4.000000e-1
      vertex 1.972847e+1 1.687792e+0 6.000000e-1
    endloop
  endfacet
  facet normal 4.283582e-1 -9.036090e-1 0.000000e+0
    outer loop
      vertex 1.972847e+1 1.687792e+0 6.000000e-1
      vertex 1.996443e+1 1.799651e+0 4.000000e-1
      vertex 1.996443e+1 1.799651e+0 6.000000e-1
    endloop
  endfacet
  facet normal 3.212902e-1 -9.469808e-1 0.000000e+0
    outer loop
      vertex 1.996443e+1 1.799651e+0 6.000000e-1
      vertex 1.996443e+1 1.799651e+0 4.000000e-1
      vertex 2.020799e+1 1.882286e+0 4.000000e-1
    endloop
  endfacet
  facet normal 3.212902e-1 -9.469808e-1 0.000000e+0
    outer loop
      vertex 1.996443e+1 1.799651e+0 6.000000e-1
      vertex 2.020799e+1 1.882286e+0 4.000000e-1
      vertex 2.020799e+1 1.882286e+0 6.000000e-1
    endloop
  endfacet
  facet normal 1.484409e-1 -9.889213e-1 0.000000e+0
    outer loop
      vertex 2.020799e+1 1.882286e+0 6.000000e-1
      vertex 2.020799e+1 1.882286e+0 4.000000e-1
      vertex 2.046308e+1 1.920575e+0 4.000000e-1
    endloop
  endfacet
  facet normal 1.484409e-1 -9.889213e-1 0.000000e+0
    outer loop
      vertex 2.020799e+1 1.882286e+0 6.000000e-1
      vertex 2.046308e+1 1.920575e+0 4.000000e-1
      vertex 2.046308e+1 1.920575e+0 6.000000e-1
    endloop
  endfacet
  facet normal 5.155172e-2 -9.986703e-1 0.000000e+0
    outer loop
      vertex 2.046308e+1 1.920575e+0 6.000000e-1
      vertex 2.046308e+1 1.920575e+0 4.000000e-1
      vertex 2.072461e+1 1.934076e+0 4.000000e-1
    endloop
  endfacet
  facet normal 5.155172e-2 -9.986703e-1 0.000000e+0
    outer loop
      vertex 2.046308e+1 1.920575e+0 6.000000e-1
      vertex 2.072461e+1 1.934076e+0 4.000000e-1
      vertex 2.072461e+1 1.934076e+0 6.000000e-1
    endloop
  endfacet
  facet normal 9.764238e-1 -2.158624e-1 0.000000e+0
    outer loop
      vertex 1.935056e+1 1.111102e+0 4.000000e-1
      vertex 1.938999e+1 1.289452e+0 4.000000e-1
      vertex 1.935056e+1 1.111102e+0 6.000000e-1
    endloop
  endfacet
  facet normal 9.764238e-1 -2.158624e-1 0.000000e+0
    outer loop
      vertex 1.935056e+1 1.111102e+0 6.000000e-1
      vertex 1.938999e+1 1.289452e+0 4.000000e-1
      vertex 1.938999e+1 1.289452e+0 6.000000e-1
    endloop
  endfacet
  facet normal 9.410620e-1 -3.382340e-1 0.000000e+0
    outer loop
      vertex 1.938999e+1 1.289452e+0 6.000000e-1
      vertex 1.938999e+1 1.289452e+0 4.000000e-1
      vertex 1.941979e+1 1.372365e+0 4.000000e-1
    endloop
  endfacet
  facet normal 9.410620e-1 -3.382340e-1 0.000000e+0
    outer loop
      vertex 1.938999e+1 1.289452e+0 6.000000e-1
      vertex 1.941979e+1 1.372365e+0 4.000000e-1
      vertex 1.941979e+1 1.372365e+0 6.000000e-1
    endloop
  endfacet
  facet normal 8.744819e-1 -4.850581e-1 0.000000e+0
    outer loop
      vertex 1.941979e+1 1.372365e+0 6.000000e-1
      vertex 1.941979e+1 1.372365e+0 4.000000e-1
      vertex 1.946164e+1 1.447801e+0 4.000000e-1
    endloop
  endfacet
  facet normal 8.744819e-1 -4.850581e-1 0.000000e+0
    outer loop
      vertex 1.941979e+1 1.372365e+0 6.000000e-1
      vertex 1.946164e+1 1.447801e+0 4.000000e-1
      vertex 1.946164e+1 1.447801e+0 6.000000e-1
    endloop
  endfacet
  facet normal 7.745205e-1 -6.325488e-1 0.000000e+0
    outer loop
      vertex 1.946164e+1 1.447801e+0 6.000000e-1
      vertex 1.946164e+1 1.447801e+0 4.000000e-1
      vertex 1.951659e+1 1.515094e+0 4.000000e-1
    endloop
  endfacet
  facet normal 7.745205e-1 -6.325488e-1 0.000000e+0
    outer loop
      vertex 1.946164e+1 1.447801e+0 6.000000e-1
      vertex 1.951659e+1 1.515094e+0 4.000000e-1
      vertex 1.951659e+1 1.515094e+0 6.000000e-1
    endloop
  endfacet
  facet normal 6.843891e-1 -7.291170e-1 0.000000e+0
    outer loop
      vertex 1.951659e+1 1.515094e+0 6.000000e-1
      vertex 1.951659e+1 1.515094e+0 4.000000e-1
      vertex 1.958162e+1 1.576134e+0 4.000000e-1
    endloop
  endfacet
  facet normal 6.843891e-1 -7.291170e-1 0.000000e+0
    outer loop
      vertex 1.951659e+1 1.515094e+0 6.000000e-1
      vertex 1.958162e+1 1.576134e+0 4.000000e-1
      vertex 1.958162e+1 1.576134e+0 6.000000e-1
    endloop
  endfacet
  facet normal 6.052791e-1 -7.960133e-1 0.000000e+0
    outer loop
      vertex 1.958162e+1 1.576134e+0 6.000000e-1
      vertex 1.958162e+1 1.576134e+0 4.000000e-1
      vertex 1.972847e+1 1.687792e+0 4.000000e-1
    endloop
  endfacet
  facet normal 6.052791e-1 -7.960133e-1 0.000000e+0
    outer loop
      vertex 1.958162e+1 1.576134e+0 6.000000e-1
      vertex 1.972847e+1 1.687792e+0 4.000000e-1
      vertex 1.972847e+1 1.687792e+0 6.000000e-1
    endloop
  endfacet
  facet normal 6.882055e-1 7.255158e-1 0.000000e+0
    outer loop
      vertex 1.962594e+1 5.933038e-1 4.000000e-1
      vertex 1.951346e+1 6.999987e-1 4.000000e-1
      vertex 1.962594e+1 5.933038e-1 6.000000e-1
    endloop
  endfacet
  facet normal 6.882055e-1 7.255158e-1 0.000000e+0
    outer loop
      vertex 1.962594e+1 5.933038e-1 6.000000e-1
      vertex 1.951346e+1 6.999987e-1 4.000000e-1
      vertex 1.951346e+1 6.999987e-1 6.000000e-1
    endloop
  endfacet
  facet normal 7.996469e-1 6.004705e-1 0.000000e+0
    outer loop
      vertex 1.951346e+1 6.999987e-1 6.000000e-1
      vertex 1.951346e+1 6.999987e-1 4.000000e-1
      vertex 1.942424e+1 8.188201e-1 4.000000e-1
    endloop
  endfacet
  facet normal 7.996469e-1 6.004705e-1 0.000000e+0
    outer loop
      vertex 1.951346e+1 6.999987e-1 6.000000e-1
      vertex 1.942424e+1 8.188201e-1 4.000000e-1
      vertex 1.942424e+1 8.188201e-1 6.000000e-1
    endloop
  endfacet
  facet normal 9.171931e-1 3.984429e-1 0.000000e+0
    outer loop
      vertex 1.942424e+1 8.188201e-1 6.000000e-1
      vertex 1.942424e+1 8.188201e-1 4.000000e-1
      vertex 1.939496e+1 8.862255e-1 4.000000e-1
    endloop
  endfacet
  facet normal 9.171931e-1 3.984429e-1 0.000000e+0
    outer loop
      vertex 1.942424e+1 8.188201e-1 6.000000e-1
      vertex 1.939496e+1 8.862255e-1 4.000000e-1
      vertex 1.939496e+1 8.862255e-1 6.000000e-1
    endloop
  endfacet
  facet normal 9.638650e-1 2.663911e-1 0.000000e+0
    outer loop
      vertex 1.939496e+1 8.862255e-1 6.000000e-1
      vertex 1.939496e+1 8.862255e-1 4.000000e-1
      vertex 1.937499e+1 9.584863e-1 4.000000e-1
    endloop
  endfacet
  facet normal 9.638650e-1 2.663911e-1 0.000000e+0
    outer loop
      vertex 1.939496e+1 8.862255e-1 6.000000e-1
      vertex 1.937499e+1 9.584863e-1 4.000000e-1
      vertex 1.937499e+1 9.584863e-1 6.000000e-1
    endloop
  endfacet
  facet normal 9.874381e-1 1.580061e-1 0.000000e+0
    outer loop
      vertex 1.937499e+1 9.584863e-1 6.000000e-1
      vertex 1.937499e+1 9.584863e-1 4.000000e-1
      vertex 1.935056e+1 1.111102e+0 4.000000e-1
    endloop
  endfacet
  facet normal 9.874381e-1 1.580061e-1 0.000000e+0
    outer loop
      vertex 1.937499e+1 9.584863e-1 6.000000e-1
      vertex 1.935056e+1 1.111102e+0 4.000000e-1
      vertex 1.935056e+1 1.111102e+0 6.000000e-1
    endloop
  endfacet
  facet normal 3.026567e-1 9.530997e-1 0.000000e+0
    outer loop
      vertex 2.043672e+1 2.270571e-1 4.000000e-1
      vertex 2.022301e+1 2.949197e-1 4.000000e-1
      vertex 2.043672e+1 2.270571e-1 6.000000e-1
    endloop
  endfacet
  facet normal 3.026567e-1 9.530997e-1 0.000000e+0
    outer loop
      vertex 2.043672e+1 2.270571e-1 6.000000e-1
      vertex 2.022301e+1 2.949197e-1 4.000000e-1
      vertex 2.022301e+1 2.949197e-1 6.000000e-1
    endloop
  endfacet
  facet normal 3.579711e-1 9.337327e-1 0.000000e+0
    outer loop
      vertex 2.022301e+1 2.949197e-1 6.000000e-1
      vertex 2.022301e+1 2.949197e-1 4.000000e-1
      vertex 2.001486e+1 3.747226e-1 4.000000e-1
    endloop
  endfacet
  facet normal 3.579711e-1 9.337327e-1 0.000000e+0
    outer loop
      vertex 2.022301e+1 2.949197e-1 6.000000e-1
      vertex 2.001486e+1 3.747226e-1 4.000000e-1
      vertex 2.001486e+1 3.747226e-1 6.000000e-1
    endloop
  endfacet
  facet normal 4.569669e-1 8.894837e-1 0.000000e+0
    outer loop
      vertex 2.001486e+1 3.747226e-1 6.000000e-1
      vertex 2.001486e+1 3.747226e-1 4.000000e-1
      vertex 1.981688e+1 4.764330e-1 4.000000e-1
    endloop
  endfacet
  facet normal 4.569669e-1 8.894837e-1 0.000000e+0
    outer loop
      vertex 2.001486e+1 3.747226e-1 6.000000e-1
      vertex 1.981688e+1 4.764330e-1 4.000000e-1
      vertex 1.981688e+1 4.764330e-1 6.000000e-1
    endloop
  endfacet
  facet normal 5.220637e-1 8.529065e-1 0.000000e+0
    outer loop
      vertex 1.981688e+1 4.764330e-1 6.000000e-1
      vertex 1.981688e+1 4.764330e-1 4.000000e-1
      vertex 1.962594e+1 5.933038e-1 4.000000e-1
    endloop
  endfacet
  facet normal 5.220637e-1 8.529065e-1 0.000000e+0
    outer loop
      vertex 1.981688e+1 4.764330e-1 6.000000e-1
      vertex 1.962594e+1 5.933038e-1 4.000000e-1
      vertex 1.962594e+1 5.933038e-1 6.000000e-1
    endloop
  endfacet
  facet normal 2.365184e-1 9.716270e-1 0.000000e+0
    outer loop
      vertex 2.195377e+1 -1.663981e-1 4.000000e-1
      vertex 2.157302e+1 -7.371528e-2 4.000000e-1
      vertex 2.195377e+1 -1.663981e-1 6.000000e-1
    endloop
  endfacet
  facet normal 2.365184e-1 9.716270e-1 0.000000e+0
    outer loop
      vertex 2.195377e+1 -1.663981e-1 6.000000e-1
      vertex 2.157302e+1 -7.371528e-2 4.000000e-1
      vertex 2.157302e+1 -7.371528e-2 6.000000e-1
    endloop
  endfacet
  facet normal 2.437503e-1 9.698380e-1 0.000000e+0
    outer loop
      vertex 2.157302e+1 -7.371528e-2 6.000000e-1
      vertex 2.157302e+1 -7.371528e-2 4.000000e-1
      vertex 2.119301e+1 2.179222e-2 4.000000e-1
    endloop
  endfacet
  facet normal 2.437503e-1 9.698380e-1 0.000000e+0
    outer loop
      vertex 2.157302e+1 -7.371528e-2 6.000000e-1
      vertex 2.119301e+1 2.179222e-2 4.000000e-1
      vertex 2.119301e+1 2.179222e-2 6.000000e-1
    endloop
  endfacet
  facet normal 2.571611e-1 9.663686e-1 0.000000e+0
    outer loop
      vertex 2.119301e+1 2.179222e-2 6.000000e-1
      vertex 2.119301e+1 2.179222e-2 4.000000e-1
      vertex 2.081438e+1 1.225513e-1 4.000000e-1
    endloop
  endfacet
  facet normal 2.571611e-1 9.663686e-1 0.000000e+0
    outer loop
      vertex 2.119301e+1 2.179222e-2 6.000000e-1
      vertex 2.081438e+1 1.225513e-1 4.000000e-1
      vertex 2.081438e+1 1.225513e-1 6.000000e-1
    endloop
  endfacet
  facet normal 2.666984e-1 9.637800e-1 0.000000e+0
    outer loop
      vertex 2.081438e+1 1.225513e-1 6.000000e-1
      vertex 2.081438e+1 1.225513e-1 4.000000e-1
      vertex 2.043672e+1 2.270571e-1 4.000000e-1
    endloop
  endfacet
  facet normal 2.666984e-1 9.637800e-1 0.000000e+0
    outer loop
      vertex 2.081438e+1 1.225513e-1 6.000000e-1
      vertex 2.043672e+1 2.270571e-1 4.000000e-1
      vertex 2.043672e+1 2.270571e-1 6.000000e-1
    endloop
  endfacet
  facet normal 4.157380e-1 9.094844e-1 0.000000e+0
    outer loop
      vertex 2.391022e+1 -8.629100e-1 4.000000e-1
      vertex 2.343646e+1 -6.463485e-1 4.000000e-1
      vertex 2.391022e+1 -8.629100e-1 6.000000e-1
    endloop
  endfacet
  facet normal 4.157380e-1 9.094844e-1 0.000000e+0
    outer loop
      vertex 2.391022e+1 -8.629100e-1 6.000000e-1
      vertex 2.343646e+1 -6.463485e-1 4.000000e-1
      vertex 2.343646e+1 -6.463485e-1 6.000000e-1
    endloop
  endfacet
  facet normal 3.693987e-1 9.292710e-1 0.000000e+0
    outer loop
      vertex 2.343646e+1 -6.463485e-1 6.000000e-1
      vertex 2.343646e+1 -6.463485e-1 4.000000e-1
      vertex 2.295377e+1 -4.544719e-1 4.000000e-1
    endloop
  endfacet
  facet normal 3.693987e-1 9.292710e-1 0.000000e+0
    outer loop
      vertex 2.343646e+1 -6.463485e-1 6.000000e-1
      vertex 2.295377e+1 -4.544719e-1 4.000000e-1
      vertex 2.295377e+1 -4.544719e-1 6.000000e-1
    endloop
  endfacet
  facet normal 2.972403e-1 9.548027e-1 0.000000e+0
    outer loop
      vertex 2.295377e+1 -4.544719e-1 6.000000e-1
      vertex 2.295377e+1 -4.544719e-1 4.000000e-1
      vertex 2.245755e+1 -2.999921e-1 4.000000e-1
    endloop
  endfacet
  facet normal 2.972403e-1 9.548027e-1 0.000000e+0
    outer loop
      vertex 2.295377e+1 -4.544719e-1 6.000000e-1
      vertex 2.245755e+1 -2.999921e-1 4.000000e-1
      vertex 2.245755e+1 -2.999921e-1 6.000000e-1
    endloop
  endfacet
  facet normal 2.563227e-1 9.665913e-1 0.000000e+0
    outer loop
      vertex 2.245755e+1 -2.999921e-1 6.000000e-1
      vertex 2.245755e+1 -2.999921e-1 4.000000e-1
      vertex 2.195377e+1 -1.663981e-1 4.000000e-1
    endloop
  endfacet
  facet normal 2.563227e-1 9.665913e-1 0.000000e+0
    outer loop
      vertex 2.245755e+1 -2.999921e-1 6.000000e-1
      vertex 2.195377e+1 -1.663981e-1 4.000000e-1
      vertex 2.195377e+1 -1.663981e-1 6.000000e-1
    endloop
  endfacet
  facet normal 7.561053e-1 6.544499e-1 0.000000e+0
    outer loop
      vertex 2.509069e+1 -1.848258e+0 4.000000e-1
      vertex 2.483604e+1 -1.554059e+0 4.000000e-1
      vertex 2.509069e+1 -1.848258e+0 6.000000e-1
    endloop
  endfacet
  facet normal 7.561053e-1 6.544499e-1 0.000000e+0
    outer loop
      vertex 2.509069e+1 -1.848258e+0 6.000000e-1
      vertex 2.483604e+1 -1.554059e+0 4.000000e-1
      vertex 2.483604e+1 -1.554059e+0 6.000000e-1
    endloop
  endfacet
  facet normal 6.931422e-1 7.208008e-1 0.000000e+0
    outer loop
      vertex 2.483604e+1 -1.554059e+0 6.000000e-1
      vertex 2.483604e+1 -1.554059e+0 4.000000e-1
      vertex 2.455839e+1 -1.287065e+0 4.000000e-1
    endloop
  endfacet
  facet normal 6.931422e-1 7.208008e-1 0.000000e+0
    outer loop
      vertex 2.483604e+1 -1.554059e+0 6.000000e-1
      vertex 2.455839e+1 -1.287065e+0 4.000000e-1
      vertex 2.455839e+1 -1.287065e+0 6.000000e-1
    endloop
  endfacet
  facet normal 5.815067e-1 8.135416e-1 0.000000e+0
    outer loop
      vertex 2.455839e+1 -1.287065e+0 6.000000e-1
      vertex 2.455839e+1 -1.287065e+0 4.000000e-1
      vertex 2.424462e+1 -1.062787e+0 4.000000e-1
    endloop
  endfacet
  facet normal 5.815067e-1 8.135416e-1 0.000000e+0
    outer loop
      vertex 2.455839e+1 -1.287065e+0 6.000000e-1
      vertex 2.424462e+1 -1.062787e+0 4.000000e-1
      vertex 2.424462e+1 -1.062787e+0 6.000000e-1
    endloop
  endfacet
  facet normal 5.130532e-1 8.583568e-1 0.000000e+0
    outer loop
      vertex 2.424462e+1 -1.062787e+0 6.000000e-1
      vertex 2.424462e+1 -1.062787e+0 4.000000e-1
      vertex 2.391022e+1 -8.629100e-1 4.000000e-1
    endloop
  endfacet
  facet normal 5.130532e-1 8.583568e-1 0.000000e+0
    outer loop
      vertex 2.424462e+1 -1.062787e+0 6.000000e-1
      vertex 2.391022e+1 -8.629100e-1 4.000000e-1
      vertex 2.391022e+1 -8.629100e-1 6.000000e-1
    endloop
  endfacet
  facet normal 9.961148e-1 8.806452e-2 0.000000e+0
    outer loop
      vertex 2.550247e+1 -3.166189e+0 4.000000e-1
      vertex 2.547134e+1 -2.814103e+0 4.000000e-1
      vertex 2.550247e+1 -3.166189e+0 6.000000e-1
    endloop
  endfacet
  facet normal 9.961148e-1 8.806452e-2 0.000000e+0
    outer loop
      vertex 2.550247e+1 -3.166189e+0 6.000000e-1
      vertex 2.547134e+1 -2.814103e+0 4.000000e-1
      vertex 2.547134e+1 -2.814103e+0 6.000000e-1
    endloop
  endfacet
  facet normal 9.794796e-1 2.015432e-1 0.000000e+0
    outer loop
      vertex 2.547134e+1 -2.814103e+0 6.000000e-1
      vertex 2.547134e+1 -2.814103e+0 4.000000e-1
      vertex 2.540141e+1 -2.474231e+0 4.000000e-1
    endloop
  endfacet
  facet normal 9.794796e-1 2.015432e-1 0.000000e+0
    outer loop
      vertex 2.547134e+1 -2.814103e+0 6.000000e-1
      vertex 2.540141e+1 -2.474231e+0 4.000000e-1
      vertex 2.540141e+1 -2.474231e+0 6.000000e-1
    endloop
  endfacet
  facet normal 9.205812e-1 3.905511e-1 0.000000e+0
    outer loop
      vertex 2.540141e+1 -2.474231e+0 6.000000e-1
      vertex 2.540141e+1 -2.474231e+0 4.000000e-1
      vertex 2.526596e+1 -2.154976e+0 4.000000e-1
    endloop
  endfacet
  facet normal 9.205812e-1 3.905511e-1 0.000000e+0
    outer loop
      vertex 2.540141e+1 -2.474231e+0 6.000000e-1
      vertex 2.526596e+1 -2.154976e+0 4.000000e-1
      vertex 2.526596e+1 -2.154976e+0 6.000000e-1
    endloop
  endfacet
  facet normal 8.682319e-1 4.961586e-1 0.000000e+0
    outer loop
      vertex 2.526596e+1 -2.154976e+0 6.000000e-1
      vertex 2.526596e+1 -2.154976e+0 4.000000e-1
      vertex 2.509069e+1 -1.848258e+0 4.000000e-1
    endloop
  endfacet
  facet normal 8.682319e-1 4.961586e-1 0.000000e+0
    outer loop
      vertex 2.526596e+1 -2.154976e+0 6.000000e-1
      vertex 2.509069e+1 -1.848258e+0 4.000000e-1
      vertex 2.509069e+1 -1.848258e+0 6.000000e-1
    endloop
  endfacet
  facet normal 0.000000e+0 0.000000e+0 1.000000e+0
    outer loop
      vertex 2.546740e+1 -3.662418e+0 6.000000e-1
      vertex 2.550247e+1 -3.166189e+0 6.000000e-1
      vertex 2.265654e+1 -3.474041e+0 6.000000e-1
    endloop
  endfacet
  facet normal 0.000000e+0 0.000000e+0 1.000000e+0
    outer loop
      vertex 2.265654e+1 -3.474041e+0 6.000000e-1
      vertex 2.550247e+1 -3.166189e+0 6.000000e-1
      vertex 2.547134e+1 -2.814103e+0 6.000000e-1
    endloop
  endfacet
  facet normal 0.000000e+0 0.000000e+0 1.000000e+0
    outer loop
      vertex 2.265654e+1 -3.474041e+0 6.000000e-1
      vertex 2.547134e+1 -2.814103e+0 6.000000e-1
      vertex 2.540141e+1 -2.474231e+0 6.000000e-1
    endloop
  endfacet
  facet normal 0.000000e+0 0.000000e+0 1.000000e+0
    outer loop
      vertex 2.540141e+1 -2.474231e+0 6.000000e-1
      vertex 2.526596e+1 -2.154976e+0 6.000000e-1
      vertex 2.265654e+1 -3.474041e+0 6.000000e-1
    endloop
  endfacet
  facet normal 0.000000e+0 0.000000e+0 1.000000e+0
    outer loop
      vertex 2.265654e+1 -3.474041e+0 6.000000e-1
      vertex 2.526596e+1 -2.154976e+0 6.000000e-1
      vertex 2.262726e+1 -3.357559e+0 6.000000e-1
    endloop
  endfacet
  facet normal 0.000000e+0 0.000000e+0 1.000000e+0
    outer loop
      vertex 2.262726e+1 -3.357559e+0 6.000000e-1
      vertex 2.526596e+1 -2.154976e+0 6.000000e-1
      vertex 2.509069e+1 -1.848258e+0 6.000000e-1
    endloop
  endfacet
  facet normal 0.000000e+0 0.000000e+0 1.000000e+0
    outer loop
      vertex 2.262726e+1 -3.357559e+0 6.000000e-1
      vertex 2.509069e+1 -1.848258e+0 6.000000e-1
      vertex 2.483604e+1 -1.554059e+0 6.000000e-1
    endloop
  endfacet
  facet normal 0.000000e+0 0.000000e+0 1.000000e+0
    outer loop
      vertex 2.483604e+1 -1.554059e+0 6.000000e-1
      vertex 2.455839e+1 -1.287065e+0 6.000000e-1
      vertex 2.262726e+1 -3.357559e+0 6.000000e-1
    endloop
  endfacet
  facet normal 7.623626e-16 -7.110495e-16 1.000000e+0
    outer loop
      vertex 2.262726e+1 -3.357559e+0 6.000000e-1
      vertex 2.455839e+1 -1.287065e+0 6.000000e-1
      vertex 2.258219e+1 -3.249740e+0 6.000000e-1
    endloop
  endfacet
  facet normal 2.351157e-17 3.289323e-17 1.000000e+0
    outer loop
      vertex 2.258219e+1 -3.249740e+0 6.000000e-1
      vertex 2.455839e+1 -1.287065e+0 6.000000e-1
      vertex 2.424462e+1 -1.062787e+0 6.000000e-1
    endloop
  endfacet
  facet normal -7.660591e-16 6.330924e-16 1.000000e+0
    outer loop
      vertex 2.258219e+1 -3.249740e+0 6.000000e-1
      vertex 2.424462e+1 -1.062787e+0 6.000000e-1
      vertex 2.251745e+1 -3.152714e+0 6.000000e-1
    endloop
  endfacet
  facet normal 0.000000e+0 0.000000e+0 1.000000e+0
    outer loop
      vertex 2.251745e+1 -3.152714e+0 6.000000e-1
      vertex 2.424462e+1 -1.062787e+0 6.000000e-1
      vertex 2.391022e+1 -8.629100e-1 6.000000e-1
    endloop
  endfacet
  facet normal 0.000000e+0 0.000000e+0 1.000000e+0
    outer loop
      vertex 2.251745e+1 -3.152714e+0 6.000000e-1
      vertex 2.391022e+1 -8.629100e-1 6.000000e-1
      vertex 2.243625e+1 -3.064718e+0 6.000000e-1
    endloop
  endfacet
  facet normal 0.000000e+0 0.000000e+0 1.000000e+0
    outer loop
      vertex 2.243625e+1 -3.064718e+0 6.000000e-1
      vertex 2.391022e+1 -8.629100e-1 6.000000e-1
      vertex 2.343646e+1 -6.463485e-1 6.000000e-1
    endloop
  endfacet
  facet normal 0.000000e+0 0.000000e+0 1.000000e+0
    outer loop
      vertex 2.243625e+1 -3.064718e+0 6.000000e-1
      vertex 2.343646e+1 -6.463485e-1 6.000000e-1
      vertex 2.224641e+1 -2.903776e+0 6.000000e-1
    endloop
  endfacet
  facet normal 0.000000e+0 0.000000e+0 1.000000e+0
    outer loop
      vertex 2.224641e+1 -2.903776e+0 6.000000e-1
      vertex 2.343646e+1 -6.463485e-1 6.000000e-1
      vertex 2.295377e+1 -4.544719e-1 6.000000e-1
    endloop
  endfacet
  facet normal 0.000000e+0 0.000000e+0 1.000000e+0
    outer loop
      vertex 2.224641e+1 -2.903776e+0 6.000000e-1
      vertex 2.295377e+1 -4.544719e-1 6.000000e-1
      vertex 2.184863e+1 -2.725544e+0 6.000000e-1
    endloop
  endfacet
  facet normal 0.000000e+0 0.000000e+0 1.000000e+0
    outer loop
      vertex 2.184863e+1 -2.725544e+0 6.000000e-1
      vertex 2.295377e+1 -4.544719e-1 6.000000e-1
      vertex 2.245755e+1 -2.999921e-1 6.000000e-1
    endloop
  endfacet
  facet normal 2.494329e-16 -6.261801e-17 1.000000e+0
    outer loop
      vertex 2.184863e+1 -2.725544e+0 6.000000e-1
      vertex 2.245755e+1 -2.999921e-1 6.000000e-1
      vertex 2.144184e+1 -2.572957e+0 6.000000e-1
    endloop
  endfacet
  facet normal 1.158045e-17 4.366981e-17 1.000000e+0
    outer loop
      vertex 2.144184e+1 -2.572957e+0 6.000000e-1
      vertex 2.245755e+1 -2.999921e-1 6.000000e-1
      vertex 2.195377e+1 -1.663981e-1 6.000000e-1
    endloop
  endfacet
  facet normal 2.879140e-16 -1.511208e-17 1.000000e+0
    outer loop
      vertex 2.144184e+1 -2.572957e+0 6.000000e-1
      vertex 2.195377e+1 -1.663981e-1 6.000000e-1
      vertex 2.157302e+1 -7.371528e-2 6.000000e-1
    endloop
  endfacet
  facet normal -2.614664e-16 1.372389e-17 1.000000e+0
    outer loop
      vertex 2.144184e+1 -2.572957e+0 6.000000e-1
      vertex 2.157302e+1 -7.371528e-2 6.000000e-1
      vertex 2.102352e+1 -2.453165e+0 6.000000e-1
    endloop
  endfacet
  facet normal -2.872148e-16 1.967020e-17 1.000000e+0
    outer loop
      vertex 2.102352e+1 -2.453165e+0 6.000000e-1
      vertex 2.157302e+1 -7.371528e-2 6.000000e-1
      vertex 2.119301e+1 2.179222e-2 6.000000e-1
    endloop
  endfacet
  facet normal 0.000000e+0 0.000000e+0 1.000000e+0
    outer loop
      vertex 2.102352e+1 -2.453165e+0 6.000000e-1
      vertex 2.119301e+1 2.179222e-2 6.000000e-1
      vertex 2.059917e+1 -2.350476e+0 6.000000e-1
    endloop
  endfacet
  facet normal 0.000000e+0 0.000000e+0 1.000000e+0
    outer loop
      vertex 2.059917e+1 -2.350476e+0 6.000000e-1
      vertex 2.119301e+1 2.179222e-2 6.000000e-1
      vertex 2.081438e+1 1.225513e-1 6.000000e-1
    endloop
  endfacet
  facet normal 0.000000e+0 0.000000e+0 1.000000e+0
    outer loop
      vertex 2.059917e+1 -2.350476e+0 6.000000e-1
      vertex 2.081438e+1 1.225513e-1 6.000000e-1
      vertex 2.007747e+1 -2.213286e+0 6.000000e-1
    endloop
  endfacet
  facet normal 0.000000e+0 0.000000e+0 1.000000e+0
    outer loop
      vertex 2.007747e+1 -2.213286e+0 6.000000e-1
      vertex 2.081438e+1 1.225513e-1 6.000000e-1
      vertex 1.956056e+1 -2.061379e+0 6.000000e-1
    endloop
  endfacet
  facet normal 0.000000e+0 0.000000e+0 1.000000e+0
    outer loop
      vertex 1.956056e+1 -2.061379e+0 6.000000e-1
      vertex 2.081438e+1 1.225513e-1 6.000000e-1
      vertex 1.905221e+1 -1.883288e+0 6.000000e-1
    endloop
  endfacet
  facet normal 0.000000e+0 0.000000e+0 1.000000e+0
    outer loop
      vertex 1.905221e+1 -1.883288e+0 6.000000e-1
      vertex 2.081438e+1 1.225513e-1 6.000000e-1
      vertex 1.854944e+1 -1.688105e+0 6.000000e-1
    endloop
  endfacet
  facet normal 0.000000e+0 0.000000e+0 1.000000e+0
    outer loop
      vertex 1.854944e+1 -1.688105e+0 6.000000e-1
      vertex 2.081438e+1 1.225513e-1 6.000000e-1
      vertex 1.816968e+1 -1.497165e+0 6.000000e-1
    endloop
  endfacet
  facet normal 0.000000e+0 0.000000e+0 1.000000e+0
    outer loop
      vertex 1.816968e+1 -1.497165e+0 6.000000e-1
      vertex 2.081438e+1 1.225513e-1 6.000000e-1
      vertex 1.781082e+1 -1.277431e+0 6.000000e-1
    endloop
  endfacet
  facet normal 0.000000e+0 0.000000e+0 1.000000e+0
    outer loop
      vertex 1.781082e+1 -1.277431e+0 6.000000e-1
      vertex 2.081438e+1 1.225513e-1 6.000000e-1
      vertex 1.748794e+1 -1.008125e+0 6.000000e-1
    endloop
  endfacet
  facet normal 0.000000e+0 0.000000e+0 1.000000e+0
    outer loop
      vertex 1.748794e+1 -1.008125e+0 6.000000e-1
      vertex 2.081438e+1 1.225513e-1 6.000000e-1
      vertex 1.670261e+1 4.071209e-1 6.000000e-1
    endloop
  endfacet
  facet normal 0.000000e+0 0.000000e+0 1.000000e+0
    outer loop
      vertex 1.748794e+1 -1.008125e+0 6.000000e-1
      vertex 1.670261e+1 4.071209e-1 6.000000e-1
      vertex 1.718745e+1 -7.079614e-1 6.000000e-1
    endloop
  endfacet
  facet normal 0.000000e+0 0.000000e+0 1.000000e+0
    outer loop
      vertex 1.718745e+1 -7.079614e-1 6.000000e-1
      vertex 1.670261e+1 4.071209e-1 6.000000e-1
      vertex 1.696111e+1 -3.587539e-1 6.000000e-1
    endloop
  endfacet
  facet normal 0.000000e+0 0.000000e+0 1.000000e+0
    outer loop
      vertex 1.696111e+1 -3.587539e-1 6.000000e-1
      vertex 1.670261e+1 4.071209e-1 6.000000e-1
      vertex 1.678863e+1 9.166109e-3 6.000000e-1
    endloop
  endfacet
  facet normal 0.000000e+0 0.000000e+0 1.000000e+0
    outer loop
      vertex 2.081438e+1 1.225513e-1 6.000000e-1
      vertex 2.043672e+1 2.270571e-1 6.000000e-1
      vertex 1.670261e+1 4.071209e-1 6.000000e-1
    endloop
  endfacet
  facet normal 0.000000e+0 0.000000e+0 1.000000e+0
    outer loop
      vertex 1.670261e+1 4.071209e-1 6.000000e-1
      vertex 2.043672e+1 2.270571e-1 6.000000e-1
      vertex 2.022301e+1 2.949197e-1 6.000000e-1
    endloop
  endfacet
  facet normal 0.000000e+0 0.000000e+0 1.000000e+0
    outer loop
      vertex 1.670261e+1 4.071209e-1 6.000000e-1
      vertex 2.022301e+1 2.949197e-1 6.000000e-1
      vertex 2.001486e+1 3.747226e-1 6.000000e-1
    endloop
  endfacet
  facet normal 0.000000e+0 0.000000e+0 1.000000e+0
    outer loop
      vertex 2.001486e+1 3.747226e-1 6.000000e-1
      vertex 1.981688e+1 4.764330e-1 6.000000e-1
      vertex 1.670261e+1 4.071209e-1 6.000000e-1
    endloop
  endfacet
  facet normal 0.000000e+0 0.000000e+0 1.000000e+0
    outer loop
      vertex 1.670261e+1 4.071209e-1 6.000000e-1
      vertex 1.981688e+1 4.764330e-1 6.000000e-1
      vertex 1.666677e+1 8.225093e-1 6.000000e-1
    endloop
  endfacet
  facet normal 0.000000e+0 0.000000e+0 1.000000e+0
    outer loop
      vertex 1.666677e+1 8.225093e-1 6.000000e-1
      vertex 1.981688e+1 4.764330e-1 6.000000e-1
      vertex 1.962594e+1 5.933038e-1 6.000000e-1
    endloop
  endfacet
  facet normal 0.000000e+0 0.000000e+0 1.000000e+0
    outer loop
      vertex 1.666677e+1 8.225093e-1 6.000000e-1
      vertex 1.962594e+1 5.933038e-1 6.000000e-1
      vertex 1.951346e+1 6.999987e-1 6.000000e-1
    endloop
  endfacet
  facet normal -4.155425e-17 -9.655667e-16 1.000000e+0
    outer loop
      vertex 1.951346e+1 6.999987e-1 6.000000e-1
      vertex 1.942424e+1 8.188201e-1 6.000000e-1
      vertex 1.666677e+1 8.225093e-1 6.000000e-1
    endloop
  endfacet
  facet normal -3.808093e-17 1.630540e-15 1.000000e+0
    outer loop
      vertex 1.666677e+1 8.225093e-1 6.000000e-1
      vertex 1.942424e+1 8.188201e-1 6.000000e-1
      vertex 1.939496e+1 8.862255e-1 6.000000e-1
    endloop
  endfacet
  facet normal 0.000000e+0 0.000000e+0 1.000000e+0
    outer loop
      vertex 1.666677e+1 8.225093e-1 6.000000e-1
      vertex 1.939496e+1 8.862255e-1 6.000000e-1
      vertex 1.670537e+1 1.227770e+0 6.000000e-1
    endloop
  endfacet
  facet normal 0.000000e+0 0.000000e+0 1.000000e+0
    outer loop
      vertex 1.670537e+1 1.227770e+0 6.000000e-1
      vertex 1.939496e+1 8.862255e-1 6.000000e-1
      vertex 1.937499e+1 9.584863e-1 6.000000e-1
    endloop
  endfacet
  facet normal 0.000000e+0 0.000000e+0 1.000000e+0
    outer loop
      vertex 1.670537e+1 1.227770e+0 6.000000e-1
      vertex 1.937499e+1 9.584863e-1 6.000000e-1
      vertex 1.935056e+1 1.111102e+0 6.000000e-1
    endloop
  endfacet
  facet normal -5.438091e-17 -1.232972e-15 1.000000e+0
    outer loop
      vertex 1.935056e+1 1.111102e+0 6.000000e-1
      vertex 1.938999e+1 1.289452e+0 6.000000e-1
      vertex 1.670537e+1 1.227770e+0 6.000000e-1
    endloop
  endfacet
  facet normal -8.311285e-17 1.754764e-17 1.000000e+0
    outer loop
      vertex 1.670537e+1 1.227770e+0 6.000000e-1
      vertex 1.938999e+1 1.289452e+0 6.000000e-1
      vertex 1.678806e+1 1.619414e+0 6.000000e-1
    endloop
  endfacet
  facet normal 2.431912e-16 2.590642e-15 1.000000e+0
    outer loop
      vertex 1.678806e+1 1.619414e+0 6.000000e-1
      vertex 1.938999e+1 1.289452e+0 6.000000e-1
      vertex 1.941979e+1 1.372365e+0 6.000000e-1
    endloop
  endfacet
  facet normal 0.000000e+0 0.000000e+0 1.000000e+0
    outer loop
      vertex 1.678806e+1 1.619414e+0 6.000000e-1
      vertex 1.941979e+1 1.372365e+0 6.000000e-1
      vertex 1.946164e+1 1.447801e+0 6.000000e-1
    endloop
  endfacet
  facet normal 0.000000e+0 0.000000e+0 1.000000e+0
    outer loop
      vertex 1.946164e+1 1.447801e+0 6.000000e-1
      vertex 1.951659e+1 1.515094e+0 6.000000e-1
      vertex 1.678806e+1 1.619414e+0 6.000000e-1
    endloop
  endfacet
  facet normal 0.000000e+0 0.000000e+0 1.000000e+0
    outer loop
      vertex 1.678806e+1 1.619414e+0 6.000000e-1
      vertex 1.951659e+1 1.515094e+0 6.000000e-1
      vertex 1.958162e+1 1.576134e+0 6.000000e-1
    endloop
  endfacet
  facet normal 0.000000e+0 0.000000e+0 1.000000e+0
    outer loop
      vertex 1.678806e+1 1.619414e+0 6.000000e-1
      vertex 1.958162e+1 1.576134e+0 6.000000e-1
      vertex 1.972847e+1 1.687792e+0 6.000000e-1
    endloop
  endfacet
  facet normal 0.000000e+0 0.000000e+0 1.000000e+0
    outer loop
      vertex 1.678806e+1 1.619414e+0 6.000000e-1
      vertex 1.972847e+1 1.687792e+0 6.000000e-1
      vertex 1.694307e+1 1.988722e+0 6.000000e-1
    endloop
  endfacet
  facet normal 0.000000e+0 0.000000e+0 1.000000e+0
    outer loop
      vertex 1.694307e+1 1.988722e+0 6.000000e-1
      vertex 1.972847e+1 1.687792e+0 6.000000e-1
      vertex 1.996443e+1 1.799651e+0 6.000000e-1
    endloop
  endfacet
  facet normal 0.000000e+0 0.000000e+0 1.000000e+0
    outer loop
      vertex 1.694307e+1 1.988722e+0 6.000000e-1
      vertex 1.996443e+1 1.799651e+0 6.000000e-1
      vertex 2.020799e+1 1.882286e+0 6.000000e-1
    endloop
  endfacet
  facet normal 0.000000e+0 0.000000e+0 1.000000e+0
    outer loop
      vertex 2.020799e+1 1.882286e+0 6.000000e-1
      vertex 2.046308e+1 1.920575e+0 6.000000e-1
      vertex 1.694307e+1 1.988722e+0 6.000000e-1
    endloop
  endfacet
  facet normal 0.000000e+0 0.000000e+0 1.000000e+0
    outer loop
      vertex 1.694307e+1 1.988722e+0 6.000000e-1
      vertex 2.046308e+1 1.920575e+0 6.000000e-1
      vertex 2.072461e+1 1.934076e+0 6.000000e-1
    endloop
  endfacet
  facet normal 0.000000e+0 0.000000e+0 1.000000e+0
    outer loop
      vertex 1.694307e+1 1.988722e+0 6.000000e-1
      vertex 2.072461e+1 1.934076e+0 6.000000e-1
      vertex 1.714083e+1 2.344830e+0 6.000000e-1
    endloop
  endfacet
  facet normal 0.000000e+0 0.000000e+0 1.000000e+0
    outer loop
      vertex 1.714083e+1 2.344830e+0 6.000000e-1
      vertex 2.072461e+1 1.934076e+0 6.000000e-1
      vertex 1.743267e+1 2.695998e+0 6.000000e-1
    endloop
  endfacet
  facet normal 0.000000e+0 0.000000e+0 1.000000e+0
    outer loop
      vertex 1.743267e+1 2.695998e+0 6.000000e-1
      vertex 2.072461e+1 1.934076e+0 6.000000e-1
      vertex 1.775603e+1 3.008952e+0 6.000000e-1
    endloop
  endfacet
  facet normal 0.000000e+0 0.000000e+0 1.000000e+0
    outer loop
      vertex 1.775603e+1 3.008952e+0 6.000000e-1
      vertex 2.072461e+1 1.934076e+0 6.000000e-1
      vertex 1.812955e+1 3.261056e+0 6.000000e-1
    endloop
  endfacet
  facet normal 0.000000e+0 0.000000e+0 1.000000e+0
    outer loop
      vertex 1.812955e+1 3.261056e+0 6.000000e-1
      vertex 2.072461e+1 1.934076e+0 6.000000e-1
      vertex 1.853203e+1 3.478055e+0 6.000000e-1
    endloop
  endfacet
  facet normal 0.000000e+0 0.000000e+0 1.000000e+0
    outer loop
      vertex 1.853203e+1 3.478055e+0 6.000000e-1
      vertex 2.072461e+1 1.934076e+0 6.000000e-1
      vertex 1.906294e+1 3.665824e+0 6.000000e-1
    endloop
  endfacet
  facet normal 0.000000e+0 0.000000e+0 1.000000e+0
    outer loop
      vertex 1.906294e+1 3.665824e+0 6.000000e-1
      vertex 2.072461e+1 1.934076e+0 6.000000e-1
      vertex 1.960322e+1 3.806718e+0 6.000000e-1
    endloop
  endfacet
  facet normal 0.000000e+0 0.000000e+0 1.000000e+0
    outer loop
      vertex 1.960322e+1 3.806718e+0 6.000000e-1
      vertex 2.072461e+1 1.934076e+0 6.000000e-1
      vertex 2.015811e+1 3.874526e+0 6.000000e-1
    endloop
  endfacet
  facet normal 0.000000e+0 0.000000e+0 1.000000e+0
    outer loop
      vertex 2.015811e+1 3.874526e+0 6.000000e-1
      vertex 2.072461e+1 1.934076e+0 6.000000e-1
      vertex 2.072130e+1 3.900784e+0 6.000000e-1
    endloop
  endfacet
  facet normal -8.992335e-16 -1.512415e-18 1.000000e+0
    outer loop
      vertex 2.072130e+1 3.900784e+0 6.000000e-1
      vertex 2.072461e+1 1.934076e+0 6.000000e-1
      vertex 2.097155e+1 1.925723e+0 6.000000e-1
    endloop
  endfacet
  facet normal 3.196245e-18 1.128291e-16 1.000000e+0
    outer loop
      vertex 2.072130e+1 3.900784e+0 6.000000e-1
      vertex 2.097155e+1 1.925723e+0 6.000000e-1
      vertex 2.117398e+1 3.887961e+0 6.000000e-1
    endloop
  endfacet
  facet normal 9.182393e-16 1.843022e-17 1.000000e+0
    outer loop
      vertex 2.117398e+1 3.887961e+0 6.000000e-1
      vertex 2.097155e+1 1.925723e+0 6.000000e-1
      vertex 2.121395e+1 1.896746e+0 6.000000e-1
    endloop
  endfacet
  facet normal 0.000000e+0 0.000000e+0 1.000000e+0
    outer loop
      vertex 2.117398e+1 3.887961e+0 6.000000e-1
      vertex 2.121395e+1 1.896746e+0 6.000000e-1
      vertex 2.162423e+1 3.854572e+0 6.000000e-1
    endloop
  endfacet
  facet normal 0.000000e+0 0.000000e+0 1.000000e+0
    outer loop
      vertex 2.162423e+1 3.854572e+0 6.000000e-1
      vertex 2.121395e+1 1.896746e+0 6.000000e-1
      vertex 2.144807e+1 1.830233e+0 6.000000e-1
    endloop
  endfacet
  facet normal 0.000000e+0 0.000000e+0 1.000000e+0
    outer loop
      vertex 2.162423e+1 3.854572e+0 6.000000e-1
      vertex 2.144807e+1 1.830233e+0 6.000000e-1
      vertex 2.207029e+1 3.785563e+0 6.000000e-1
    endloop
  endfacet
  facet normal 0.000000e+0 0.000000e+0 1.000000e+0
    outer loop
      vertex 2.207029e+1 3.785563e+0 6.000000e-1
      vertex 2.144807e+1 1.830233e+0 6.000000e-1
      vertex 2.167657e+1 1.738176e+0 6.000000e-1
    endloop
  endfacet
  facet normal 0.000000e+0 0.000000e+0 1.000000e+0
    outer loop
      vertex 2.207029e+1 3.785563e+0 6.000000e-1
      vertex 2.167657e+1 1.738176e+0 6.000000e-1
      vertex 2.251370e+1 3.694207e+0 6.000000e-1
    endloop
  endfacet
  facet normal 0.000000e+0 0.000000e+0 1.000000e+0
    outer loop
      vertex 2.251370e+1 3.694207e+0 6.000000e-1
      vertex 2.167657e+1 1.738176e+0 6.000000e-1
      vertex 2.184736e+1 1.625175e+0 6.000000e-1
    endloop
  endfacet
  facet normal 0.000000e+0 0.000000e+0 1.000000e+0
    outer loop
      vertex 2.251370e+1 3.694207e+0 6.000000e-1
      vertex 2.184736e+1 1.625175e+0 6.000000e-1
      vertex 2.286783e+1 3.590016e+0 6.000000e-1
    endloop
  endfacet
  facet normal 0.000000e+0 0.000000e+0 1.000000e+0
    outer loop
      vertex 2.286783e+1 3.590016e+0 6.000000e-1
      vertex 2.184736e+1 1.625175e+0 6.000000e-1
      vertex 2.200800e+1 1.500581e+0 6.000000e-1
    endloop
  endfacet
  facet normal 0.000000e+0 0.000000e+0 1.000000e+0
    outer loop
      vertex 2.286783e+1 3.590016e+0 6.000000e-1
      vertex 2.200800e+1 1.500581e+0 6.000000e-1
      vertex 2.321378e+1 3.466494e+0 6.000000e-1
    endloop
  endfacet
  facet normal 0.000000e+0 0.000000e+0 1.000000e+0
    outer loop
      vertex 2.321378e+1 3.466494e+0 6.000000e-1
      vertex 2.200800e+1 1.500581e+0 6.000000e-1
      vertex 2.215204e+1 1.357037e+0 6.000000e-1
    endloop
  endfacet
  facet normal 0.000000e+0 0.000000e+0 1.000000e+0
    outer loop
      vertex 2.321378e+1 3.466494e+0 6.000000e-1
      vertex 2.215204e+1 1.357037e+0 6.000000e-1
      vertex 2.354531e+1 3.308907e+0 6.000000e-1
    endloop
  endfacet
  facet normal 0.000000e+0 0.000000e+0 1.000000e+0
    outer loop
      vertex 2.354531e+1 3.308907e+0 6.000000e-1
      vertex 2.215204e+1 1.357037e+0 6.000000e-1
      vertex 2.228631e+1 1.202326e+0 6.000000e-1
    endloop
  endfacet
  facet normal 0.000000e+0 0.000000e+0 1.000000e+0
    outer loop
      vertex 2.354531e+1 3.308907e+0 6.000000e-1
      vertex 2.228631e+1 1.202326e+0 6.000000e-1
      vertex 2.244011e+1 1.015786e+0 6.000000e-1
    endloop
  endfacet
  facet normal 0.000000e+0 0.000000e+0 1.000000e+0
    outer loop
      vertex 2.354531e+1 3.308907e+0 6.000000e-1
      vertex 2.244011e+1 1.015786e+0 6.000000e-1
      vertex 2.386757e+1 3.129412e+0 6.000000e-1
    endloop
  endfacet
  facet normal 0.000000e+0 0.000000e+0 1.000000e+0
    outer loop
      vertex 2.386757e+1 3.129412e+0 6.000000e-1
      vertex 2.244011e+1 1.015786e+0 6.000000e-1
      vertex 2.260022e+1 8.353169e-1 6.000000e-1
    endloop
  endfacet
  facet normal 0.000000e+0 0.000000e+0 1.000000e+0
    outer loop
      vertex 2.386757e+1 3.129412e+0 6.000000e-1
      vertex 2.260022e+1 8.353169e-1 6.000000e-1
      vertex 2.410664e+1 2.957053e+0 6.000000e-1
    endloop
  endfacet
  facet normal 0.000000e+0 0.000000e+0 1.000000e+0
    outer loop
      vertex 2.410664e+1 2.957053e+0 6.000000e-1
      vertex 2.260022e+1 8.353169e-1 6.000000e-1
      vertex 2.277175e+1 6.658217e-1 6.000000e-1
    endloop
  endfacet
  facet normal 0.000000e+0 0.000000e+0 1.000000e+0
    outer loop
      vertex 2.410664e+1 2.957053e+0 6.000000e-1
      vertex 2.277175e+1 6.658217e-1 6.000000e-1
      vertex 2.433070e+1 2.769182e+0 6.000000e-1
    endloop
  endfacet
  facet normal 0.000000e+0 0.000000e+0 1.000000e+0
    outer loop
      vertex 2.433070e+1 2.769182e+0 6.000000e-1
      vertex 2.277175e+1 6.658217e-1 6.000000e-1
      vertex 2.295094e+1 5.036991e-1 6.000000e-1
    endloop
  endfacet
  facet normal 0.000000e+0 0.000000e+0 1.000000e+0
    outer loop
      vertex 2.433070e+1 2.769182e+0 6.000000e-1
      vertex 2.295094e+1 5.036991e-1 6.000000e-1
      vertex 2.312488e+1 3.961765e-1 6.000000e-1
    endloop
  endfacet
  facet normal 0.000000e+0 0.000000e+0 1.000000e+0
    outer loop
      vertex 2.312488e+1 3.961765e-1 6.000000e-1
      vertex 2.330744e+1 3.147267e-1 6.000000e-1
      vertex 2.433070e+1 2.769182e+0 6.000000e-1
    endloop
  endfacet
  facet normal 0.000000e+0 0.000000e+0 1.000000e+0
    outer loop
      vertex 2.433070e+1 2.769182e+0 6.000000e-1
      vertex 2.330744e+1 3.147267e-1 6.000000e-1
      vertex 2.350378e+1 2.748854e-1 6.000000e-1
    endloop
  endfacet
  facet normal 0.000000e+0 0.000000e+0 1.000000e+0
    outer loop
      vertex 2.433070e+1 2.769182e+0 6.000000e-1
      vertex 2.350378e+1 2.748854e-1 6.000000e-1
      vertex 2.452861e+1 2.554289e+0 6.000000e-1
    endloop
  endfacet
  facet normal 0.000000e+0 0.000000e+0 1.000000e+0
    outer loop
      vertex 2.452861e+1 2.554289e+0 6.000000e-1
      vertex 2.350378e+1 2.748854e-1 6.000000e-1
      vertex 2.370808e+1 2.590891e-1 6.000000e-1
    endloop
  endfacet
  facet normal 0.000000e+0 0.000000e+0 1.000000e+0
    outer loop
      vertex 2.452861e+1 2.554289e+0 6.000000e-1
      vertex 2.370808e+1 2.590891e-1 6.000000e-1
      vertex 2.397013e+1 2.783620e-1 6.000000e-1
    endloop
  endfacet
  facet normal 0.000000e+0 0.000000e+0 1.000000e+0
    outer loop
      vertex 2.422030e+1 3.305661e-1 6.000000e-1
      vertex 2.482938e+1 2.113151e+0 6.000000e-1
      vertex 2.397013e+1 2.783620e-1 6.000000e-1
    endloop
  endfacet
  facet normal 0.000000e+0 0.000000e+0 1.000000e+0
    outer loop
      vertex 2.397013e+1 2.783620e-1 6.000000e-1
      vertex 2.482938e+1 2.113151e+0 6.000000e-1
      vertex 2.470998e+1 2.322311e+0 6.000000e-1
    endloop
  endfacet
  facet normal 0.000000e+0 0.000000e+0 1.000000e+0
    outer loop
      vertex 2.397013e+1 2.783620e-1 6.000000e-1
      vertex 2.470998e+1 2.322311e+0 6.000000e-1
      vertex 2.452861e+1 2.554289e+0 6.000000e-1
    endloop
  endfacet
  facet normal 0.000000e+0 0.000000e+0 1.000000e+0
    outer loop
      vertex 2.422030e+1 3.305661e-1 6.000000e-1
      vertex 2.444941e+1 4.411246e-1 6.000000e-1
      vertex 2.482938e+1 2.113151e+0 6.000000e-1
    endloop
  endfacet
  facet normal 0.000000e+0 0.000000e+0 1.000000e+0
    outer loop
      vertex 2.482938e+1 2.113151e+0 6.000000e-1
      vertex 2.444941e+1 4.411246e-1 6.000000e-1
      vertex 2.492512e+1 1.896322e+0 6.000000e-1
    endloop
  endfacet
  facet normal 0.000000e+0 0.000000e+0 1.000000e+0
    outer loop
      vertex 2.492512e+1 1.896322e+0 6.000000e-1
      vertex 2.444941e+1 4.411246e-1 6.000000e-1
      vertex 2.497952e+1 1.666093e+0 6.000000e-1
    endloop
  endfacet
  facet normal 0.000000e+0 0.000000e+0 1.000000e+0
    outer loop
      vertex 2.497952e+1 1.666093e+0 6.000000e-1
      vertex 2.444941e+1 4.411246e-1 6.000000e-1
      vertex 2.500767e+1 1.427356e+0 6.000000e-1
    endloop
  endfacet
  facet normal 0.000000e+0 0.000000e+0 1.000000e+0
    outer loop
      vertex 2.500767e+1 1.427356e+0 6.000000e-1
      vertex 2.444941e+1 4.411246e-1 6.000000e-1
      vertex 2.498319e+1 1.192563e+0 6.000000e-1
    endloop
  endfacet
  facet normal 0.000000e+0 0.000000e+0 1.000000e+0
    outer loop
      vertex 2.498319e+1 1.192563e+0 6.000000e-1
      vertex 2.444941e+1 4.411246e-1 6.000000e-1
      vertex 2.481242e+1 7.733936e-1 6.000000e-1
    endloop
  endfacet
  facet normal 0.000000e+0 0.000000e+0 1.000000e+0
    outer loop
      vertex 2.498319e+1 1.192563e+0 6.000000e-1
      vertex 2.481242e+1 7.733936e-1 6.000000e-1
      vertex 2.492576e+1 9.714070e-1 6.000000e-1
    endloop
  endfacet
  facet normal 0.000000e+0 0.000000e+0 1.000000e+0
    outer loop
      vertex 2.444941e+1 4.411246e-1 6.000000e-1
      vertex 2.466486e+1 5.895385e-1 6.000000e-1
      vertex 2.481242e+1 7.733936e-1 6.000000e-1
    endloop
  endfacet
  facet normal 0.000000e+0 0.000000e+0 1.000000e+0
    outer loop
      vertex 2.265654e+1 -3.474041e+0 6.000000e-1
      vertex 2.268877e+1 -3.721442e+0 6.000000e-1
      vertex 2.546740e+1 -3.662418e+0 6.000000e-1
    endloop
  endfacet
  facet normal 0.000000e+0 0.000000e+0 1.000000e+0
    outer loop
      vertex 2.546740e+1 -3.662418e+0 6.000000e-1
      vertex 2.268877e+1 -3.721442e+0 6.000000e-1
      vertex 2.538021e+1 -4.143515e+0 6.000000e-1
    endloop
  endfacet
  facet normal 0.000000e+0 0.000000e+0 1.000000e+0
    outer loop
      vertex 2.538021e+1 -4.143515e+0 6.000000e-1
      vertex 2.268877e+1 -3.721442e+0 6.000000e-1
      vertex 2.520323e+1 -4.598533e+0 6.000000e-1
    endloop
  endfacet
  facet normal 0.000000e+0 0.000000e+0 1.000000e+0
    outer loop
      vertex 2.520323e+1 -4.598533e+0 6.000000e-1
      vertex 2.268877e+1 -3.721442e+0 6.000000e-1
      vertex 2.497027e+1 -5.037298e+0 6.000000e-1
    endloop
  endfacet
  facet normal 0.000000e+0 0.000000e+0 1.000000e+0
    outer loop
      vertex 2.497027e+1 -5.037298e+0 6.000000e-1
      vertex 2.268877e+1 -3.721442e+0 6.000000e-1
      vertex 2.464430e+1 -5.416650e+0 6.000000e-1
    endloop
  endfacet
  facet normal 0.000000e+0 0.000000e+0 1.000000e+0
    outer loop
      vertex 2.464430e+1 -5.416650e+0 6.000000e-1
      vertex 2.268877e+1 -3.721442e+0 6.000000e-1
      vertex 2.264189e+1 -3.912390e+0 6.000000e-1
    endloop
  endfacet
  facet normal 0.000000e+0 0.000000e+0 1.000000e+0
    outer loop
      vertex 2.464430e+1 -5.416650e+0 6.000000e-1
      vertex 2.264189e+1 -3.912390e+0 6.000000e-1
      vertex 2.428231e+1 -5.749098e+0 6.000000e-1
    endloop
  endfacet
  facet normal 0.000000e+0 0.000000e+0 1.000000e+0
    outer loop
      vertex 2.428231e+1 -5.749098e+0 6.000000e-1
      vertex 2.264189e+1 -3.912390e+0 6.000000e-1
      vertex 2.260780e+1 -4.001252e+0 6.000000e-1
    endloop
  endfacet
  facet normal 0.000000e+0 0.000000e+0 1.000000e+0
    outer loop
      vertex 2.428231e+1 -5.749098e+0 6.000000e-1
      vertex 2.260780e+1 -4.001252e+0 6.000000e-1
      vertex 2.386274e+1 -6.006584e+0 6.000000e-1
    endloop
  endfacet
  facet normal 0.000000e+0 0.000000e+0 1.000000e+0
    outer loop
      vertex 2.386274e+1 -6.006584e+0 6.000000e-1
      vertex 2.260780e+1 -4.001252e+0 6.000000e-1
      vertex 2.256108e+1 -4.082271e+0 6.000000e-1
    endloop
  endfacet
  facet normal 0.000000e+0 0.000000e+0 1.000000e+0
    outer loop
      vertex 2.386274e+1 -6.006584e+0 6.000000e-1
      vertex 2.256108e+1 -4.082271e+0 6.000000e-1
      vertex 2.340987e+1 -6.220704e+0 6.000000e-1
    endloop
  endfacet
  facet normal 0.000000e+0 0.000000e+0 1.000000e+0
    outer loop
      vertex 2.340987e+1 -6.220704e+0 6.000000e-1
      vertex 2.256108e+1 -4.082271e+0 6.000000e-1
      vertex 2.243130e+1 -4.221751e+0 6.000000e-1
    endloop
  endfacet
  facet normal 0.000000e+0 0.000000e+0 1.000000e+0
    outer loop
      vertex 2.340987e+1 -6.220704e+0 6.000000e-1
      vertex 2.243130e+1 -4.221751e+0 6.000000e-1
      vertex 2.227485e+1 -4.344671e+0 6.000000e-1
    endloop
  endfacet
  facet normal 0.000000e+0 0.000000e+0 1.000000e+0
    outer loop
      vertex 2.340987e+1 -6.220704e+0 6.000000e-1
      vertex 2.227485e+1 -4.344671e+0 6.000000e-1
      vertex 2.280494e+1 -6.400400e+0 6.000000e-1
    endloop
  endfacet
  facet normal 3.773539e-16 9.730435e-17 1.000000e+0
    outer loop
      vertex 2.280494e+1 -6.400400e+0 6.000000e-1
      vertex 2.227485e+1 -4.344671e+0 6.000000e-1
      vertex 2.201480e+1 -4.477134e+0 6.000000e-1
    endloop
  endfacet
  facet normal 1.158898e-17 -5.296477e-17 1.000000e+0
    outer loop
      vertex 2.280494e+1 -6.400400e+0 6.000000e-1
      vertex 2.201480e+1 -4.477134e+0 6.000000e-1
      vertex 2.219231e+1 -6.534448e+0 6.000000e-1
    endloop
  endfacet
  facet normal -3.802368e-16 -8.677232e-17 1.000000e+0
    outer loop
      vertex 2.219231e+1 -6.534448e+0 6.000000e-1
      vertex 2.201480e+1 -4.477134e+0 6.000000e-1
      vertex 2.174514e+1 -4.574967e+0 6.000000e-1
    endloop
  endfacet
  facet normal 0.000000e+0 0.000000e+0 1.000000e+0
    outer loop
      vertex 2.219231e+1 -6.534448e+0 6.000000e-1
      vertex 2.174514e+1 -4.574967e+0 6.000000e-1
      vertex 2.156779e+1 -6.598118e+0 6.000000e-1
    endloop
  endfacet
  facet normal 0.000000e+0 0.000000e+0 1.000000e+0
    outer loop
      vertex 2.156779e+1 -6.598118e+0 6.000000e-1
      vertex 2.174514e+1 -4.574967e+0 6.000000e-1
      vertex 2.146092e+1 -4.620266e+0 6.000000e-1
    endloop
  endfacet
  facet normal 0.000000e+0 0.000000e+0 1.000000e+0
    outer loop
      vertex 2.156779e+1 -6.598118e+0 6.000000e-1
      vertex 2.146092e+1 -4.620266e+0 6.000000e-1
      vertex 2.116856e+1 -4.636201e+0 6.000000e-1
    endloop
  endfacet
  facet normal 0.000000e+0 0.000000e+0 1.000000e+0
    outer loop
      vertex 2.081443e+1 -4.623468e+0 6.000000e-1
      vertex 1.686065e+1 -4.805247e+0 6.000000e-1
      vertex 2.116856e+1 -4.636201e+0 6.000000e-1
    endloop
  endfacet
  facet normal 0.000000e+0 0.000000e+0 1.000000e+0
    outer loop
      vertex 2.116856e+1 -4.636201e+0 6.000000e-1
      vertex 1.686065e+1 -4.805247e+0 6.000000e-1
      vertex 1.705857e+1 -5.114787e+0 6.000000e-1
    endloop
  endfacet
  facet normal 0.000000e+0 0.000000e+0 1.000000e+0
    outer loop
      vertex 2.116856e+1 -4.636201e+0 6.000000e-1
      vertex 1.705857e+1 -5.114787e+0 6.000000e-1
      vertex 1.738015e+1 -5.454877e+0 6.000000e-1
    endloop
  endfacet
  facet normal 0.000000e+0 0.000000e+0 1.000000e+0
    outer loop
      vertex 2.081443e+1 -4.623468e+0 6.000000e-1
      vertex 2.046767e+1 -4.579372e+0 6.000000e-1
      vertex 1.686065e+1 -4.805247e+0 6.000000e-1
    endloop
  endfacet
  facet normal 0.000000e+0 0.000000e+0 1.000000e+0
    outer loop
      vertex 1.686065e+1 -4.805247e+0 6.000000e-1
      vertex 2.046767e+1 -4.579372e+0 6.000000e-1
      vertex 2.013432e+1 -4.478191e+0 6.000000e-1
    endloop
  endfacet
  facet normal 0.000000e+0 0.000000e+0 1.000000e+0
    outer loop
      vertex 1.686065e+1 -4.805247e+0 6.000000e-1
      vertex 2.013432e+1 -4.478191e+0 6.000000e-1
      vertex 1.981011e+1 -4.338153e+0 6.000000e-1
    endloop
  endfacet
  facet normal 0.000000e+0 0.000000e+0 1.000000e+0
    outer loop
      vertex 1.981011e+1 -4.338153e+0 6.000000e-1
      vertex 1.956731e+1 -4.157541e+0 6.000000e-1
      vertex 1.686065e+1 -4.805247e+0 6.000000e-1
    endloop
  endfacet
  facet normal 0.000000e+0 0.000000e+0 1.000000e+0
    outer loop
      vertex 1.686065e+1 -4.805247e+0 6.000000e-1
      vertex 1.956731e+1 -4.157541e+0 6.000000e-1
      vertex 1.934511e+1 -3.957114e+0 6.000000e-1
    endloop
  endfacet
  facet normal 0.000000e+0 0.000000e+0 1.000000e+0
    outer loop
      vertex 1.686065e+1 -4.805247e+0 6.000000e-1
      vertex 1.934511e+1 -3.957114e+0 6.000000e-1
      vertex 1.915598e+1 -3.724866e+0 6.000000e-1
    endloop
  endfacet
  facet normal 0.000000e+0 0.000000e+0 1.000000e+0
    outer loop
      vertex 1.915598e+1 -3.724866e+0 6.000000e-1
      vertex 1.898607e+1 -3.474139e+0 6.000000e-1
      vertex 1.686065e+1 -4.805247e+0 6.000000e-1
    endloop
  endfacet
  facet normal 0.000000e+0 0.000000e+0 1.000000e+0
    outer loop
      vertex 1.686065e+1 -4.805247e+0 6.000000e-1
      vertex 1.898607e+1 -3.474139e+0 6.000000e-1
      vertex 1.888407e+1 -3.294873e+0 6.000000e-1
    endloop
  endfacet
  facet normal 0.000000e+0 0.000000e+0 1.000000e+0
    outer loop
      vertex 1.686065e+1 -4.805247e+0 6.000000e-1
      vertex 1.888407e+1 -3.294873e+0 6.000000e-1
      vertex 1.877258e+1 -3.122631e+0 6.000000e-1
    endloop
  endfacet
  facet normal 0.000000e+0 0.000000e+0 1.000000e+0
    outer loop
      vertex 1.877258e+1 -3.122631e+0 6.000000e-1
      vertex 1.864397e+1 -2.963058e+0 6.000000e-1
      vertex 1.686065e+1 -4.805247e+0 6.000000e-1
    endloop
  endfacet
  facet normal 0.000000e+0 0.000000e+0 1.000000e+0
    outer loop
      vertex 1.686065e+1 -4.805247e+0 6.000000e-1
      vertex 1.864397e+1 -2.963058e+0 6.000000e-1
      vertex 1.833977e+1 -2.707421e+0 6.000000e-1
    endloop
  endfacet
  facet normal 0.000000e+0 0.000000e+0 1.000000e+0
    outer loop
      vertex 1.686065e+1 -4.805247e+0 6.000000e-1
      vertex 1.833977e+1 -2.707421e+0 6.000000e-1
      vertex 1.816629e+1 -2.630847e+0 6.000000e-1
    endloop
  endfacet
  facet normal 0.000000e+0 0.000000e+0 1.000000e+0
    outer loop
      vertex 1.864397e+1 -2.963058e+0 6.000000e-1
      vertex 1.850393e+1 -2.811959e+0 6.000000e-1
      vertex 1.833977e+1 -2.707421e+0 6.000000e-1
    endloop
  endfacet
  facet normal 0.000000e+0 0.000000e+0 1.000000e+0
    outer loop
      vertex 1.816629e+1 -2.630847e+0 6.000000e-1
      vertex 1.797878e+1 -2.596322e+0 6.000000e-1
      vertex 1.686065e+1 -4.805247e+0 6.000000e-1
    endloop
  endfacet
  facet normal 0.000000e+0 0.000000e+0 1.000000e+0
    outer loop
      vertex 1.686065e+1 -4.805247e+0 6.000000e-1
      vertex 1.797878e+1 -2.596322e+0 6.000000e-1
      vertex 1.778346e+1 -2.585182e+0 6.000000e-1
    endloop
  endfacet
  facet normal 0.000000e+0 0.000000e+0 1.000000e+0
    outer loop
      vertex 1.686065e+1 -4.805247e+0 6.000000e-1
      vertex 1.778346e+1 -2.585182e+0 6.000000e-1
      vertex 1.670235e+1 -4.481586e+0 6.000000e-1
    endloop
  endfacet
  facet normal 0.000000e+0 0.000000e+0 1.000000e+0
    outer loop
      vertex 1.670235e+1 -4.481586e+0 6.000000e-1
      vertex 1.778346e+1 -2.585182e+0 6.000000e-1
      vertex 1.754064e+1 -2.610659e+0 6.000000e-1
    endloop
  endfacet
  facet normal 0.000000e+0 0.000000e+0 1.000000e+0
    outer loop
      vertex 1.670235e+1 -4.481586e+0 6.000000e-1
      vertex 1.754064e+1 -2.610659e+0 6.000000e-1
      vertex 1.661300e+1 -4.133345e+0 6.000000e-1
    endloop
  endfacet
  facet normal 0.000000e+0 0.000000e+0 1.000000e+0
    outer loop
      vertex 1.661300e+1 -4.133345e+0 6.000000e-1
      vertex 1.754064e+1 -2.610659e+0 6.000000e-1
      vertex 1.731119e+1 -2.669214e+0 6.000000e-1
    endloop
  endfacet
  facet normal 0.000000e+0 0.000000e+0 1.000000e+0
    outer loop
      vertex 1.661300e+1 -4.133345e+0 6.000000e-1
      vertex 1.731119e+1 -2.669214e+0 6.000000e-1
      vertex 1.710445e+1 -2.783989e+0 6.000000e-1
    endloop
  endfacet
  facet normal 0.000000e+0 0.000000e+0 1.000000e+0
    outer loop
      vertex 1.710445e+1 -2.783989e+0 6.000000e-1
      vertex 1.691163e+1 -2.933212e+0 6.000000e-1
      vertex 1.661300e+1 -4.133345e+0 6.000000e-1
    endloop
  endfacet
  facet normal 0.000000e+0 0.000000e+0 1.000000e+0
    outer loop
      vertex 1.661300e+1 -4.133345e+0 6.000000e-1
      vertex 1.691163e+1 -2.933212e+0 6.000000e-1
      vertex 1.676596e+1 -3.117777e+0 6.000000e-1
    endloop
  endfacet
  facet normal 0.000000e+0 0.000000e+0 1.000000e+0
    outer loop
      vertex 1.661300e+1 -4.133345e+0 6.000000e-1
      vertex 1.676596e+1 -3.117777e+0 6.000000e-1
      vertex 1.656721e+1 -3.769577e+0 6.000000e-1
    endloop
  endfacet
  facet normal 0.000000e+0 0.000000e+0 1.000000e+0
    outer loop
      vertex 1.656721e+1 -3.769577e+0 6.000000e-1
      vertex 1.676596e+1 -3.117777e+0 6.000000e-1
      vertex 1.659375e+1 -3.535958e+0 6.000000e-1
    endloop
  endfacet
  facet normal 0.000000e+0 0.000000e+0 1.000000e+0
    outer loop
      vertex 1.659375e+1 -3.535958e+0 6.000000e-1
      vertex 1.676596e+1 -3.117777e+0 6.000000e-1
      vertex 1.665278e+1 -3.315719e+0 6.000000e-1
    endloop
  endfacet
  facet normal 0.000000e+0 0.000000e+0 1.000000e+0
    outer loop
      vertex 1.738015e+1 -5.454877e+0 6.000000e-1
      vertex 1.773130e+1 -5.755103e+0 6.000000e-1
      vertex 2.116856e+1 -4.636201e+0 6.000000e-1
    endloop
  endfacet
  facet normal 0.000000e+0 0.000000e+0 1.000000e+0
    outer loop
      vertex 2.116856e+1 -4.636201e+0 6.000000e-1
      vertex 1.773130e+1 -5.755103e+0 6.000000e-1
      vertex 1.812784e+1 -5.994178e+0 6.000000e-1
    endloop
  endfacet
  facet normal 0.000000e+0 0.000000e+0 1.000000e+0
    outer loop
      vertex 2.116856e+1 -4.636201e+0 6.000000e-1
      vertex 1.812784e+1 -5.994178e+0 6.000000e-1
      vertex 1.854990e+1 -6.198848e+0 6.000000e-1
    endloop
  endfacet
  facet normal 0.000000e+0 0.000000e+0 1.000000e+0
    outer loop
      vertex 1.854990e+1 -6.198848e+0 6.000000e-1
      vertex 1.913104e+1 -6.389126e+0 6.000000e-1
      vertex 2.116856e+1 -4.636201e+0 6.000000e-1
    endloop
  endfacet
  facet normal 0.000000e+0 0.000000e+0 1.000000e+0
    outer loop
      vertex 2.116856e+1 -4.636201e+0 6.000000e-1
      vertex 1.913104e+1 -6.389126e+0 6.000000e-1
      vertex 1.972105e+1 -6.531116e+0 6.000000e-1
    endloop
  endfacet
  facet normal 0.000000e+0 0.000000e+0 1.000000e+0
    outer loop
      vertex 2.116856e+1 -4.636201e+0 6.000000e-1
      vertex 1.972105e+1 -6.531116e+0 6.000000e-1
      vertex 2.032488e+1 -6.597937e+0 6.000000e-1
    endloop
  endfacet
  facet normal 0.000000e+0 0.000000e+0 1.000000e+0
    outer loop
      vertex 2.032488e+1 -6.597937e+0 6.000000e-1
      vertex 2.093656e+1 -6.622069e+0 6.000000e-1
      vertex 2.116856e+1 -4.636201e+0 6.000000e-1
    endloop
  endfacet
  facet normal 0.000000e+0 0.000000e+0 1.000000e+0
    outer loop
      vertex 2.116856e+1 -4.636201e+0 6.000000e-1
      vertex 2.093656e+1 -6.622069e+0 6.000000e-1
      vertex 2.156779e+1 -6.598118e+0 6.000000e-1
    endloop
  endfacet
  facet normal 0.000000e+0 0.000000e+0 -1.000000e+0
    outer loop
      vertex 2.483604e+1 -1.554059e+0 4.000000e-1
      vertex 2.509069e+1 -1.848258e+0 4.000000e-1
      vertex 2.262726e+1 -3.357559e+0 4.000000e-1
    endloop
  endfacet
  facet normal 0.000000e+0 0.000000e+0 -1.000000e+0
    outer loop
      vertex 2.262726e+1 -3.357559e+0 4.000000e-1
      vertex 2.509069e+1 -1.848258e+0 4.000000e-1
      vertex 2.526596e+1 -2.154976e+0 4.000000e-1
    endloop
  endfacet
  facet normal 0.000000e+0 0.000000e+0 -1.000000e+0
    outer loop
      vertex 2.262726e+1 -3.357559e+0 4.000000e-1
      vertex 2.526596e+1 -2.154976e+0 4.000000e-1
      vertex 2.265654e+1 -3.474041e+0 4.000000e-1
    endloop
  endfacet
  facet normal 0.000000e+0 0.000000e+0 -1.000000e+0
    outer loop
      vertex 2.265654e+1 -3.474041e+0 4.000000e-1
      vertex 2.526596e+1 -2.154976e+0 4.000000e-1
      vertex 2.540141e+1 -2.474231e+0 4.000000e-1
    endloop
  endfacet
  facet normal 0.000000e+0 0.000000e+0 -1.000000e+0
    outer loop
      vertex 2.265654e+1 -3.474041e+0 4.000000e-1
      vertex 2.540141e+1 -2.474231e+0 4.000000e-1
      vertex 2.547134e+1 -2.814103e+0 4.000000e-1
    endloop
  endfacet
  facet normal 0.000000e+0 0.000000e+0 -1.000000e+0
    outer loop
      vertex 2.547134e+1 -2.814103e+0 4.000000e-1
      vertex 2.550247e+1 -3.166189e+0 4.000000e-1
      vertex 2.265654e+1 -3.474041e+0 4.000000e-1
    endloop
  endfacet
  facet normal 0.000000e+0 0.000000e+0 -1.000000e+0
    outer loop
      vertex 2.265654e+1 -3.474041e+0 4.000000e-1
      vertex 2.550247e+1 -3.166189e+0 4.000000e-1
      vertex 2.546740e+1 -3.662418e+0 4.000000e-1
    endloop
  endfacet
  facet normal 0.000000e+0 0.000000e+0 -1.000000e+0
    outer loop
      vertex 2.265654e+1 -3.474041e+0 4.000000e-1
      vertex 2.546740e+1 -3.662418e+0 4.000000e-1
      vertex 2.268877e+1 -3.721442e+0 4.000000e-1
    endloop
  endfacet
  facet normal 0.000000e+0 0.000000e+0 -1.000000e+0
    outer loop
      vertex 2.268877e+1 -3.721442e+0 4.000000e-1
      vertex 2.546740e+1 -3.662418e+0 4.000000e-1
      vertex 2.538021e+1 -4.143515e+0 4.000000e-1
    endloop
  endfacet
  facet normal 0.000000e+0 0.000000e+0 -1.000000e+0
    outer loop
      vertex 2.268877e+1 -3.721442e+0 4.000000e-1
      vertex 2.538021e+1 -4.143515e+0 4.000000e-1
      vertex 2.520323e+1 -4.598533e+0 4.000000e-1
    endloop
  endfacet
  facet normal 0.000000e+0 0.000000e+0 -1.000000e+0
    outer loop
      vertex 2.520323e+1 -4.598533e+0 4.000000e-1
      vertex 2.497027e+1 -5.037298e+0 4.000000e-1
      vertex 2.268877e+1 -3.721442e+0 4.000000e-1
    endloop
  endfacet
  facet normal 0.000000e+0 0.000000e+0 -1.000000e+0
    outer loop
      vertex 2.268877e+1 -3.721442e+0 4.000000e-1
      vertex 2.497027e+1 -5.037298e+0 4.000000e-1
      vertex 2.464430e+1 -5.416650e+0 4.000000e-1
    endloop
  endfacet
  facet normal 0.000000e+0 0.000000e+0 -1.000000e+0
    outer loop
      vertex 2.268877e+1 -3.721442e+0 4.000000e-1
      vertex 2.464430e+1 -5.416650e+0 4.000000e-1
      vertex 2.264189e+1 -3.912390e+0 4.000000e-1
    endloop
  endfacet
  facet normal 0.000000e+0 0.000000e+0 -1.000000e+0
    outer loop
      vertex 2.264189e+1 -3.912390e+0 4.000000e-1
      vertex 2.464430e+1 -5.416650e+0 4.000000e-1
      vertex 2.428231e+1 -5.749098e+0 4.000000e-1
    endloop
  endfacet
  facet normal 0.000000e+0 0.000000e+0 -1.000000e+0
    outer loop
      vertex 2.264189e+1 -3.912390e+0 4.000000e-1
      vertex 2.428231e+1 -5.749098e+0 4.000000e-1
      vertex 2.260780e+1 -4.001252e+0 4.000000e-1
    endloop
  endfacet
  facet normal 0.000000e+0 0.000000e+0 -1.000000e+0
    outer loop
      vertex 2.260780e+1 -4.001252e+0 4.000000e-1
      vertex 2.428231e+1 -5.749098e+0 4.000000e-1
      vertex 2.386274e+1 -6.006584e+0 4.000000e-1
    endloop
  endfacet
  facet normal 0.000000e+0 0.000000e+0 -1.000000e+0
    outer loop
      vertex 2.260780e+1 -4.001252e+0 4.000000e-1
      vertex 2.386274e+1 -6.006584e+0 4.000000e-1
      vertex 2.256108e+1 -4.082271e+0 4.000000e-1
    endloop
  endfacet
  facet normal 0.000000e+0 0.000000e+0 -1.000000e+0
    outer loop
      vertex 2.256108e+1 -4.082271e+0 4.000000e-1
      vertex 2.386274e+1 -6.006584e+0 4.000000e-1
      vertex 2.340987e+1 -6.220704e+0 4.000000e-1
    endloop
  endfacet
  facet normal 0.000000e+0 0.000000e+0 -1.000000e+0
    outer loop
      vertex 2.256108e+1 -4.082271e+0 4.000000e-1
      vertex 2.340987e+1 -6.220704e+0 4.000000e-1
      vertex 2.243130e+1 -4.221751e+0 4.000000e-1
    endloop
  endfacet
  facet normal 0.000000e+0 0.000000e+0 -1.000000e+0
    outer loop
      vertex 2.243130e+1 -4.221751e+0 4.000000e-1
      vertex 2.340987e+1 -6.220704e+0 4.000000e-1
      vertex 2.227485e+1 -4.344671e+0 4.000000e-1
    endloop
  endfacet
  facet normal 0.000000e+0 0.000000e+0 -1.000000e+0
    outer loop
      vertex 2.227485e+1 -4.344671e+0 4.000000e-1
      vertex 2.340987e+1 -6.220704e+0 4.000000e-1
      vertex 2.280494e+1 -6.400400e+0 4.000000e-1
    endloop
  endfacet
  facet normal 0.000000e+0 0.000000e+0 -1.000000e+0
    outer loop
      vertex 2.227485e+1 -4.344671e+0 4.000000e-1
      vertex 2.280494e+1 -6.400400e+0 4.000000e-1
      vertex 2.201480e+1 -4.477134e+0 4.000000e-1
    endloop
  endfacet
  facet normal 0.000000e+0 0.000000e+0 -1.000000e+0
    outer loop
      vertex 2.201480e+1 -4.477134e+0 4.000000e-1
      vertex 2.280494e+1 -6.400400e+0 4.000000e-1
      vertex 2.219231e+1 -6.534448e+0 4.000000e-1
    endloop
  endfacet
  facet normal 0.000000e+0 0.000000e+0 -1.000000e+0
    outer loop
      vertex 2.201480e+1 -4.477134e+0 4.000000e-1
      vertex 2.219231e+1 -6.534448e+0 4.000000e-1
      vertex 2.174514e+1 -4.574967e+0 4.000000e-1
    endloop
  endfacet
  facet normal 0.000000e+0 0.000000e+0 -1.000000e+0
    outer loop
      vertex 2.174514e+1 -4.574967e+0 4.000000e-1
      vertex 2.219231e+1 -6.534448e+0 4.000000e-1
      vertex 2.156779e+1 -6.598118e+0 4.000000e-1
    endloop
  endfacet
  facet normal 0.000000e+0 0.000000e+0 -1.000000e+0
    outer loop
      vertex 2.174514e+1 -4.574967e+0 4.000000e-1
      vertex 2.156779e+1 -6.598118e+0 4.000000e-1
      vertex 2.146092e+1 -4.620266e+0 4.000000e-1
    endloop
  endfacet
  facet normal 0.000000e+0 0.000000e+0 -1.000000e+0
    outer loop
      vertex 2.146092e+1 -4.620266e+0 4.000000e-1
      vertex 2.156779e+1 -6.598118e+0 4.000000e-1
      vertex 2.116856e+1 -4.636201e+0 4.000000e-1
    endloop
  endfacet
  facet normal 0.000000e+0 0.000000e+0 -1.000000e+0
    outer loop
      vertex 2.116856e+1 -4.636201e+0 4.000000e-1
      vertex 2.156779e+1 -6.598118e+0 4.000000e-1
      vertex 2.093656e+1 -6.622069e+0 4.000000e-1
    endloop
  endfacet
  facet normal 0.000000e+0 0.000000e+0 -1.000000e+0
    outer loop
      vertex 2.116856e+1 -4.636201e+0 4.000000e-1
      vertex 2.093656e+1 -6.622069e+0 4.000000e-1
      vertex 2.032488e+1 -6.597937e+0 4.000000e-1
    endloop
  endfacet
  facet normal 0.000000e+0 0.000000e+0 -1.000000e+0
    outer loop
      vertex 2.032488e+1 -6.597937e+0 4.000000e-1
      vertex 1.972105e+1 -6.531116e+0 4.000000e-1
      vertex 2.116856e+1 -4.636201e+0 4.000000e-1
    endloop
  endfacet
  facet normal 0.000000e+0 0.000000e+0 -1.000000e+0
    outer loop
      vertex 2.116856e+1 -4.636201e+0 4.000000e-1
      vertex 1.972105e+1 -6.531116e+0 4.000000e-1
      vertex 1.913104e+1 -6.389126e+0 4.000000e-1
    endloop
  endfacet
  facet normal 0.000000e+0 0.000000e+0 -1.000000e+0
    outer loop
      vertex 2.116856e+1 -4.636201e+0 4.000000e-1
      vertex 1.913104e+1 -6.389126e+0 4.000000e-1
      vertex 1.854990e+1 -6.198848e+0 4.000000e-1
    endloop
  endfacet
  facet normal 0.000000e+0 0.000000e+0 -1.000000e+0
    outer loop
      vertex 1.854990e+1 -6.198848e+0 4.000000e-1
      vertex 1.812784e+1 -5.994178e+0 4.000000e-1
      vertex 2.116856e+1 -4.636201e+0 4.000000e-1
    endloop
  endfacet
  facet normal 5.957015e-17 -1.333869e-16 -1.000000e+0
    outer loop
      vertex 2.116856e+1 -4.636201e+0 4.000000e-1
      vertex 1.812784e+1 -5.994178e+0 4.000000e-1
      vertex 1.773130e+1 -5.755103e+0 4.000000e-1
    endloop
  endfacet
  facet normal -3.189472e-17 1.475925e-16 -1.000000e+0
    outer loop
      vertex 2.116856e+1 -4.636201e+0 4.000000e-1
      vertex 1.773130e+1 -5.755103e+0 4.000000e-1
      vertex 1.738015e+1 -5.454877e+0 4.000000e-1
    endloop
  endfacet
  facet normal 0.000000e+0 0.000000e+0 -1.000000e+0
    outer loop
      vertex 1.738015e+1 -5.454877e+0 4.000000e-1
      vertex 1.705857e+1 -5.114787e+0 4.000000e-1
      vertex 2.116856e+1 -4.636201e+0 4.000000e-1
    endloop
  endfacet
  facet normal 0.000000e+0 0.000000e+0 -1.000000e+0
    outer loop
      vertex 2.116856e+1 -4.636201e+0 4.000000e-1
      vertex 1.705857e+1 -5.114787e+0 4.000000e-1
      vertex 1.686065e+1 -4.805247e+0 4.000000e-1
    endloop
  endfacet
  facet normal 0.000000e+0 0.000000e+0 -1.000000e+0
    outer loop
      vertex 2.116856e+1 -4.636201e+0 4.000000e-1
      vertex 1.686065e+1 -4.805247e+0 4.000000e-1
      vertex 2.081443e+1 -4.623468e+0 4.000000e-1
    endloop
  endfacet
  facet normal 0.000000e+0 0.000000e+0 -1.000000e+0
    outer loop
      vertex 2.081443e+1 -4.623468e+0 4.000000e-1
      vertex 1.686065e+1 -4.805247e+0 4.000000e-1
      vertex 2.046767e+1 -4.579372e+0 4.000000e-1
    endloop
  endfacet
  facet normal 0.000000e+0 0.000000e+0 -1.000000e+0
    outer loop
      vertex 2.046767e+1 -4.579372e+0 4.000000e-1
      vertex 1.686065e+1 -4.805247e+0 4.000000e-1
      vertex 2.013432e+1 -4.478191e+0 4.000000e-1
    endloop
  endfacet
  facet normal 0.000000e+0 0.000000e+0 -1.000000e+0
    outer loop
      vertex 2.013432e+1 -4.478191e+0 4.000000e-1
      vertex 1.686065e+1 -4.805247e+0 4.000000e-1
      vertex 1.981011e+1 -4.338153e+0 4.000000e-1
    endloop
  endfacet
  facet normal 0.000000e+0 0.000000e+0 -1.000000e+0
    outer loop
      vertex 1.981011e+1 -4.338153e+0 4.000000e-1
      vertex 1.686065e+1 -4.805247e+0 4.000000e-1
      vertex 1.956731e+1 -4.157541e+0 4.000000e-1
    endloop
  endfacet
  facet normal -5.238129e-17 2.188927e-16 -1.000000e+0
    outer loop
      vertex 1.956731e+1 -4.157541e+0 4.000000e-1
      vertex 1.686065e+1 -4.805247e+0 4.000000e-1
      vertex 1.934511e+1 -3.957114e+0 4.000000e-1
    endloop
  endfacet
  facet normal 8.132936e-17 -1.727890e-16 -1.000000e+0
    outer loop
      vertex 1.934511e+1 -3.957114e+0 4.000000e-1
      vertex 1.686065e+1 -4.805247e+0 4.000000e-1
      vertex 1.915598e+1 -3.724866e+0 4.000000e-1
    endloop
  endfacet
  facet normal 0.000000e+0 0.000000e+0 -1.000000e+0
    outer loop
      vertex 1.915598e+1 -3.724866e+0 4.000000e-1
      vertex 1.686065e+1 -4.805247e+0 4.000000e-1
      vertex 1.898607e+1 -3.474139e+0 4.000000e-1
    endloop
  endfacet
  facet normal 0.000000e+0 0.000000e+0 -1.000000e+0
    outer loop
      vertex 1.898607e+1 -3.474139e+0 4.000000e-1
      vertex 1.686065e+1 -4.805247e+0 4.000000e-1
      vertex 1.888407e+1 -3.294873e+0 4.000000e-1
    endloop
  endfacet
  facet normal 0.000000e+0 0.000000e+0 -1.000000e+0
    outer loop
      vertex 1.888407e+1 -3.294873e+0 4.000000e-1
      vertex 1.686065e+1 -4.805247e+0 4.000000e-1
      vertex 1.877258e+1 -3.122631e+0 4.000000e-1
    endloop
  endfacet
  facet normal 0.000000e+0 0.000000e+0 -1.000000e+0
    outer loop
      vertex 1.877258e+1 -3.122631e+0 4.000000e-1
      vertex 1.686065e+1 -4.805247e+0 4.000000e-1
      vertex 1.864397e+1 -2.963058e+0 4.000000e-1
    endloop
  endfacet
  facet normal 0.000000e+0 0.000000e+0 -1.000000e+0
    outer loop
      vertex 1.864397e+1 -2.963058e+0 4.000000e-1
      vertex 1.686065e+1 -4.805247e+0 4.000000e-1
      vertex 1.833977e+1 -2.707421e+0 4.000000e-1
    endloop
  endfacet
  facet normal 0.000000e+0 0.000000e+0 -1.000000e+0
    outer loop
      vertex 1.864397e+1 -2.963058e+0 4.000000e-1
      vertex 1.833977e+1 -2.707421e+0 4.000000e-1
      vertex 1.850393e+1 -2.811959e+0 4.000000e-1
    endloop
  endfacet
  facet normal 0.000000e+0 0.000000e+0 -1.000000e+0
    outer loop
      vertex 1.670235e+1 -4.481586e+0 4.000000e-1
      vertex 1.778346e+1 -2.585182e+0 4.000000e-1
      vertex 1.686065e+1 -4.805247e+0 4.000000e-1
    endloop
  endfacet
  facet normal 0.000000e+0 0.000000e+0 -1.000000e+0
    outer loop
      vertex 1.686065e+1 -4.805247e+0 4.000000e-1
      vertex 1.778346e+1 -2.585182e+0 4.000000e-1
      vertex 1.797878e+1 -2.596322e+0 4.000000e-1
    endloop
  endfacet
  facet normal -2.707996e-16 1.370746e-16 -1.000000e+0
    outer loop
      vertex 1.686065e+1 -4.805247e+0 4.000000e-1
      vertex 1.797878e+1 -2.596322e+0 4.000000e-1
      vertex 1.816629e+1 -2.630847e+0 4.000000e-1
    endloop
  endfacet
  facet normal 0.000000e+0 0.000000e+0 -1.000000e+0
    outer loop
      vertex 1.778346e+1 -2.585182e+0 4.000000e-1
      vertex 1.670235e+1 -4.481586e+0 4.000000e-1
      vertex 1.754064e+1 -2.610659e+0 4.000000e-1
    endloop
  endfacet
  facet normal 0.000000e+0 0.000000e+0 -1.000000e+0
    outer loop
      vertex 1.754064e+1 -2.610659e+0 4.000000e-1
      vertex 1.670235e+1 -4.481586e+0 4.000000e-1
      vertex 1.661300e+1 -4.133345e+0 4.000000e-1
    endloop
  endfacet
  facet normal 2.864628e-16 -1.745167e-16 -1.000000e+0
    outer loop
      vertex 1.754064e+1 -2.610659e+0 4.000000e-1
      vertex 1.661300e+1 -4.133345e+0 4.000000e-1
      vertex 1.731119e+1 -2.669214e+0 4.000000e-1
    endloop
  endfacet
  facet normal -3.365624e-16 1.225790e-16 -1.000000e+0
    outer loop
      vertex 1.731119e+1 -2.669214e+0 4.000000e-1
      vertex 1.661300e+1 -4.133345e+0 4.000000e-1
      vertex 1.710445e+1 -2.783989e+0 4.000000e-1
    endloop
  endfacet
  facet normal 0.000000e+0 0.000000e+0 -1.000000e+0
    outer loop
      vertex 1.710445e+1 -2.783989e+0 4.000000e-1
      vertex 1.661300e+1 -4.133345e+0 4.000000e-1
      vertex 1.691163e+1 -2.933212e+0 4.000000e-1
    endloop
  endfacet
  facet normal 0.000000e+0 0.000000e+0 -1.000000e+0
    outer loop
      vertex 1.691163e+1 -2.933212e+0 4.000000e-1
      vertex 1.661300e+1 -4.133345e+0 4.000000e-1
      vertex 1.676596e+1 -3.117777e+0 4.000000e-1
    endloop
  endfacet
  facet normal 0.000000e+0 0.000000e+0 -1.000000e+0
    outer loop
      vertex 1.676596e+1 -3.117777e+0 4.000000e-1
      vertex 1.661300e+1 -4.133345e+0 4.000000e-1
      vertex 1.656721e+1 -3.769577e+0 4.000000e-1
    endloop
  endfacet
  facet normal 0.000000e+0 0.000000e+0 -1.000000e+0
    outer loop
      vertex 1.676596e+1 -3.117777e+0 4.000000e-1
      vertex 1.656721e+1 -3.769577e+0 4.000000e-1
      vertex 1.659375e+1 -3.535958e+0 4.000000e-1
    endloop
  endfacet
  facet normal 0.000000e+0 0.000000e+0 -1.000000e+0
    outer loop
      vertex 1.659375e+1 -3.535958e+0 4.000000e-1
      vertex 1.665278e+1 -3.315719e+0 4.000000e-1
      vertex 1.676596e+1 -3.117777e+0 4.000000e-1
    endloop
  endfacet
  facet normal 2.440327e-16 -1.720610e-16 -1.000000e+0
    outer loop
      vertex 1.816629e+1 -2.630847e+0 4.000000e-1
      vertex 1.833977e+1 -2.707421e+0 4.000000e-1
      vertex 1.686065e+1 -4.805247e+0 4.000000e-1
    endloop
  endfacet
  facet normal 0.000000e+0 0.000000e+0 -1.000000e+0
    outer loop
      vertex 2.483604e+1 -1.554059e+0 4.000000e-1
      vertex 2.262726e+1 -3.357559e+0 4.000000e-1
      vertex 2.455839e+1 -1.287065e+0 4.000000e-1
    endloop
  endfacet
  facet normal 0.000000e+0 0.000000e+0 -1.000000e+0
    outer loop
      vertex 2.455839e+1 -1.287065e+0 4.000000e-1
      vertex 2.262726e+1 -3.357559e+0 4.000000e-1
      vertex 2.258219e+1 -3.249740e+0 4.000000e-1
    endloop
  endfacet
  facet normal 0.000000e+0 0.000000e+0 -1.000000e+0
    outer loop
      vertex 2.455839e+1 -1.287065e+0 4.000000e-1
      vertex 2.258219e+1 -3.249740e+0 4.000000e-1
      vertex 2.424462e+1 -1.062787e+0 4.000000e-1
    endloop
  endfacet
  facet normal 0.000000e+0 0.000000e+0 -1.000000e+0
    outer loop
      vertex 2.424462e+1 -1.062787e+0 4.000000e-1
      vertex 2.258219e+1 -3.249740e+0 4.000000e-1
      vertex 2.251745e+1 -3.152714e+0 4.000000e-1
    endloop
  endfacet
  facet normal 0.000000e+0 0.000000e+0 -1.000000e+0
    outer loop
      vertex 2.424462e+1 -1.062787e+0 4.000000e-1
      vertex 2.251745e+1 -3.152714e+0 4.000000e-1
      vertex 2.391022e+1 -8.629100e-1 4.000000e-1
    endloop
  endfacet
  facet normal 0.000000e+0 0.000000e+0 -1.000000e+0
    outer loop
      vertex 2.391022e+1 -8.629100e-1 4.000000e-1
      vertex 2.251745e+1 -3.152714e+0 4.000000e-1
      vertex 2.243625e+1 -3.064718e+0 4.000000e-1
    endloop
  endfacet
  facet normal 0.000000e+0 0.000000e+0 -1.000000e+0
    outer loop
      vertex 2.391022e+1 -8.629100e-1 4.000000e-1
      vertex 2.243625e+1 -3.064718e+0 4.000000e-1
      vertex 2.343646e+1 -6.463485e-1 4.000000e-1
    endloop
  endfacet
  facet normal 0.000000e+0 0.000000e+0 -1.000000e+0
    outer loop
      vertex 2.343646e+1 -6.463485e-1 4.000000e-1
      vertex 2.243625e+1 -3.064718e+0 4.000000e-1
      vertex 2.224641e+1 -2.903776e+0 4.000000e-1
    endloop
  endfacet
  facet normal 9.507887e-17 -5.012301e-17 -1.000000e+0
    outer loop
      vertex 2.343646e+1 -6.463485e-1 4.000000e-1
      vertex 2.224641e+1 -2.903776e+0 4.000000e-1
      vertex 2.295377e+1 -4.544719e-1 4.000000e-1
    endloop
  endfacet
  facet normal -8.991631e-18 -2.006725e-17 -1.000000e+0
    outer loop
      vertex 2.295377e+1 -4.544719e-1 4.000000e-1
      vertex 2.224641e+1 -2.903776e+0 4.000000e-1
      vertex 2.184863e+1 -2.725544e+0 4.000000e-1
    endloop
  endfacet
  facet normal -1.037582e-16 2.604761e-17 -1.000000e+0
    outer loop
      vertex 2.295377e+1 -4.544719e-1 4.000000e-1
      vertex 2.184863e+1 -2.725544e+0 4.000000e-1
      vertex 2.245755e+1 -2.999921e-1 4.000000e-1
    endloop
  endfacet
  facet normal 0.000000e+0 0.000000e+0 -1.000000e+0
    outer loop
      vertex 2.245755e+1 -2.999921e-1 4.000000e-1
      vertex 2.184863e+1 -2.725544e+0 4.000000e-1
      vertex 2.144184e+1 -2.572957e+0 4.000000e-1
    endloop
  endfacet
  facet normal 0.000000e+0 0.000000e+0 -1.000000e+0
    outer loop
      vertex 2.245755e+1 -2.999921e-1 4.000000e-1
      vertex 2.144184e+1 -2.572957e+0 4.000000e-1
      vertex 2.195377e+1 -1.663981e-1 4.000000e-1
    endloop
  endfacet
  facet normal 0.000000e+0 0.000000e+0 -1.000000e+0
    outer loop
      vertex 2.195377e+1 -1.663981e-1 4.000000e-1
      vertex 2.144184e+1 -2.572957e+0 4.000000e-1
      vertex 2.157302e+1 -7.371528e-2 4.000000e-1
    endloop
  endfacet
  facet normal 0.000000e+0 0.000000e+0 -1.000000e+0
    outer loop
      vertex 2.157302e+1 -7.371528e-2 4.000000e-1
      vertex 2.144184e+1 -2.572957e+0 4.000000e-1
      vertex 2.102352e+1 -2.453165e+0 4.000000e-1
    endloop
  endfacet
  facet normal 0.000000e+0 0.000000e+0 -1.000000e+0
    outer loop
      vertex 2.157302e+1 -7.371528e-2 4.000000e-1
      vertex 2.102352e+1 -2.453165e+0 4.000000e-1
      vertex 2.119301e+1 2.179222e-2 4.000000e-1
    endloop
  endfacet
  facet normal 0.000000e+0 0.000000e+0 -1.000000e+0
    outer loop
      vertex 2.119301e+1 2.179222e-2 4.000000e-1
      vertex 2.102352e+1 -2.453165e+0 4.000000e-1
      vertex 2.059917e+1 -2.350476e+0 4.000000e-1
    endloop
  endfacet
  facet normal 0.000000e+0 0.000000e+0 -1.000000e+0
    outer loop
      vertex 2.119301e+1 2.179222e-2 4.000000e-1
      vertex 2.059917e+1 -2.350476e+0 4.000000e-1
      vertex 2.081438e+1 1.225513e-1 4.000000e-1
    endloop
  endfacet
  facet normal 0.000000e+0 0.000000e+0 -1.000000e+0
    outer loop
      vertex 2.081438e+1 1.225513e-1 4.000000e-1
      vertex 2.059917e+1 -2.350476e+0 4.000000e-1
      vertex 2.007747e+1 -2.213286e+0 4.000000e-1
    endloop
  endfacet
  facet normal 0.000000e+0 0.000000e+0 -1.000000e+0
    outer loop
      vertex 2.081438e+1 1.225513e-1 4.000000e-1
      vertex 2.007747e+1 -2.213286e+0 4.000000e-1
      vertex 1.956056e+1 -2.061379e+0 4.000000e-1
    endloop
  endfacet
  facet normal 0.000000e+0 0.000000e+0 -1.000000e+0
    outer loop
      vertex 1.956056e+1 -2.061379e+0 4.000000e-1
      vertex 1.905221e+1 -1.883288e+0 4.000000e-1
      vertex 2.081438e+1 1.225513e-1 4.000000e-1
    endloop
  endfacet
  facet normal 0.000000e+0 0.000000e+0 -1.000000e+0
    outer loop
      vertex 2.081438e+1 1.225513e-1 4.000000e-1
      vertex 1.905221e+1 -1.883288e+0 4.000000e-1
      vertex 1.854944e+1 -1.688105e+0 4.000000e-1
    endloop
  endfacet
  facet normal 0.000000e+0 0.000000e+0 -1.000000e+0
    outer loop
      vertex 2.081438e+1 1.225513e-1 4.000000e-1
      vertex 1.854944e+1 -1.688105e+0 4.000000e-1
      vertex 1.816968e+1 -1.497165e+0 4.000000e-1
    endloop
  endfacet
  facet normal 0.000000e+0 0.000000e+0 -1.000000e+0
    outer loop
      vertex 1.816968e+1 -1.497165e+0 4.000000e-1
      vertex 1.781082e+1 -1.277431e+0 4.000000e-1
      vertex 2.081438e+1 1.225513e-1 4.000000e-1
    endloop
  endfacet
  facet normal 0.000000e+0 0.000000e+0 -1.000000e+0
    outer loop
      vertex 2.081438e+1 1.225513e-1 4.000000e-1
      vertex 1.781082e+1 -1.277431e+0 4.000000e-1
      vertex 1.748794e+1 -1.008125e+0 4.000000e-1
    endloop
  endfacet
  facet normal 0.000000e+0 0.000000e+0 -1.000000e+0
    outer loop
      vertex 2.081438e+1 1.225513e-1 4.000000e-1
      vertex 1.748794e+1 -1.008125e+0 4.000000e-1
      vertex 1.670261e+1 4.071209e-1 4.000000e-1
    endloop
  endfacet
  facet normal 0.000000e+0 0.000000e+0 -1.000000e+0
    outer loop
      vertex 1.670261e+1 4.071209e-1 4.000000e-1
      vertex 1.748794e+1 -1.008125e+0 4.000000e-1
      vertex 1.718745e+1 -7.079614e-1 4.000000e-1
    endloop
  endfacet
  facet normal 0.000000e+0 0.000000e+0 -1.000000e+0
    outer loop
      vertex 1.670261e+1 4.071209e-1 4.000000e-1
      vertex 1.718745e+1 -7.079614e-1 4.000000e-1
      vertex 1.696111e+1 -3.587539e-1 4.000000e-1
    endloop
  endfacet
  facet normal 0.000000e+0 0.000000e+0 -1.000000e+0
    outer loop
      vertex 1.696111e+1 -3.587539e-1 4.000000e-1
      vertex 1.678863e+1 9.166109e-3 4.000000e-1
      vertex 1.670261e+1 4.071209e-1 4.000000e-1
    endloop
  endfacet
  facet normal 0.000000e+0 0.000000e+0 -1.000000e+0
    outer loop
      vertex 1.666677e+1 8.225093e-1 4.000000e-1
      vertex 1.981688e+1 4.764330e-1 4.000000e-1
      vertex 1.670261e+1 4.071209e-1 4.000000e-1
    endloop
  endfacet
  facet normal 0.000000e+0 0.000000e+0 -1.000000e+0
    outer loop
      vertex 1.670261e+1 4.071209e-1 4.000000e-1
      vertex 1.981688e+1 4.764330e-1 4.000000e-1
      vertex 2.001486e+1 3.747226e-1 4.000000e-1
    endloop
  endfacet
  facet normal 0.000000e+0 0.000000e+0 -1.000000e+0
    outer loop
      vertex 1.670261e+1 4.071209e-1 4.000000e-1
      vertex 2.001486e+1 3.747226e-1 4.000000e-1
      vertex 2.022301e+1 2.949197e-1 4.000000e-1
    endloop
  endfacet
  facet normal 0.000000e+0 0.000000e+0 -1.000000e+0
    outer loop
      vertex 1.670537e+1 1.227770e+0 4.000000e-1
      vertex 1.939496e+1 8.862255e-1 4.000000e-1
      vertex 1.666677e+1 8.225093e-1 4.000000e-1
    endloop
  endfacet
  facet normal 0.000000e+0 0.000000e+0 -1.000000e+0
    outer loop
      vertex 1.666677e+1 8.225093e-1 4.000000e-1
      vertex 1.939496e+1 8.862255e-1 4.000000e-1
      vertex 1.942424e+1 8.188201e-1 4.000000e-1
    endloop
  endfacet
  facet normal 0.000000e+0 0.000000e+0 -1.000000e+0
    outer loop
      vertex 1.666677e+1 8.225093e-1 4.000000e-1
      vertex 1.942424e+1 8.188201e-1 4.000000e-1
      vertex 1.951346e+1 6.999987e-1 4.000000e-1
    endloop
  endfacet
  facet normal 0.000000e+0 0.000000e+0 -1.000000e+0
    outer loop
      vertex 1.678806e+1 1.619414e+0 4.000000e-1
      vertex 1.938999e+1 1.289452e+0 4.000000e-1
      vertex 1.670537e+1 1.227770e+0 4.000000e-1
    endloop
  endfacet
  facet normal 0.000000e+0 0.000000e+0 -1.000000e+0
    outer loop
      vertex 1.670537e+1 1.227770e+0 4.000000e-1
      vertex 1.938999e+1 1.289452e+0 4.000000e-1
      vertex 1.935056e+1 1.111102e+0 4.000000e-1
    endloop
  endfacet
  facet normal 0.000000e+0 0.000000e+0 -1.000000e+0
    outer loop
      vertex 1.670537e+1 1.227770e+0 4.000000e-1
      vertex 1.935056e+1 1.111102e+0 4.000000e-1
      vertex 1.937499e+1 9.584863e-1 4.000000e-1
    endloop
  endfacet
  facet normal 0.000000e+0 0.000000e+0 -1.000000e+0
    outer loop
      vertex 1.694307e+1 1.988722e+0 4.000000e-1
      vertex 1.972847e+1 1.687792e+0 4.000000e-1
      vertex 1.678806e+1 1.619414e+0 4.000000e-1
    endloop
  endfacet
  facet normal 0.000000e+0 0.000000e+0 -1.000000e+0
    outer loop
      vertex 1.678806e+1 1.619414e+0 4.000000e-1
      vertex 1.972847e+1 1.687792e+0 4.000000e-1
      vertex 1.958162e+1 1.576134e+0 4.000000e-1
    endloop
  endfacet
  facet normal 0.000000e+0 0.000000e+0 -1.000000e+0
    outer loop
      vertex 1.678806e+1 1.619414e+0 4.000000e-1
      vertex 1.958162e+1 1.576134e+0 4.000000e-1
      vertex 1.951659e+1 1.515094e+0 4.000000e-1
    endloop
  endfacet
  facet normal 0.000000e+0 0.000000e+0 -1.000000e+0
    outer loop
      vertex 1.714083e+1 2.344830e+0 4.000000e-1
      vertex 2.072461e+1 1.934076e+0 4.000000e-1
      vertex 1.694307e+1 1.988722e+0 4.000000e-1
    endloop
  endfacet
  facet normal 0.000000e+0 0.000000e+0 -1.000000e+0
    outer loop
      vertex 1.694307e+1 1.988722e+0 4.000000e-1
      vertex 2.072461e+1 1.934076e+0 4.000000e-1
      vertex 2.046308e+1 1.920575e+0 4.000000e-1
    endloop
  endfacet
  facet normal 2.486099e-17 1.284148e-15 -1.000000e+0
    outer loop
      vertex 1.694307e+1 1.988722e+0 4.000000e-1
      vertex 2.046308e+1 1.920575e+0 4.000000e-1
      vertex 2.020799e+1 1.882286e+0 4.000000e-1
    endloop
  endfacet
  facet normal 0.000000e+0 0.000000e+0 -1.000000e+0
    outer loop
      vertex 1.714083e+1 2.344830e+0 4.000000e-1
      vertex 1.743267e+1 2.695998e+0 4.000000e-1
      vertex 2.072461e+1 1.934076e+0 4.000000e-1
    endloop
  endfacet
  facet normal 0.000000e+0 0.000000e+0 -1.000000e+0
    outer loop
      vertex 2.072461e+1 1.934076e+0 4.000000e-1
      vertex 1.743267e+1 2.695998e+0 4.000000e-1
      vertex 1.775603e+1 3.008952e+0 4.000000e-1
    endloop
  endfacet
  facet normal 0.000000e+0 0.000000e+0 -1.000000e+0
    outer loop
      vertex 2.072461e+1 1.934076e+0 4.000000e-1
      vertex 1.775603e+1 3.008952e+0 4.000000e-1
      vertex 1.812955e+1 3.261056e+0 4.000000e-1
    endloop
  endfacet
  facet normal 0.000000e+0 0.000000e+0 -1.000000e+0
    outer loop
      vertex 1.812955e+1 3.261056e+0 4.000000e-1
      vertex 1.853203e+1 3.478055e+0 4.000000e-1
      vertex 2.072461e+1 1.934076e+0 4.000000e-1
    endloop
  endfacet
  facet normal 0.000000e+0 0.000000e+0 -1.000000e+0
    outer loop
      vertex 2.072461e+1 1.934076e+0 4.000000e-1
      vertex 1.853203e+1 3.478055e+0 4.000000e-1
      vertex 1.906294e+1 3.665824e+0 4.000000e-1
    endloop
  endfacet
  facet normal 8.218121e-17 7.885534e-17 -1.000000e+0
    outer loop
      vertex 2.072461e+1 1.934076e+0 4.000000e-1
      vertex 1.906294e+1 3.665824e+0 4.000000e-1
      vertex 1.960322e+1 3.806718e+0 4.000000e-1
    endloop
  endfacet
  facet normal -9.659451e-17 -2.819993e-17 -1.000000e+0
    outer loop
      vertex 1.960322e+1 3.806718e+0 4.000000e-1
      vertex 2.015811e+1 3.874526e+0 4.000000e-1
      vertex 2.072461e+1 1.934076e+0 4.000000e-1
    endloop
  endfacet
  facet normal 0.000000e+0 0.000000e+0 -1.000000e+0
    outer loop
      vertex 2.072461e+1 1.934076e+0 4.000000e-1
      vertex 2.015811e+1 3.874526e+0 4.000000e-1
      vertex 2.072130e+1 3.900784e+0 4.000000e-1
    endloop
  endfacet
  facet normal 0.000000e+0 0.000000e+0 -1.000000e+0
    outer loop
      vertex 2.072461e+1 1.934076e+0 4.000000e-1
      vertex 2.072130e+1 3.900784e+0 4.000000e-1
      vertex 2.097155e+1 1.925723e+0 4.000000e-1
    endloop
  endfacet
  facet normal 0.000000e+0 0.000000e+0 -1.000000e+0
    outer loop
      vertex 2.097155e+1 1.925723e+0 4.000000e-1
      vertex 2.072130e+1 3.900784e+0 4.000000e-1
      vertex 2.117398e+1 3.887961e+0 4.000000e-1
    endloop
  endfacet
  facet normal 0.000000e+0 0.000000e+0 -1.000000e+0
    outer loop
      vertex 2.097155e+1 1.925723e+0 4.000000e-1
      vertex 2.117398e+1 3.887961e+0 4.000000e-1
      vertex 2.121395e+1 1.896746e+0 4.000000e-1
    endloop
  endfacet
  facet normal 0.000000e+0 0.000000e+0 -1.000000e+0
    outer loop
      vertex 2.121395e+1 1.896746e+0 4.000000e-1
      vertex 2.117398e+1 3.887961e+0 4.000000e-1
      vertex 2.162423e+1 3.854572e+0 4.000000e-1
    endloop
  endfacet
  facet normal 0.000000e+0 0.000000e+0 -1.000000e+0
    outer loop
      vertex 2.121395e+1 1.896746e+0 4.000000e-1
      vertex 2.162423e+1 3.854572e+0 4.000000e-1
      vertex 2.144807e+1 1.830233e+0 4.000000e-1
    endloop
  endfacet
  facet normal 0.000000e+0 0.000000e+0 -1.000000e+0
    outer loop
      vertex 2.144807e+1 1.830233e+0 4.000000e-1
      vertex 2.162423e+1 3.854572e+0 4.000000e-1
      vertex 2.207029e+1 3.785563e+0 4.000000e-1
    endloop
  endfacet
  facet normal 0.000000e+0 0.000000e+0 -1.000000e+0
    outer loop
      vertex 2.144807e+1 1.830233e+0 4.000000e-1
      vertex 2.207029e+1 3.785563e+0 4.000000e-1
      vertex 2.167657e+1 1.738176e+0 4.000000e-1
    endloop
  endfacet
  facet normal 0.000000e+0 0.000000e+0 -1.000000e+0
    outer loop
      vertex 2.167657e+1 1.738176e+0 4.000000e-1
      vertex 2.207029e+1 3.785563e+0 4.000000e-1
      vertex 2.251370e+1 3.694207e+0 4.000000e-1
    endloop
  endfacet
  facet normal 0.000000e+0 0.000000e+0 -1.000000e+0
    outer loop
      vertex 2.167657e+1 1.738176e+0 4.000000e-1
      vertex 2.251370e+1 3.694207e+0 4.000000e-1
      vertex 2.184736e+1 1.625175e+0 4.000000e-1
    endloop
  endfacet
  facet normal 0.000000e+0 0.000000e+0 -1.000000e+0
    outer loop
      vertex 2.184736e+1 1.625175e+0 4.000000e-1
      vertex 2.251370e+1 3.694207e+0 4.000000e-1
      vertex 2.286783e+1 3.590016e+0 4.000000e-1
    endloop
  endfacet
  facet normal 0.000000e+0 0.000000e+0 -1.000000e+0
    outer loop
      vertex 2.184736e+1 1.625175e+0 4.000000e-1
      vertex 2.286783e+1 3.590016e+0 4.000000e-1
      vertex 2.200800e+1 1.500581e+0 4.000000e-1
    endloop
  endfacet
  facet normal 0.000000e+0 0.000000e+0 -1.000000e+0
    outer loop
      vertex 2.200800e+1 1.500581e+0 4.000000e-1
      vertex 2.286783e+1 3.590016e+0 4.000000e-1
      vertex 2.321378e+1 3.466494e+0 4.000000e-1
    endloop
  endfacet
  facet normal 0.000000e+0 0.000000e+0 -1.000000e+0
    outer loop
      vertex 2.200800e+1 1.500581e+0 4.000000e-1
      vertex 2.321378e+1 3.466494e+0 4.000000e-1
      vertex 2.215204e+1 1.357037e+0 4.000000e-1
    endloop
  endfacet
  facet normal 0.000000e+0 0.000000e+0 -1.000000e+0
    outer loop
      vertex 2.215204e+1 1.357037e+0 4.000000e-1
      vertex 2.321378e+1 3.466494e+0 4.000000e-1
      vertex 2.354531e+1 3.308907e+0 4.000000e-1
    endloop
  endfacet
  facet normal 0.000000e+0 0.000000e+0 -1.000000e+0
    outer loop
      vertex 2.215204e+1 1.357037e+0 4.000000e-1
      vertex 2.354531e+1 3.308907e+0 4.000000e-1
      vertex 2.228631e+1 1.202326e+0 4.000000e-1
    endloop
  endfacet
  facet normal 0.000000e+0 0.000000e+0 -1.000000e+0
    outer loop
      vertex 2.228631e+1 1.202326e+0 4.000000e-1
      vertex 2.354531e+1 3.308907e+0 4.000000e-1
      vertex 2.244011e+1 1.015786e+0 4.000000e-1
    endloop
  endfacet
  facet normal 0.000000e+0 0.000000e+0 -1.000000e+0
    outer loop
      vertex 2.244011e+1 1.015786e+0 4.000000e-1
      vertex 2.354531e+1 3.308907e+0 4.000000e-1
      vertex 2.386757e+1 3.129412e+0 4.000000e-1
    endloop
  endfacet
  facet normal 0.000000e+0 0.000000e+0 -1.000000e+0
    outer loop
      vertex 2.244011e+1 1.015786e+0 4.000000e-1
      vertex 2.386757e+1 3.129412e+0 4.000000e-1
      vertex 2.260022e+1 8.353169e-1 4.000000e-1
    endloop
  endfacet
  facet normal 0.000000e+0 0.000000e+0 -1.000000e+0
    outer loop
      vertex 2.260022e+1 8.353169e-1 4.000000e-1
      vertex 2.386757e+1 3.129412e+0 4.000000e-1
      vertex 2.410664e+1 2.957053e+0 4.000000e-1
    endloop
  endfacet
  facet normal 0.000000e+0 0.000000e+0 -1.000000e+0
    outer loop
      vertex 2.260022e+1 8.353169e-1 4.000000e-1
      vertex 2.410664e+1 2.957053e+0 4.000000e-1
      vertex 2.277175e+1 6.658217e-1 4.000000e-1
    endloop
  endfacet
  facet normal 0.000000e+0 0.000000e+0 -1.000000e+0
    outer loop
      vertex 2.277175e+1 6.658217e-1 4.000000e-1
      vertex 2.410664e+1 2.957053e+0 4.000000e-1
      vertex 2.433070e+1 2.769182e+0 4.000000e-1
    endloop
  endfacet
  facet normal 0.000000e+0 0.000000e+0 -1.000000e+0
    outer loop
      vertex 2.277175e+1 6.658217e-1 4.000000e-1
      vertex 2.433070e+1 2.769182e+0 4.000000e-1
      vertex 2.295094e+1 5.036991e-1 4.000000e-1
    endloop
  endfacet
  facet normal 0.000000e+0 0.000000e+0 -1.000000e+0
    outer loop
      vertex 2.295094e+1 5.036991e-1 4.000000e-1
      vertex 2.433070e+1 2.769182e+0 4.000000e-1
      vertex 2.312488e+1 3.961765e-1 4.000000e-1
    endloop
  endfacet
  facet normal 0.000000e+0 0.000000e+0 -1.000000e+0
    outer loop
      vertex 2.312488e+1 3.961765e-1 4.000000e-1
      vertex 2.433070e+1 2.769182e+0 4.000000e-1
      vertex 2.330744e+1 3.147267e-1 4.000000e-1
    endloop
  endfacet
  facet normal 0.000000e+0 0.000000e+0 -1.000000e+0
    outer loop
      vertex 2.330744e+1 3.147267e-1 4.000000e-1
      vertex 2.433070e+1 2.769182e+0 4.000000e-1
      vertex 2.350378e+1 2.748854e-1 4.000000e-1
    endloop
  endfacet
  facet normal 0.000000e+0 0.000000e+0 -1.000000e+0
    outer loop
      vertex 2.350378e+1 2.748854e-1 4.000000e-1
      vertex 2.433070e+1 2.769182e+0 4.000000e-1
      vertex 2.452861e+1 2.554289e+0 4.000000e-1
    endloop
  endfacet
  facet normal 0.000000e+0 0.000000e+0 -1.000000e+0
    outer loop
      vertex 2.350378e+1 2.748854e-1 4.000000e-1
      vertex 2.452861e+1 2.554289e+0 4.000000e-1
      vertex 2.370808e+1 2.590891e-1 4.000000e-1
    endloop
  endfacet
  facet normal 0.000000e+0 0.000000e+0 -1.000000e+0
    outer loop
      vertex 2.370808e+1 2.590891e-1 4.000000e-1
      vertex 2.452861e+1 2.554289e+0 4.000000e-1
      vertex 2.397013e+1 2.783620e-1 4.000000e-1
    endloop
  endfacet
  facet normal 0.000000e+0 0.000000e+0 -1.000000e+0
    outer loop
      vertex 2.397013e+1 2.783620e-1 4.000000e-1
      vertex 2.452861e+1 2.554289e+0 4.000000e-1
      vertex 2.470998e+1 2.322311e+0 4.000000e-1
    endloop
  endfacet
  facet normal 0.000000e+0 0.000000e+0 -1.000000e+0
    outer loop
      vertex 2.397013e+1 2.783620e-1 4.000000e-1
      vertex 2.470998e+1 2.322311e+0 4.000000e-1
      vertex 2.482938e+1 2.113151e+0 4.000000e-1
    endloop
  endfacet
  facet normal 0.000000e+0 0.000000e+0 -1.000000e+0
    outer loop
      vertex 2.492512e+1 1.896322e+0 4.000000e-1
      vertex 2.444941e+1 4.411246e-1 4.000000e-1
      vertex 2.482938e+1 2.113151e+0 4.000000e-1
    endloop
  endfacet
  facet normal 0.000000e+0 0.000000e+0 -1.000000e+0
    outer loop
      vertex 2.482938e+1 2.113151e+0 4.000000e-1
      vertex 2.444941e+1 4.411246e-1 4.000000e-1
      vertex 2.422030e+1 3.305661e-1 4.000000e-1
    endloop
  endfacet
  facet normal 0.000000e+0 0.000000e+0 -1.000000e+0
    outer loop
      vertex 2.482938e+1 2.113151e+0 4.000000e-1
      vertex 2.422030e+1 3.305661e-1 4.000000e-1
      vertex 2.397013e+1 2.783620e-1 4.000000e-1
    endloop
  endfacet
  facet normal 0.000000e+0 0.000000e+0 -1.000000e+0
    outer loop
      vertex 2.492512e+1 1.896322e+0 4.000000e-1
      vertex 2.497952e+1 1.666093e+0 4.000000e-1
      vertex 2.444941e+1 4.411246e-1 4.000000e-1
    endloop
  endfacet
  facet normal 0.000000e+0 0.000000e+0 -1.000000e+0
    outer loop
      vertex 2.444941e+1 4.411246e-1 4.000000e-1
      vertex 2.497952e+1 1.666093e+0 4.000000e-1
      vertex 2.500767e+1 1.427356e+0 4.000000e-1
    endloop
  endfacet
  facet normal 0.000000e+0 0.000000e+0 -1.000000e+0
    outer loop
      vertex 2.444941e+1 4.411246e-1 4.000000e-1
      vertex 2.500767e+1 1.427356e+0 4.000000e-1
      vertex 2.498319e+1 1.192563e+0 4.000000e-1
    endloop
  endfacet
  facet normal 0.000000e+0 0.000000e+0 -1.000000e+0
    outer loop
      vertex 2.492576e+1 9.714070e-1 4.000000e-1
      vertex 2.481242e+1 7.733936e-1 4.000000e-1
      vertex 2.498319e+1 1.192563e+0 4.000000e-1
    endloop
  endfacet
  facet normal 0.000000e+0 0.000000e+0 -1.000000e+0
    outer loop
      vertex 2.498319e+1 1.192563e+0 4.000000e-1
      vertex 2.481242e+1 7.733936e-1 4.000000e-1
      vertex 2.444941e+1 4.411246e-1 4.000000e-1
    endloop
  endfacet
  facet normal 0.000000e+0 0.000000e+0 -1.000000e+0
    outer loop
      vertex 2.481242e+1 7.733936e-1 4.000000e-1
      vertex 2.466486e+1 5.895385e-1 4.000000e-1
      vertex 2.444941e+1 4.411246e-1 4.000000e-1
    endloop
  endfacet
  facet normal -3.549163e-17 -5.671573e-16 -1.000000e+0
    outer loop
      vertex 2.020799e+1 1.882286e+0 4.000000e-1
      vertex 1.996443e+1 1.799651e+0 4.000000e-1
      vertex 1.694307e+1 1.988722e+0 4.000000e-1
    endloop
  endfacet
  facet normal 0.000000e+0 0.000000e+0 -1.000000e+0
    outer loop
      vertex 1.694307e+1 1.988722e+0 4.000000e-1
      vertex 1.996443e+1 1.799651e+0 4.000000e-1
      vertex 1.972847e+1 1.687792e+0 4.000000e-1
    endloop
  endfacet
  facet normal 3.058403e-17 7.999388e-16 -1.000000e+0
    outer loop
      vertex 1.951659e+1 1.515094e+0 4.000000e-1
      vertex 1.946164e+1 1.447801e+0 4.000000e-1
      vertex 1.678806e+1 1.619414e+0 4.000000e-1
    endloop
  endfacet
  facet normal -6.565958e-17 -6.994515e-16 -1.000000e+0
    outer loop
      vertex 1.678806e+1 1.619414e+0 4.000000e-1
      vertex 1.946164e+1 1.447801e+0 4.000000e-1
      vertex 1.941979e+1 1.372365e+0 4.000000e-1
    endloop
  endfacet
  facet normal 0.000000e+0 0.000000e+0 -1.000000e+0
    outer loop
      vertex 1.678806e+1 1.619414e+0 4.000000e-1
      vertex 1.941979e+1 1.372365e+0 4.000000e-1
      vertex 1.938999e+1 1.289452e+0 4.000000e-1
    endloop
  endfacet
  facet normal 0.000000e+0 0.000000e+0 -1.000000e+0
    outer loop
      vertex 1.937499e+1 9.584863e-1 4.000000e-1
      vertex 1.939496e+1 8.862255e-1 4.000000e-1
      vertex 1.670537e+1 1.227770e+0 4.000000e-1
    endloop
  endfacet
  facet normal 0.000000e+0 0.000000e+0 -1.000000e+0
    outer loop
      vertex 1.951346e+1 6.999987e-1 4.000000e-1
      vertex 1.962594e+1 5.933038e-1 4.000000e-1
      vertex 1.666677e+1 8.225093e-1 4.000000e-1
    endloop
  endfacet
  facet normal 0.000000e+0 0.000000e+0 -1.000000e+0
    outer loop
      vertex 1.666677e+1 8.225093e-1 4.000000e-1
      vertex 1.962594e+1 5.933038e-1 4.000000e-1
      vertex 1.981688e+1 4.764330e-1 4.000000e-1
    endloop
  endfacet
  facet normal 0.000000e+0 0.000000e+0 -1.000000e+0
    outer loop
      vertex 2.022301e+1 2.949197e-1 4.000000e-1
      vertex 2.043672e+1 2.270571e-1 4.000000e-1
      vertex 1.670261e+1 4.071209e-1 4.000000e-1
    endloop
  endfacet
  facet normal 0.000000e+0 0.000000e+0 -1.000000e+0
    outer loop
      vertex 1.670261e+1 4.071209e-1 4.000000e-1
      vertex 2.043672e+1 2.270571e-1 4.000000e-1
      vertex 2.081438e+1 1.225513e-1 4.000000e-1
    endloop
  endfacet
  facet normal -2.200742e-3 9.999976e-1 -2.775551e-16
    outer loop
      vertex 1.233827e+1 -3.866489e-1 4.000000e-1
      vertex 8.196737e+0 -3.957633e-1 4.000000e-1
      vertex 1.233827e+1 -3.866489e-1 6.000000e-1
    endloop
  endfacet
  facet normal -2.200742e-3 9.999976e-1 0.000000e+0
    outer loop
      vertex 1.233827e+1 -3.866489e-1 6.000000e-1
      vertex 8.196737e+0 -3.957633e-1 4.000000e-1
      vertex 8.196737e+0 -3.957633e-1 6.000000e-1
    endloop
  endfacet
  facet normal -8.142300e-1 -5.805425e-1 0.000000e+0
    outer loop
      vertex 1.169949e+1 1.202621e+0 4.000000e-1
      vertex 1.195456e+1 8.448713e-1 4.000000e-1
      vertex 1.169949e+1 1.202621e+0 6.000000e-1
    endloop
  endfacet
  facet normal -8.142300e-1 -5.805425e-1 0.000000e+0
    outer loop
      vertex 1.169949e+1 1.202621e+0 6.000000e-1
      vertex 1.195456e+1 8.448713e-1 4.000000e-1
      vertex 1.195456e+1 8.448713e-1 6.000000e-1
    endloop
  endfacet
  facet normal -8.846925e-1 -4.661750e-1 0.000000e+0
    outer loop
      vertex 1.195456e+1 8.448713e-1 6.000000e-1
      vertex 1.195456e+1 8.448713e-1 4.000000e-1
      vertex 1.215501e+1 4.644616e-1 4.000000e-1
    endloop
  endfacet
  facet normal -8.846925e-1 -4.661750e-1 0.000000e+0
    outer loop
      vertex 1.195456e+1 8.448713e-1 6.000000e-1
      vertex 1.215501e+1 4.644616e-1 4.000000e-1
      vertex 1.215501e+1 4.644616e-1 6.000000e-1
    endloop
  endfacet
  facet normal -9.633870e-1 -2.681149e-1 0.000000e+0
    outer loop
      vertex 1.215501e+1 4.644616e-1 6.000000e-1
      vertex 1.215501e+1 4.644616e-1 4.000000e-1
      vertex 1.227067e+1 4.887597e-2 4.000000e-1
    endloop
  endfacet
  facet normal -9.633870e-1 -2.681149e-1 0.000000e+0
    outer loop
      vertex 1.215501e+1 4.644616e-1 6.000000e-1
      vertex 1.227067e+1 4.887597e-2 4.000000e-1
      vertex 1.227067e+1 4.887597e-2 6.000000e-1
    endloop
  endfacet
  facet normal -9.881690e-1 -1.533687e-1 0.000000e+0
    outer loop
      vertex 1.227067e+1 4.887597e-2 6.000000e-1
      vertex 1.227067e+1 4.887597e-2 4.000000e-1
      vertex 1.233827e+1 -3.866489e-1 4.000000e-1
    endloop
  endfacet
  facet normal -9.881690e-1 -1.533687e-1 7.871882e-17
    outer loop
      vertex 1.227067e+1 4.887597e-2 6.000000e-1
      vertex 1.233827e+1 -3.866489e-1 4.000000e-1
      vertex 1.233827e+1 -3.866489e-1 6.000000e-1
    endloop
  endfacet
  facet normal -9.568946e-2 -9.954112e-1 0.000000e+0
    outer loop
      vertex 1.025347e+1 1.780540e+0 4.000000e-1
      vertex 1.065803e+1 1.741650e+0 4.000000e-1
      vertex 1.025347e+1 1.780540e+0 6.000000e-1
    endloop
  endfacet
  facet normal -9.568946e-2 -9.954112e-1 0.000000e+0
    outer loop
      vertex 1.025347e+1 1.780540e+0 6.000000e-1
      vertex 1.065803e+1 1.741650e+0 4.000000e-1
      vertex 1.065803e+1 1.741650e+0 6.000000e-1
    endloop
  endfacet
  facet normal -2.420136e-1 -9.702728e-1 0.000000e+0
    outer loop
      vertex 1.065803e+1 1.741650e+0 6.000000e-1
      vertex 1.065803e+1 1.741650e+0 4.000000e-1
      vertex 1.103963e+1 1.646466e+0 4.000000e-1
    endloop
  endfacet
  facet normal -2.420136e-1 -9.702728e-1 0.000000e+0
    outer loop
      vertex 1.065803e+1 1.741650e+0 6.000000e-1
      vertex 1.103963e+1 1.646466e+0 4.000000e-1
      vertex 1.103963e+1 1.646466e+0 6.000000e-1
    endloop
  endfacet
  facet normal -4.891557e-1 -8.721964e-1 0.000000e+0
    outer loop
      vertex 1.103963e+1 1.646466e+0 6.000000e-1
      vertex 1.103963e+1 1.646466e+0 4.000000e-1
      vertex 1.138180e+1 1.454567e+0 4.000000e-1
    endloop
  endfacet
  facet normal -4.891557e-1 -8.721964e-1 0.000000e+0
    outer loop
      vertex 1.103963e+1 1.646466e+0 6.000000e-1
      vertex 1.138180e+1 1.454567e+0 4.000000e-1
      vertex 1.138180e+1 1.454567e+0 6.000000e-1
    endloop
  endfacet
  facet normal -6.213782e-1 -7.835107e-1 0.000000e+0
    outer loop
      vertex 1.138180e+1 1.454567e+0 6.000000e-1
      vertex 1.138180e+1 1.454567e+0 4.000000e-1
      vertex 1.169949e+1 1.202621e+0 4.000000e-1
    endloop
  endfacet
  facet normal -6.213782e-1 -7.835107e-1 0.000000e+0
    outer loop
      vertex 1.138180e+1 1.454567e+0 6.000000e-1
      vertex 1.169949e+1 1.202621e+0 4.000000e-1
      vertex 1.169949e+1 1.202621e+0 6.000000e-1
    endloop
  endfacet
  facet normal 6.395462e-1 -7.687526e-1 0.000000e+0
    outer loop
      vertex 8.860643e+0 1.188362e+0 4.000000e-1
      vertex 9.164088e+0 1.440807e+0 4.000000e-1
      vertex 8.860643e+0 1.188362e+0 6.000000e-1
    endloop
  endfacet
  facet normal 6.395462e-1 -7.687526e-1 0.000000e+0
    outer loop
      vertex 8.860643e+0 1.188362e+0 6.000000e-1
      vertex 9.164088e+0 1.440807e+0 4.000000e-1
      vertex 9.164088e+0 1.440807e+0 6.000000e-1
    endloop
  endfacet
  facet normal 5.107195e-1 -8.597474e-1 0.000000e+0
    outer loop
      vertex 9.164088e+0 1.440807e+0 6.000000e-1
      vertex 9.164088e+0 1.440807e+0 4.000000e-1
      vertex 9.492202e+0 1.635717e+0 4.000000e-1
    endloop
  endfacet
  facet normal 5.107195e-1 -8.597474e-1 0.000000e+0
    outer loop
      vertex 9.164088e+0 1.440807e+0 6.000000e-1
      vertex 9.492202e+0 1.635717e+0 4.000000e-1
      vertex 9.492202e+0 1.635717e+0 6.000000e-1
    endloop
  endfacet
  facet normal 2.627448e-1 -9.648654e-1 0.000000e+0
    outer loop
      vertex 9.492202e+0 1.635717e+0 6.000000e-1
      vertex 9.492202e+0 1.635717e+0 4.000000e-1
      vertex 9.860843e+0 1.736103e+0 4.000000e-1
    endloop
  endfacet
  facet normal 2.627448e-1 -9.648654e-1 0.000000e+0
    outer loop
      vertex 9.492202e+0 1.635717e+0 6.000000e-1
      vertex 9.860843e+0 1.736103e+0 4.000000e-1
      vertex 9.860843e+0 1.736103e+0 6.000000e-1
    endloop
  endfacet
  facet normal 1.124605e-1 -9.936562e-1 0.000000e+0
    outer loop
      vertex 9.860843e+0 1.736103e+0 6.000000e-1
      vertex 9.860843e+0 1.736103e+0 4.000000e-1
      vertex 1.025347e+1 1.780540e+0 4.000000e-1
    endloop
  endfacet
  facet normal 1.124605e-1 -9.936562e-1 0.000000e+0
    outer loop
      vertex 9.860843e+0 1.736103e+0 6.000000e-1
      vertex 1.025347e+1 1.780540e+0 4.000000e-1
      vertex 1.025347e+1 1.780540e+0 6.000000e-1
    endloop
  endfacet
  facet normal 9.834589e-1 -1.811314e-1 0.000000e+0
    outer loop
      vertex 8.196737e+0 -3.957633e-1 4.000000e-1
      vertex 8.276508e+0 3.735615e-2 4.000000e-1
      vertex 8.196737e+0 -3.957633e-1 6.000000e-1
    endloop
  endfacet
  facet normal 9.834589e-1 -1.811314e-1 0.000000e+0
    outer loop
      vertex 8.196737e+0 -3.957633e-1 6.000000e-1
      vertex 8.276508e+0 3.735615e-2 4.000000e-1
      vertex 8.276508e+0 3.735615e-2 6.000000e-1
    endloop
  endfacet
  facet normal 9.572996e-1 -2.890974e-1 0.000000e+0
    outer loop
      vertex 8.276508e+0 3.735615e-2 6.000000e-1
      vertex 8.276508e+0 3.735615e-2 4.000000e-1
      vertex 8.401440e+0 4.510463e-1 4.000000e-1
    endloop
  endfacet
  facet normal 9.572996e-1 -2.890974e-1 0.000000e+0
    outer loop
      vertex 8.276508e+0 3.735615e-2 6.000000e-1
      vertex 8.401440e+0 4.510463e-1 4.000000e-1
      vertex 8.401440e+0 4.510463e-1 6.000000e-1
    endloop
  endfacet
  facet normal 8.806154e-1 -4.738318e-1 0.000000e+0
    outer loop
      vertex 8.401440e+0 4.510463e-1 6.000000e-1
      vertex 8.401440e+0 4.510463e-1 4.000000e-1
      vertex 8.605675e+0 8.306177e-1 4.000000e-1
    endloop
  endfacet
  facet normal 8.806154e-1 -4.738318e-1 0.000000e+0
    outer loop
      vertex 8.401440e+0 4.510463e-1 6.000000e-1
      vertex 8.605675e+0 8.306177e-1 4.000000e-1
      vertex 8.605675e+0 8.306177e-1 6.000000e-1
    endloop
  endfacet
  facet normal 8.143398e-1 -5.803883e-1 0.000000e+0
    outer loop
      vertex 8.605675e+0 8.306177e-1 6.000000e-1
      vertex 8.605675e+0 8.306177e-1 4.000000e-1
      vertex 8.860643e+0 1.188362e+0 4.000000e-1
    endloop
  endfacet
  facet normal 8.143398e-1 -5.803883e-1 0.000000e+0
    outer loop
      vertex 8.605675e+0 8.306177e-1 6.000000e-1
      vertex 8.860643e+0 1.188362e+0 4.000000e-1
      vertex 8.860643e+0 1.188362e+0 6.000000e-1
    endloop
  endfacet
  facet normal 2.200742e-3 -9.999976e-1 0.000000e+0
    outer loop
      vertex 8.199656e+0 -2.185374e+0 4.000000e-1
      vertex 1.288500e+1 -2.175063e+0 4.000000e-1
      vertex 8.199656e+0 -2.185374e+0 6.000000e-1
    endloop
  endfacet
  facet normal 2.200742e-3 -9.999976e-1 0.000000e+0
    outer loop
      vertex 8.199656e+0 -2.185374e+0 6.000000e-1
      vertex 1.288500e+1 -2.175063e+0 4.000000e-1
      vertex 1.288500e+1 -2.175063e+0 6.000000e-1
    endloop
  endfacet
  facet normal 9.152627e-1 4.028575e-1 0.000000e+0
    outer loop
      vertex 8.521390e+0 -3.417068e+0 4.000000e-1
      vertex 8.391477e+0 -3.121915e+0 4.000000e-1
      vertex 8.521390e+0 -3.417068e+0 6.000000e-1
    endloop
  endfacet
  facet normal 9.152627e-1 4.028575e-1 0.000000e+0
    outer loop
      vertex 8.521390e+0 -3.417068e+0 6.000000e-1
      vertex 8.391477e+0 -3.121915e+0 4.000000e-1
      vertex 8.391477e+0 -3.121915e+0 6.000000e-1
    endloop
  endfacet
  facet normal 9.460862e-1 3.239149e-1 0.000000e+0
    outer loop
      vertex 8.391477e+0 -3.121915e+0 6.000000e-1
      vertex 8.391477e+0 -3.121915e+0 4.000000e-1
      vertex 8.288081e+0 -2.819918e+0 4.000000e-1
    endloop
  endfacet
  facet normal 9.460862e-1 3.239149e-1 0.000000e+0
    outer loop
      vertex 8.391477e+0 -3.121915e+0 6.000000e-1
      vertex 8.288081e+0 -2.819918e+0 4.000000e-1
      vertex 8.288081e+0 -2.819918e+0 6.000000e-1
    endloop
  endfacet
  facet normal 9.832506e-1 1.822587e-1 0.000000e+0
    outer loop
      vertex 8.288081e+0 -2.819918e+0 6.000000e-1
      vertex 8.288081e+0 -2.819918e+0 4.000000e-1
      vertex 8.229938e+0 -2.506242e+0 4.000000e-1
    endloop
  endfacet
  facet normal 9.832506e-1 1.822587e-1 0.000000e+0
    outer loop
      vertex 8.288081e+0 -2.819918e+0 6.000000e-1
      vertex 8.229938e+0 -2.506242e+0 4.000000e-1
      vertex 8.229938e+0 -2.506242e+0 6.000000e-1
    endloop
  endfacet
  facet normal 9.955762e-1 9.395728e-2 0.000000e+0
    outer loop
      vertex 8.229938e+0 -2.506242e+0 6.000000e-1
      vertex 8.229938e+0 -2.506242e+0 4.000000e-1
      vertex 8.199656e+0 -2.185374e+0 4.000000e-1
    endloop
  endfacet
  facet normal 9.955762e-1 9.395728e-2 0.000000e+0
    outer loop
      vertex 8.229938e+0 -2.506242e+0 6.000000e-1
      vertex 8.199656e+0 -2.185374e+0 4.000000e-1
      vertex 8.199656e+0 -2.185374e+0 6.000000e-1
    endloop
  endfacet
  facet normal 5.986848e-1 8.009847e-1 0.000000e+0
    outer loop
      vertex 9.338238e+0 -4.324935e+0 4.000000e-1
      vertex 9.089193e+0 -4.138791e+0 4.000000e-1
      vertex 9.338238e+0 -4.324935e+0 6.000000e-1
    endloop
  endfacet
  facet normal 5.986848e-1 8.009847e-1 0.000000e+0
    outer loop
      vertex 9.338238e+0 -4.324935e+0 6.000000e-1
      vertex 9.089193e+0 -4.138791e+0 4.000000e-1
      vertex 9.089193e+0 -4.138791e+0 6.000000e-1
    endloop
  endfacet
  facet normal 6.827069e-1 7.306924e-1 0.000000e+0
    outer loop
      vertex 9.089193e+0 -4.138791e+0 6.000000e-1
      vertex 9.089193e+0 -4.138791e+0 4.000000e-1
      vertex 8.865378e+0 -3.929674e+0 4.000000e-1
    endloop
  endfacet
  facet normal 6.827069e-1 7.306924e-1 0.000000e+0
    outer loop
      vertex 9.089193e+0 -4.138791e+0 6.000000e-1
      vertex 8.865378e+0 -3.929674e+0 4.000000e-1
      vertex 8.865378e+0 -3.929674e+0 6.000000e-1
    endloop
  endfacet
  facet normal 8.010891e-1 5.985451e-1 0.000000e+0
    outer loop
      vertex 8.865378e+0 -3.929674e+0 6.000000e-1
      vertex 8.865378e+0 -3.929674e+0 4.000000e-1
      vertex 8.681775e+0 -3.683941e+0 4.000000e-1
    endloop
  endfacet
  facet normal 8.010891e-1 5.985451e-1 0.000000e+0
    outer loop
      vertex 8.865378e+0 -3.929674e+0 6.000000e-1
      vertex 8.681775e+0 -3.683941e+0 4.000000e-1
      vertex 8.681775e+0 -3.683941e+0 6.000000e-1
    endloop
  endfacet
  facet normal 8.571221e-1 5.151132e-1 0.000000e+0
    outer loop
      vertex 8.681775e+0 -3.683941e+0 6.000000e-1
      vertex 8.681775e+0 -3.683941e+0 4.000000e-1
      vertex 8.521390e+0 -3.417068e+0 4.000000e-1
    endloop
  endfacet
  facet normal 8.571221e-1 5.151132e-1 0.000000e+0
    outer loop
      vertex 8.681775e+0 -3.683941e+0 6.000000e-1
      vertex 8.521390e+0 -3.417068e+0 4.000000e-1
      vertex 8.521390e+0 -3.417068e+0 6.000000e-1
    endloop
  endfacet
  facet normal 7.283473e-2 9.973440e-1 0.000000e+0
    outer loop
      vertex 1.045951e+1 -4.622485e+0 4.000000e-1
      vertex 1.016505e+1 -4.600981e+0 4.000000e-1
      vertex 1.045951e+1 -4.622485e+0 6.000000e-1
    endloop
  endfacet
  facet normal 7.283473e-2 9.973440e-1 0.000000e+0
    outer loop
      vertex 1.045951e+1 -4.622485e+0 6.000000e-1
      vertex 1.016505e+1 -4.600981e+0 4.000000e-1
      vertex 1.016505e+1 -4.600981e+0 6.000000e-1
    endloop
  endfacet
  facet normal 1.719068e-1 9.851132e-1 0.000000e+0
    outer loop
      vertex 1.016505e+1 -4.600981e+0 6.000000e-1
      vertex 1.016505e+1 -4.600981e+0 4.000000e-1
      vertex 9.878222e+0 -4.550928e+0 4.000000e-1
    endloop
  endfacet
  facet normal 1.719068e-1 9.851132e-1 0.000000e+0
    outer loop
      vertex 1.016505e+1 -4.600981e+0 6.000000e-1
      vertex 9.878222e+0 -4.550928e+0 4.000000e-1
      vertex 9.878222e+0 -4.550928e+0 6.000000e-1
    endloop
  endfacet
  facet normal 3.377860e-1 9.412229e-1 0.000000e+0
    outer loop
      vertex 9.878222e+0 -4.550928e+0 6.000000e-1
      vertex 9.878222e+0 -4.550928e+0 4.000000e-1
      vertex 9.604300e+0 -4.452623e+0 4.000000e-1
    endloop
  endfacet
  facet normal 3.377860e-1 9.412229e-1 0.000000e+0
    outer loop
      vertex 9.878222e+0 -4.550928e+0 6.000000e-1
      vertex 9.604300e+0 -4.452623e+0 4.000000e-1
      vertex 9.604300e+0 -4.452623e+0 6.000000e-1
    endloop
  endfacet
  facet normal 4.326689e-1 9.015529e-1 0.000000e+0
    outer loop
      vertex 9.604300e+0 -4.452623e+0 6.000000e-1
      vertex 9.604300e+0 -4.452623e+0 4.000000e-1
      vertex 9.338238e+0 -4.324935e+0 4.000000e-1
    endloop
  endfacet
  facet normal 4.326689e-1 9.015529e-1 0.000000e+0
    outer loop
      vertex 9.604300e+0 -4.452623e+0 6.000000e-1
      vertex 9.338238e+0 -4.324935e+0 4.000000e-1
      vertex 9.338238e+0 -4.324935e+0 6.000000e-1
    endloop
  endfacet
  facet normal -2.230210e-1 9.748136e-1 0.000000e+0
    outer loop
      vertex 1.122806e+1 -4.523142e+0 4.000000e-1
      vertex 1.103838e+1 -4.566537e+0 4.000000e-1
      vertex 1.122806e+1 -4.523142e+0 6.000000e-1
    endloop
  endfacet
  facet normal -2.230210e-1 9.748136e-1 0.000000e+0
    outer loop
      vertex 1.122806e+1 -4.523142e+0 6.000000e-1
      vertex 1.103838e+1 -4.566537e+0 4.000000e-1
      vertex 1.103838e+1 -4.566537e+0 6.000000e-1
    endloop
  endfacet
  facet normal -1.698024e-1 9.854781e-1 0.000000e+0
    outer loop
      vertex 1.103838e+1 -4.566537e+0 6.000000e-1
      vertex 1.103838e+1 -4.566537e+0 4.000000e-1
      vertex 1.084731e+1 -4.599458e+0 4.000000e-1
    endloop
  endfacet
  facet normal -1.698024e-1 9.854781e-1 0.000000e+0
    outer loop
      vertex 1.103838e+1 -4.566537e+0 6.000000e-1
      vertex 1.084731e+1 -4.599458e+0 4.000000e-1
      vertex 1.084731e+1 -4.599458e+0 6.000000e-1
    endloop
  endfacet
  facet normal -8.402872e-2 9.964634e-1 0.000000e+0
    outer loop
      vertex 1.084731e+1 -4.599458e+0 6.000000e-1
      vertex 1.084731e+1 -4.599458e+0 4.000000e-1
      vertex 1.065405e+1 -4.615756e+0 4.000000e-1
    endloop
  endfacet
  facet normal -8.402872e-2 9.964634e-1 0.000000e+0
    outer loop
      vertex 1.084731e+1 -4.599458e+0 6.000000e-1
      vertex 1.065405e+1 -4.615756e+0 4.000000e-1
      vertex 1.065405e+1 -4.615756e+0 6.000000e-1
    endloop
  endfacet
  facet normal -3.457229e-2 9.994022e-1 0.000000e+0
    outer loop
      vertex 1.065405e+1 -4.615756e+0 6.000000e-1
      vertex 1.065405e+1 -4.615756e+0 4.000000e-1
      vertex 1.045951e+1 -4.622485e+0 4.000000e-1
    endloop
  endfacet
  facet normal -3.457229e-2 9.994022e-1 0.000000e+0
    outer loop
      vertex 1.065405e+1 -4.615756e+0 6.000000e-1
      vertex 1.045951e+1 -4.622485e+0 4.000000e-1
      vertex 1.045951e+1 -4.622485e+0 6.000000e-1
    endloop
  endfacet
  facet normal -5.099385e-1 8.602109e-1 0.000000e+0
    outer loop
      vertex 1.189172e+1 -4.215984e+0 4.000000e-1
      vertex 1.173361e+1 -4.309710e+0 4.000000e-1
      vertex 1.189172e+1 -4.215984e+0 6.000000e-1
    endloop
  endfacet
  facet normal -5.099385e-1 8.602109e-1 0.000000e+0
    outer loop
      vertex 1.189172e+1 -4.215984e+0 6.000000e-1
      vertex 1.173361e+1 -4.309710e+0 4.000000e-1
      vertex 1.173361e+1 -4.309710e+0 6.000000e-1
    endloop
  endfacet
  facet normal -4.622482e-1 8.867506e-1 0.000000e+0
    outer loop
      vertex 1.173361e+1 -4.309710e+0 6.000000e-1
      vertex 1.173361e+1 -4.309710e+0 4.000000e-1
      vertex 1.157130e+1 -4.394319e+0 4.000000e-1
    endloop
  endfacet
  facet normal -4.622482e-1 8.867506e-1 0.000000e+0
    outer loop
      vertex 1.173361e+1 -4.309710e+0 6.000000e-1
      vertex 1.157130e+1 -4.394319e+0 4.000000e-1
      vertex 1.157130e+1 -4.394319e+0 6.000000e-1
    endloop
  endfacet
  facet normal -3.778100e-1 9.258831e-1 0.000000e+0
    outer loop
      vertex 1.157130e+1 -4.394319e+0 6.000000e-1
      vertex 1.157130e+1 -4.394319e+0 4.000000e-1
      vertex 1.140186e+1 -4.463460e+0 4.000000e-1
    endloop
  endfacet
  facet normal -3.778100e-1 9.258831e-1 0.000000e+0
    outer loop
      vertex 1.157130e+1 -4.394319e+0 6.000000e-1
      vertex 1.140186e+1 -4.463460e+0 4.000000e-1
      vertex 1.140186e+1 -4.463460e+0 6.000000e-1
    endloop
  endfacet
  facet normal -3.247727e-1 9.457921e-1 0.000000e+0
    outer loop
      vertex 1.140186e+1 -4.463460e+0 6.000000e-1
      vertex 1.140186e+1 -4.463460e+0 4.000000e-1
      vertex 1.122806e+1 -4.523142e+0 4.000000e-1
    endloop
  endfacet
  facet normal -3.247727e-1 9.457921e-1 0.000000e+0
    outer loop
      vertex 1.140186e+1 -4.463460e+0 6.000000e-1
      vertex 1.122806e+1 -4.523142e+0 4.000000e-1
      vertex 1.122806e+1 -4.523142e+0 6.000000e-1
    endloop
  endfacet
  facet normal -6.464660e-1 7.629429e-1 0.000000e+0
    outer loop
      vertex 1.252876e+1 -3.728728e+0 4.000000e-1
      vertex 1.237559e+1 -3.858516e+0 4.000000e-1
      vertex 1.252876e+1 -3.728728e+0 6.000000e-1
    endloop
  endfacet
  facet normal -6.464660e-1 7.629429e-1 0.000000e+0
    outer loop
      vertex 1.252876e+1 -3.728728e+0 6.000000e-1
      vertex 1.237559e+1 -3.858516e+0 4.000000e-1
      vertex 1.237559e+1 -3.858516e+0 6.000000e-1
    endloop
  endfacet
  facet normal -6.257910e-1 7.799908e-1 0.000000e+0
    outer loop
      vertex 1.237559e+1 -3.858516e+0 6.000000e-1
      vertex 1.237559e+1 -3.858516e+0 4.000000e-1
      vertex 1.221915e+1 -3.984028e+0 4.000000e-1
    endloop
  endfacet
  facet normal -6.257910e-1 7.799908e-1 0.000000e+0
    outer loop
      vertex 1.237559e+1 -3.858516e+0 6.000000e-1
      vertex 1.221915e+1 -3.984028e+0 4.000000e-1
      vertex 1.221915e+1 -3.984028e+0 6.000000e-1
    endloop
  endfacet
  facet normal -5.894682e-1 8.077916e-1 0.000000e+0
    outer loop
      vertex 1.221915e+1 -3.984028e+0 6.000000e-1
      vertex 1.221915e+1 -3.984028e+0 4.000000e-1
      vertex 1.205714e+1 -4.102248e+0 4.000000e-1
    endloop
  endfacet
  facet normal -5.894682e-1 8.077916e-1 0.000000e+0
    outer loop
      vertex 1.221915e+1 -3.984028e+0 6.000000e-1
      vertex 1.205714e+1 -4.102248e+0 4.000000e-1
      vertex 1.205714e+1 -4.102248e+0 6.000000e-1
    endloop
  endfacet
  facet normal -5.665392e-1 8.240348e-1 0.000000e+0
    outer loop
      vertex 1.205714e+1 -4.102248e+0 6.000000e-1
      vertex 1.205714e+1 -4.102248e+0 4.000000e-1
      vertex 1.189172e+1 -4.215984e+0 4.000000e-1
    endloop
  endfacet
  facet normal -5.665392e-1 8.240348e-1 0.000000e+0
    outer loop
      vertex 1.205714e+1 -4.102248e+0 6.000000e-1
      vertex 1.189172e+1 -4.215984e+0 4.000000e-1
      vertex 1.189172e+1 -4.215984e+0 6.000000e-1
    endloop
  endfacet
  facet normal -6.857582e-1 7.278295e-1 0.000000e+0
    outer loop
      vertex 1.327082e+1 -3.046012e+0 4.000000e-1
      vertex 1.308733e+1 -3.218896e+0 4.000000e-1
      vertex 1.327082e+1 -3.046012e+0 6.000000e-1
    endloop
  endfacet
  facet normal -6.857582e-1 7.278295e-1 0.000000e+0
    outer loop
      vertex 1.327082e+1 -3.046012e+0 6.000000e-1
      vertex 1.308733e+1 -3.218896e+0 4.000000e-1
      vertex 1.308733e+1 -3.218896e+0 6.000000e-1
    endloop
  endfacet
  facet normal -6.812878e-1 7.320156e-1 0.000000e+0
    outer loop
      vertex 1.308733e+1 -3.218896e+0 6.000000e-1
      vertex 1.308733e+1 -3.218896e+0 4.000000e-1
      vertex 1.290280e+1 -3.390642e+0 4.000000e-1
    endloop
  endfacet
  facet normal -6.812878e-1 7.320156e-1 0.000000e+0
    outer loop
      vertex 1.308733e+1 -3.218896e+0 6.000000e-1
      vertex 1.290280e+1 -3.390642e+0 4.000000e-1
      vertex 1.290280e+1 -3.390642e+0 6.000000e-1
    endloop
  endfacet
  facet normal -6.732283e-1 7.394347e-1 0.000000e+0
    outer loop
      vertex 1.290280e+1 -3.390642e+0 6.000000e-1
      vertex 1.290280e+1 -3.390642e+0 4.000000e-1
      vertex 1.271640e+1 -3.560355e+0 4.000000e-1
    endloop
  endfacet
  facet normal -6.732283e-1 7.394347e-1 0.000000e+0
    outer loop
      vertex 1.290280e+1 -3.390642e+0 6.000000e-1
      vertex 1.271640e+1 -3.560355e+0 4.000000e-1
      vertex 1.271640e+1 -3.560355e+0 6.000000e-1
    endloop
  endfacet
  facet normal -6.678749e-1 7.442735e-1 0.000000e+0
    outer loop
      vertex 1.271640e+1 -3.560355e+0 6.000000e-1
      vertex 1.271640e+1 -3.560355e+0 4.000000e-1
      vertex 1.252876e+1 -3.728728e+0 4.000000e-1
    endloop
  endfacet
  facet normal -6.678749e-1 7.442735e-1 0.000000e+0
    outer loop
      vertex 1.271640e+1 -3.560355e+0 6.000000e-1
      vertex 1.252876e+1 -3.728728e+0 4.000000e-1
      vertex 1.252876e+1 -3.728728e+0 6.000000e-1
    endloop
  endfacet
  facet normal -6.535195e-2 9.978623e-1 0.000000e+0
    outer loop
      vertex 1.393753e+1 -2.835989e+0 4.000000e-1
      vertex 1.375740e+1 -2.847787e+0 4.000000e-1
      vertex 1.393753e+1 -2.835989e+0 6.000000e-1
    endloop
  endfacet
  facet normal -6.535195e-2 9.978623e-1 0.000000e+0
    outer loop
      vertex 1.393753e+1 -2.835989e+0 6.000000e-1
      vertex 1.375740e+1 -2.847787e+0 4.000000e-1
      vertex 1.375740e+1 -2.847787e+0 6.000000e-1
    endloop
  endfacet
  facet normal -1.864452e-1 9.824654e-1 0.000000e+0
    outer loop
      vertex 1.375740e+1 -2.847787e+0 6.000000e-1
      vertex 1.375740e+1 -2.847787e+0 4.000000e-1
      vertex 1.358423e+1 -2.880650e+0 4.000000e-1
    endloop
  endfacet
  facet normal -1.864452e-1 9.824654e-1 0.000000e+0
    outer loop
      vertex 1.375740e+1 -2.847787e+0 6.000000e-1
      vertex 1.358423e+1 -2.880650e+0 4.000000e-1
      vertex 1.358423e+1 -2.880650e+0 6.000000e-1
    endloop
  endfacet
  facet normal -4.011217e-1 9.160248e-1 0.000000e+0
    outer loop
      vertex 1.358423e+1 -2.880650e+0 6.000000e-1
      vertex 1.358423e+1 -2.880650e+0 4.000000e-1
      vertex 1.342346e+1 -2.951047e+0 4.000000e-1
    endloop
  endfacet
  facet normal -4.011217e-1 9.160248e-1 0.000000e+0
    outer loop
      vertex 1.358423e+1 -2.880650e+0 6.000000e-1
      vertex 1.342346e+1 -2.951047e+0 4.000000e-1
      vertex 1.342346e+1 -2.951047e+0 6.000000e-1
    endloop
  endfacet
  facet normal -5.282565e-1 8.490849e-1 0.000000e+0
    outer loop
      vertex 1.342346e+1 -2.951047e+0 6.000000e-1
      vertex 1.342346e+1 -2.951047e+0 4.000000e-1
      vertex 1.327082e+1 -3.046012e+0 4.000000e-1
    endloop
  endfacet
  facet normal -5.282565e-1 8.490849e-1 0.000000e+0
    outer loop
      vertex 1.342346e+1 -2.951047e+0 6.000000e-1
      vertex 1.327082e+1 -3.046012e+0 4.000000e-1
      vertex 1.327082e+1 -3.046012e+0 6.000000e-1
    endloop
  endfacet
  facet normal 5.578498e-1 8.299419e-1 0.000000e+0
    outer loop
      vertex 1.469362e+1 -3.099171e+0 4.000000e-1
      vertex 1.452219e+1 -2.983942e+0 4.000000e-1
      vertex 1.469362e+1 -3.099171e+0 6.000000e-1
    endloop
  endfacet
  facet normal 5.578498e-1 8.299419e-1 0.000000e+0
    outer loop
      vertex 1.469362e+1 -3.099171e+0 6.000000e-1
      vertex 1.452219e+1 -2.983942e+0 4.000000e-1
      vertex 1.452219e+1 -2.983942e+0 6.000000e-1
    endloop
  endfacet
  facet normal 4.347419e-1 9.005551e-1 0.000000e+0
    outer loop
      vertex 1.452219e+1 -2.983942e+0 6.000000e-1
      vertex 1.452219e+1 -2.983942e+0 4.000000e-1
      vertex 1.434090e+1 -2.896424e+0 4.000000e-1
    endloop
  endfacet
  facet normal 4.347419e-1 9.005551e-1 0.000000e+0
    outer loop
      vertex 1.452219e+1 -2.983942e+0 6.000000e-1
      vertex 1.434090e+1 -2.896424e+0 4.000000e-1
      vertex 1.434090e+1 -2.896424e+0 6.000000e-1
    endloop
  endfacet
  facet normal 2.136102e-1 9.769190e-1 0.000000e+0
    outer loop
      vertex 1.434090e+1 -2.896424e+0 6.000000e-1
      vertex 1.434090e+1 -2.896424e+0 4.000000e-1
      vertex 1.414380e+1 -2.853327e+0 4.000000e-1
    endloop
  endfacet
  facet normal 2.136102e-1 9.769190e-1 0.000000e+0
    outer loop
      vertex 1.434090e+1 -2.896424e+0 6.000000e-1
      vertex 1.414380e+1 -2.853327e+0 4.000000e-1
      vertex 1.414380e+1 -2.853327e+0 6.000000e-1
    endloop
  endfacet
  facet normal 8.376019e-2 9.964859e-1 0.000000e+0
    outer loop
      vertex 1.414380e+1 -2.853327e+0 6.000000e-1
      vertex 1.414380e+1 -2.853327e+0 4.000000e-1
      vertex 1.393753e+1 -2.835989e+0 4.000000e-1
    endloop
  endfacet
  facet normal 8.376019e-2 9.964859e-1 0.000000e+0
    outer loop
      vertex 1.414380e+1 -2.853327e+0 6.000000e-1
      vertex 1.393753e+1 -2.835989e+0 4.000000e-1
      vertex 1.393753e+1 -2.835989e+0 6.000000e-1
    endloop
  endfacet
  facet normal 9.951998e-1 9.786409e-2 0.000000e+0
    outer loop
      vertex 1.499443e+1 -3.824739e+0 4.000000e-1
      vertex 1.497429e+1 -3.619923e+0 4.000000e-1
      vertex 1.499443e+1 -3.824739e+0 6.000000e-1
    endloop
  endfacet
  facet normal 9.951998e-1 9.786409e-2 0.000000e+0
    outer loop
      vertex 1.499443e+1 -3.824739e+0 6.000000e-1
      vertex 1.497429e+1 -3.619923e+0 4.000000e-1
      vertex 1.497429e+1 -3.619923e+0 6.000000e-1
    endloop
  endfacet
  facet normal 9.686791e-1 2.483159e-1 0.000000e+0
    outer loop
      vertex 1.497429e+1 -3.619923e+0 6.000000e-1
      vertex 1.497429e+1 -3.619923e+0 4.000000e-1
      vertex 1.492497e+1 -3.427520e+0 4.000000e-1
    endloop
  endfacet
  facet normal 9.686791e-1 2.483159e-1 0.000000e+0
    outer loop
      vertex 1.497429e+1 -3.619923e+0 6.000000e-1
      vertex 1.492497e+1 -3.427520e+0 4.000000e-1
      vertex 1.492497e+1 -3.427520e+0 6.000000e-1
    endloop
  endfacet
  facet normal 8.634714e-1 5.043979e-1 0.000000e+0
    outer loop
      vertex 1.492497e+1 -3.427520e+0 6.000000e-1
      vertex 1.492497e+1 -3.427520e+0 4.000000e-1
      vertex 1.482513e+1 -3.256608e+0 4.000000e-1
    endloop
  endfacet
  facet normal 8.634714e-1 5.043979e-1 0.000000e+0
    outer loop
      vertex 1.492497e+1 -3.427520e+0 6.000000e-1
      vertex 1.482513e+1 -3.256608e+0 4.000000e-1
      vertex 1.482513e+1 -3.256608e+0 6.000000e-1
    endloop
  endfacet
  facet normal 7.674674e-1 6.410879e-1 0.000000e+0
    outer loop
      vertex 1.482513e+1 -3.256608e+0 6.000000e-1
      vertex 1.482513e+1 -3.256608e+0 4.000000e-1
      vertex 1.469362e+1 -3.099171e+0 4.000000e-1
    endloop
  endfacet
  facet normal 7.674674e-1 6.410879e-1 0.000000e+0
    outer loop
      vertex 1.482513e+1 -3.256608e+0 6.000000e-1
      vertex 1.469362e+1 -3.099171e+0 4.000000e-1
      vertex 1.469362e+1 -3.099171e+0 6.000000e-1
    endloop
  endfacet
  facet normal 8.834534e-1 -4.685191e-1 0.000000e+0
    outer loop
      vertex 1.470989e+1 -4.701897e+0 4.000000e-1
      vertex 1.481981e+1 -4.494631e+0 4.000000e-1
      vertex 1.470989e+1 -4.701897e+0 6.000000e-1
    endloop
  endfacet
  facet normal 8.834534e-1 -4.685191e-1 0.000000e+0
    outer loop
      vertex 1.470989e+1 -4.701897e+0 6.000000e-1
      vertex 1.481981e+1 -4.494631e+0 4.000000e-1
      vertex 1.481981e+1 -4.494631e+0 6.000000e-1
    endloop
  endfacet
  facet normal 9.212227e-1 -3.890356e-1 0.000000e+0
    outer loop
      vertex 1.481981e+1 -4.494631e+0 6.000000e-1
      vertex 1.481981e+1 -4.494631e+0 4.000000e-1
      vertex 1.490993e+1 -4.281227e+0 4.000000e-1
    endloop
  endfacet
  facet normal 9.212227e-1 -3.890356e-1 0.000000e+0
    outer loop
      vertex 1.481981e+1 -4.494631e+0 6.000000e-1
      vertex 1.490993e+1 -4.281227e+0 4.000000e-1
      vertex 1.490993e+1 -4.281227e+0 6.000000e-1
    endloop
  endfacet
  facet normal 9.719742e-1 -2.350876e-1 0.000000e+0
    outer loop
      vertex 1.490993e+1 -4.281227e+0 6.000000e-1
      vertex 1.490993e+1 -4.281227e+0 4.000000e-1
      vertex 1.496423e+1 -4.056719e+0 4.000000e-1
    endloop
  endfacet
  facet normal 9.719742e-1 -2.350876e-1 0.000000e+0
    outer loop
      vertex 1.490993e+1 -4.281227e+0 6.000000e-1
      vertex 1.496423e+1 -4.056719e+0 4.000000e-1
      vertex 1.496423e+1 -4.056719e+0 6.000000e-1
    endloop
  endfacet
  facet normal 9.916303e-1 -1.291099e-1 0.000000e+0
    outer loop
      vertex 1.496423e+1 -4.056719e+0 6.000000e-1
      vertex 1.496423e+1 -4.056719e+0 4.000000e-1
      vertex 1.499443e+1 -3.824739e+0 4.000000e-1
    endloop
  endfacet
  facet normal 9.916303e-1 -1.291099e-1 0.000000e+0
    outer loop
      vertex 1.496423e+1 -4.056719e+0 6.000000e-1
      vertex 1.499443e+1 -3.824739e+0 4.000000e-1
      vertex 1.499443e+1 -3.824739e+0 6.000000e-1
    endloop
  endfacet
  facet normal 6.469755e-1 -7.625108e-1 0.000000e+0
    outer loop
      vertex 1.386329e+1 -5.630465e+0 4.000000e-1
      vertex 1.410498e+1 -5.425401e+0 4.000000e-1
      vertex 1.386329e+1 -5.630465e+0 6.000000e-1
    endloop
  endfacet
  facet normal 6.469755e-1 -7.625108e-1 0.000000e+0
    outer loop
      vertex 1.386329e+1 -5.630465e+0 6.000000e-1
      vertex 1.410498e+1 -5.425401e+0 4.000000e-1
      vertex 1.410498e+1 -5.425401e+0 6.000000e-1
    endloop
  endfacet
  facet normal 6.963867e-1 -7.176667e-1 0.000000e+0
    outer loop
      vertex 1.410498e+1 -5.425401e+0 6.000000e-1
      vertex 1.410498e+1 -5.425401e+0 4.000000e-1
      vertex 1.433092e+1 -5.206152e+0 4.000000e-1
    endloop
  endfacet
  facet normal 6.963867e-1 -7.176667e-1 0.000000e+0
    outer loop
      vertex 1.410498e+1 -5.425401e+0 6.000000e-1
      vertex 1.433092e+1 -5.206152e+0 4.000000e-1
      vertex 1.433092e+1 -5.206152e+0 6.000000e-1
    endloop
  endfacet
  facet normal 7.762083e-1 -6.304766e-1 0.000000e+0
    outer loop
      vertex 1.433092e+1 -5.206152e+0 6.000000e-1
      vertex 1.433092e+1 -5.206152e+0 4.000000e-1
      vertex 1.452924e+1 -4.961993e+0 4.000000e-1
    endloop
  endfacet
  facet normal 7.762083e-1 -6.304766e-1 0.000000e+0
    outer loop
      vertex 1.433092e+1 -5.206152e+0 6.000000e-1
      vertex 1.452924e+1 -4.961993e+0 4.000000e-1
      vertex 1.452924e+1 -4.961993e+0 6.000000e-1
    endloop
  endfacet
  facet normal 8.213367e-1 -5.704437e-1 0.000000e+0
    outer loop
      vertex 1.452924e+1 -4.961993e+0 6.000000e-1
      vertex 1.452924e+1 -4.961993e+0 4.000000e-1
      vertex 1.470989e+1 -4.701897e+0 4.000000e-1
    endloop
  endfacet
  facet normal 8.213367e-1 -5.704437e-1 0.000000e+0
    outer loop
      vertex 1.452924e+1 -4.961993e+0 6.000000e-1
      vertex 1.470989e+1 -4.701897e+0 4.000000e-1
      vertex 1.470989e+1 -4.701897e+0 6.000000e-1
    endloop
  endfacet
  facet normal 3.571798e-1 -9.340357e-1 0.000000e+0
    outer loop
      vertex 1.246267e+1 -6.355847e+0 4.000000e-1
      vertex 1.283353e+1 -6.214028e+0 4.000000e-1
      vertex 1.246267e+1 -6.355847e+0 6.000000e-1
    endloop
  endfacet
  facet normal 3.571798e-1 -9.340357e-1 0.000000e+0
    outer loop
      vertex 1.246267e+1 -6.355847e+0 6.000000e-1
      vertex 1.283353e+1 -6.214028e+0 4.000000e-1
      vertex 1.283353e+1 -6.214028e+0 6.000000e-1
    endloop
  endfacet
  facet normal 4.115498e-1 -9.113873e-1 0.000000e+0
    outer loop
      vertex 1.283353e+1 -6.214028e+0 6.000000e-1
      vertex 1.283353e+1 -6.214028e+0 4.000000e-1
      vertex 1.319353e+1 -6.051467e+0 4.000000e-1
    endloop
  endfacet
  facet normal 4.115498e-1 -9.113873e-1 0.000000e+0
    outer loop
      vertex 1.283353e+1 -6.214028e+0 6.000000e-1
      vertex 1.319353e+1 -6.051467e+0 4.000000e-1
      vertex 1.319353e+1 -6.051467e+0 6.000000e-1
    endloop
  endfacet
  facet normal 5.039083e-1 -8.637571e-1 0.000000e+0
    outer loop
      vertex 1.319353e+1 -6.051467e+0 6.000000e-1
      vertex 1.319353e+1 -6.051467e+0 4.000000e-1
      vertex 1.353448e+1 -5.852557e+0 4.000000e-1
    endloop
  endfacet
  facet normal 5.039083e-1 -8.637571e-1 0.000000e+0
    outer loop
      vertex 1.319353e+1 -6.051467e+0 6.000000e-1
      vertex 1.353448e+1 -5.852557e+0 4.000000e-1
      vertex 1.353448e+1 -5.852557e+0 6.000000e-1
    endloop
  endfacet
  facet normal 5.597235e-1 -8.286794e-1 0.000000e+0
    outer loop
      vertex 1.353448e+1 -5.852557e+0 6.000000e-1
      vertex 1.353448e+1 -5.852557e+0 4.000000e-1
      vertex 1.386329e+1 -5.630465e+0 4.000000e-1
    endloop
  endfacet
  facet normal 5.597235e-1 -8.286794e-1 0.000000e+0
    outer loop
      vertex 1.353448e+1 -5.852557e+0 6.000000e-1
      vertex 1.386329e+1 -5.630465e+0 4.000000e-1
      vertex 1.386329e+1 -5.630465e+0 6.000000e-1
    endloop
  endfacet
  facet normal 3.861495e-2 -9.992542e-1 0.000000e+0
    outer loop
      vertex 1.053708e+1 -6.644955e+0 4.000000e-1
      vertex 1.102672e+1 -6.626034e+0 4.000000e-1
      vertex 1.053708e+1 -6.644955e+0 6.000000e-1
    endloop
  endfacet
  facet normal 3.861495e-2 -9.992542e-1 0.000000e+0
    outer loop
      vertex 1.053708e+1 -6.644955e+0 6.000000e-1
      vertex 1.102672e+1 -6.626034e+0 4.000000e-1
      vertex 1.102672e+1 -6.626034e+0 6.000000e-1
    endloop
  endfacet
  facet normal 9.639659e-2 -9.953430e-1 0.000000e+0
    outer loop
      vertex 1.102672e+1 -6.626034e+0 6.000000e-1
      vertex 1.102672e+1 -6.626034e+0 4.000000e-1
      vertex 1.151202e+1 -6.579033e+0 4.000000e-1
    endloop
  endfacet
  facet normal 9.639659e-2 -9.953430e-1 0.000000e+0
    outer loop
      vertex 1.102672e+1 -6.626034e+0 6.000000e-1
      vertex 1.151202e+1 -6.579033e+0 4.000000e-1
      vertex 1.151202e+1 -6.579033e+0 6.000000e-1
    endloop
  endfacet
  facet normal 1.970821e-1 -9.803870e-1 0.000000e+0
    outer loop
      vertex 1.151202e+1 -6.579033e+0 6.000000e-1
      vertex 1.151202e+1 -6.579033e+0 4.000000e-1
      vertex 1.198975e+1 -6.482998e+0 4.000000e-1
    endloop
  endfacet
  facet normal 1.970821e-1 -9.803870e-1 0.000000e+0
    outer loop
      vertex 1.151202e+1 -6.579033e+0 6.000000e-1
      vertex 1.198975e+1 -6.482998e+0 4.000000e-1
      vertex 1.198975e+1 -6.482998e+0 6.000000e-1
    endloop
  endfacet
  facet normal 2.596420e-1 -9.657049e-1 0.000000e+0
    outer loop
      vertex 1.198975e+1 -6.482998e+0 6.000000e-1
      vertex 1.198975e+1 -6.482998e+0 4.000000e-1
      vertex 1.246267e+1 -6.355847e+0 4.000000e-1
    endloop
  endfacet
  facet normal 2.596420e-1 -9.657049e-1 0.000000e+0
    outer loop
      vertex 1.198975e+1 -6.482998e+0 6.000000e-1
      vertex 1.246267e+1 -6.355847e+0 4.000000e-1
      vertex 1.246267e+1 -6.355847e+0 6.000000e-1
    endloop
  endfacet
  facet normal -5.935987e-1 -8.047612e-1 0.000000e+0
    outer loop
      vertex 6.660821e+0 -5.227239e+0 4.000000e-1
      vertex 7.522822e+0 -5.863058e+0 4.000000e-1
      vertex 6.660821e+0 -5.227239e+0 6.000000e-1
    endloop
  endfacet
  facet normal -5.935987e-1 -8.047612e-1 0.000000e+0
    outer loop
      vertex 6.660821e+0 -5.227239e+0 6.000000e-1
      vertex 7.522822e+0 -5.863058e+0 4.000000e-1
      vertex 7.522822e+0 -5.863058e+0 6.000000e-1
    endloop
  endfacet
  facet normal -5.110154e-1 -8.595716e-1 0.000000e+0
    outer loop
      vertex 7.522822e+0 -5.863058e+0 6.000000e-1
      vertex 7.522822e+0 -5.863058e+0 4.000000e-1
      vertex 7.972961e+0 -6.130665e+0 4.000000e-1
    endloop
  endfacet
  facet normal -5.110154e-1 -8.595716e-1 0.000000e+0
    outer loop
      vertex 7.522822e+0 -5.863058e+0 6.000000e-1
      vertex 7.972961e+0 -6.130665e+0 4.000000e-1
      vertex 7.972961e+0 -6.130665e+0 6.000000e-1
    endloop
  endfacet
  facet normal -4.014269e-1 -9.158911e-1 0.000000e+0
    outer loop
      vertex 7.972961e+0 -6.130665e+0 6.000000e-1
      vertex 7.972961e+0 -6.130665e+0 4.000000e-1
      vertex 8.446031e+0 -6.338007e+0 4.000000e-1
    endloop
  endfacet
  facet normal -4.014269e-1 -9.158911e-1 0.000000e+0
    outer loop
      vertex 7.972961e+0 -6.130665e+0 6.000000e-1
      vertex 8.446031e+0 -6.338007e+0 4.000000e-1
      vertex 8.446031e+0 -6.338007e+0 6.000000e-1
    endloop
  endfacet
  facet normal -2.681855e-1 -9.633673e-1 0.000000e+0
    outer loop
      vertex 8.446031e+0 -6.338007e+0 6.000000e-1
      vertex 8.446031e+0 -6.338007e+0 4.000000e-1
      vertex 8.945126e+0 -6.476947e+0 4.000000e-1
    endloop
  endfacet
  facet normal -2.681855e-1 -9.633673e-1 0.000000e+0
    outer loop
      vertex 8.446031e+0 -6.338007e+0 6.000000e-1
      vertex 8.945126e+0 -6.476947e+0 4.000000e-1
      vertex 8.945126e+0 -6.476947e+0 6.000000e-1
    endloop
  endfacet
  facet normal -1.626604e-1 -9.866821e-1 0.000000e+0
    outer loop
      vertex 8.945126e+0 -6.476947e+0 6.000000e-1
      vertex 8.945126e+0 -6.476947e+0 4.000000e-1
      vertex 9.464507e+0 -6.562571e+0 4.000000e-1
    endloop
  endfacet
  facet normal -1.626604e-1 -9.866821e-1 0.000000e+0
    outer loop
      vertex 8.945126e+0 -6.476947e+0 6.000000e-1
      vertex 9.464507e+0 -6.562571e+0 4.000000e-1
      vertex 9.464507e+0 -6.562571e+0 6.000000e-1
    endloop
  endfacet
  facet normal -7.658494e-2 -9.970630e-1 0.000000e+0
    outer loop
      vertex 9.464507e+0 -6.562571e+0 6.000000e-1
      vertex 9.464507e+0 -6.562571e+0 4.000000e-1
      vertex 1.053708e+1 -6.644955e+0 4.000000e-1
    endloop
  endfacet
  facet normal -7.658494e-2 -9.970630e-1 0.000000e+0
    outer loop
      vertex 9.464507e+0 -6.562571e+0 6.000000e-1
      vertex 1.053708e+1 -6.644955e+0 4.000000e-1
      vertex 1.053708e+1 -6.644955e+0 6.000000e-1
    endloop
  endfacet
  facet normal -9.965950e-1 -8.245232e-2 0.000000e+0
    outer loop
      vertex 5.262802e+0 -1.376403e+0 4.000000e-1
      vertex 5.350585e+0 -2.437439e+0 4.000000e-1
      vertex 5.262802e+0 -1.376403e+0 6.000000e-1
    endloop
  endfacet
  facet normal -9.965950e-1 -8.245232e-2 0.000000e+0
    outer loop
      vertex 5.262802e+0 -1.376403e+0 6.000000e-1
      vertex 5.350585e+0 -2.437439e+0 4.000000e-1
      vertex 5.350585e+0 -2.437439e+0 6.000000e-1
    endloop
  endfacet
  facet normal -9.860512e-1 -1.664422e-1 0.000000e+0
    outer loop
      vertex 5.350585e+0 -2.437439e+0 6.000000e-1
      vertex 5.350585e+0 -2.437439e+0 4.000000e-1
      vertex 5.437412e+0 -2.951827e+0 4.000000e-1
    endloop
  endfacet
  facet normal -9.860512e-1 -1.664422e-1 0.000000e+0
    outer loop
      vertex 5.350585e+0 -2.437439e+0 6.000000e-1
      vertex 5.437412e+0 -2.951827e+0 4.000000e-1
      vertex 5.437412e+0 -2.951827e+0 6.000000e-1
    endloop
  endfacet
  facet normal -9.630951e-1 -2.691613e-1 0.000000e+0
    outer loop
      vertex 5.437412e+0 -2.951827e+0 6.000000e-1
      vertex 5.437412e+0 -2.951827e+0 4.000000e-1
      vertex 5.575761e+0 -3.446858e+0 4.000000e-1
    endloop
  endfacet
  facet normal -9.630951e-1 -2.691613e-1 0.000000e+0
    outer loop
      vertex 5.437412e+0 -2.951827e+0 6.000000e-1
      vertex 5.575761e+0 -3.446858e+0 4.000000e-1
      vertex 5.575761e+0 -3.446858e+0 6.000000e-1
    endloop
  endfacet
  facet normal -9.172830e-1 -3.982360e-1 0.000000e+0
    outer loop
      vertex 5.575761e+0 -3.446858e+0 6.000000e-1
      vertex 5.575761e+0 -3.446858e+0 4.000000e-1
      vertex 5.779940e+0 -3.917157e+0 4.000000e-1
    endloop
  endfacet
  facet normal -9.172830e-1 -3.982360e-1 0.000000e+0
    outer loop
      vertex 5.575761e+0 -3.446858e+0 6.000000e-1
      vertex 5.779940e+0 -3.917157e+0 4.000000e-1
      vertex 5.779940e+0 -3.917157e+0 6.000000e-1
    endloop
  endfacet
  facet normal -8.638512e-1 -5.037471e-1 0.000000e+0
    outer loop
      vertex 5.779940e+0 -3.917157e+0 6.000000e-1
      vertex 5.779940e+0 -3.917157e+0 4.000000e-1
      vertex 6.041598e+0 -4.365861e+0 4.000000e-1
    endloop
  endfacet
  facet normal -8.638512e-1 -5.037471e-1 0.000000e+0
    outer loop
      vertex 5.779940e+0 -3.917157e+0 6.000000e-1
      vertex 6.041598e+0 -4.365861e+0 4.000000e-1
      vertex 6.041598e+0 -4.365861e+0 6.000000e-1
    endloop
  endfacet
  facet normal -8.119670e-1 -5.837033e-1 0.000000e+0
    outer loop
      vertex 6.041598e+0 -4.365861e+0 6.000000e-1
      vertex 6.041598e+0 -4.365861e+0 4.000000e-1
      vertex 6.660821e+0 -5.227239e+0 4.000000e-1
    endloop
  endfacet
  facet normal -8.119670e-1 -5.837033e-1 0.000000e+0
    outer loop
      vertex 6.041598e+0 -4.365861e+0 6.000000e-1
      vertex 6.660821e+0 -5.227239e+0 4.000000e-1
      vertex 6.660821e+0 -5.227239e+0 6.000000e-1
    endloop
  endfacet
  facet normal -9.629480e-1 2.696872e-1 0.000000e+0
    outer loop
      vertex 5.597624e+0 7.422229e-1 4.000000e-1
      vertex 5.452063e+0 2.224802e-1 4.000000e-1
      vertex 5.597624e+0 7.422229e-1 6.000000e-1
    endloop
  endfacet
  facet normal -9.629480e-1 2.696872e-1 0.000000e+0
    outer loop
      vertex 5.597624e+0 7.422229e-1 6.000000e-1
      vertex 5.452063e+0 2.224802e-1 4.000000e-1
      vertex 5.452063e+0 2.224802e-1 6.000000e-1
    endloop
  endfacet
  facet normal -9.783282e-1 2.070602e-1 0.000000e+0
    outer loop
      vertex 5.452063e+0 2.224802e-1 6.000000e-1
      vertex 5.452063e+0 2.224802e-1 4.000000e-1
      vertex 5.340894e+0 -3.027748e-1 4.000000e-1
    endloop
  endfacet
  facet normal -9.783282e-1 2.070602e-1 0.000000e+0
    outer loop
      vertex 5.452063e+0 2.224802e-1 6.000000e-1
      vertex 5.340894e+0 -3.027748e-1 4.000000e-1
      vertex 5.340894e+0 -3.027748e-1 6.000000e-1
    endloop
  endfacet
  facet normal -9.946698e-1 1.031114e-1 0.000000e+0
    outer loop
      vertex 5.340894e+0 -3.027748e-1 6.000000e-1
      vertex 5.340894e+0 -3.027748e-1 4.000000e-1
      vertex 5.285517e+0 -8.369716e-1 4.000000e-1
    endloop
  endfacet
  facet normal -9.946698e-1 1.031114e-1 0.000000e+0
    outer loop
      vertex 5.340894e+0 -3.027748e-1 6.000000e-1
      vertex 5.285517e+0 -8.369716e-1 4.000000e-1
      vertex 5.285517e+0 -8.369716e-1 6.000000e-1
    endloop
  endfacet
  facet normal -9.991145e-1 4.207299e-2 0.000000e+0
    outer loop
      vertex 5.285517e+0 -8.369716e-1 6.000000e-1
      vertex 5.285517e+0 -8.369716e-1 4.000000e-1
      vertex 5.262802e+0 -1.376403e+0 4.000000e-1
    endloop
  endfacet
  facet normal -9.991145e-1 4.207299e-2 0.000000e+0
    outer loop
      vertex 5.285517e+0 -8.369716e-1 6.000000e-1
      vertex 5.262802e+0 -1.376403e+0 4.000000e-1
      vertex 5.262802e+0 -1.376403e+0 6.000000e-1
    endloop
  endfacet
  facet normal -7.783586e-1 6.278200e-1 0.000000e+0
    outer loop
      vertex 6.594821e+0 2.428229e+0 4.000000e-1
      vertex 6.284206e+0 2.043135e+0 4.000000e-1
      vertex 6.594821e+0 2.428229e+0 6.000000e-1
    endloop
  endfacet
  facet normal -7.783586e-1 6.278200e-1 0.000000e+0
    outer loop
      vertex 6.594821e+0 2.428229e+0 6.000000e-1
      vertex 6.284206e+0 2.043135e+0 4.000000e-1
      vertex 6.284206e+0 2.043135e+0 6.000000e-1
    endloop
  endfacet
  facet normal -8.257554e-1 5.640283e-1 0.000000e+0
    outer loop
      vertex 6.284206e+0 2.043135e+0 6.000000e-1
      vertex 6.284206e+0 2.043135e+0 4.000000e-1
      vertex 6.007442e+0 1.637942e+0 4.000000e-1
    endloop
  endfacet
  facet normal -8.257554e-1 5.640283e-1 0.000000e+0
    outer loop
      vertex 6.284206e+0 2.043135e+0 6.000000e-1
      vertex 6.007442e+0 1.637942e+0 4.000000e-1
      vertex 6.007442e+0 1.637942e+0 6.000000e-1
    endloop
  endfacet
  facet normal -8.926079e-1 4.508338e-1 0.000000e+0
    outer loop
      vertex 6.007442e+0 1.637942e+0 6.000000e-1
      vertex 6.007442e+0 1.637942e+0 4.000000e-1
      vertex 5.786151e+0 1.199810e+0 4.000000e-1
    endloop
  endfacet
  facet normal -8.926079e-1 4.508338e-1 0.000000e+0
    outer loop
      vertex 6.007442e+0 1.637942e+0 6.000000e-1
      vertex 5.786151e+0 1.199810e+0 4.000000e-1
      vertex 5.786151e+0 1.199810e+0 6.000000e-1
    endloop
  endfacet
  facet normal -9.246002e-1 3.809389e-1 0.000000e+0
    outer loop
      vertex 5.786151e+0 1.199810e+0 6.000000e-1
      vertex 5.786151e+0 1.199810e+0 4.000000e-1
      vertex 5.597624e+0 7.422229e-1 4.000000e-1
    endloop
  endfacet
  facet normal -9.246002e-1 3.809389e-1 0.000000e+0
    outer loop
      vertex 5.786151e+0 1.199810e+0 6.000000e-1
      vertex 5.597624e+0 7.422229e-1 4.000000e-1
      vertex 5.597624e+0 7.422229e-1 6.000000e-1
    endloop
  endfacet
  facet normal -4.234997e-1 9.058962e-1 0.000000e+0
    outer loop
      vertex 8.214488e+0 3.516152e+0 4.000000e-1
      vertex 7.767177e+0 3.307038e+0 4.000000e-1
      vertex 8.214488e+0 3.516152e+0 6.000000e-1
    endloop
  endfacet
  facet normal -4.234997e-1 9.058962e-1 0.000000e+0
    outer loop
      vertex 8.214488e+0 3.516152e+0 6.000000e-1
      vertex 7.767177e+0 3.307038e+0 4.000000e-1
      vertex 7.767177e+0 3.307038e+0 6.000000e-1
    endloop
  endfacet
  facet normal -4.968576e-1 8.678321e-1 0.000000e+0
    outer loop
      vertex 7.767177e+0 3.307038e+0 6.000000e-1
      vertex 7.767177e+0 3.307038e+0 4.000000e-1
      vertex 7.342724e+0 3.064027e+0 4.000000e-1
    endloop
  endfacet
  facet normal -4.968576e-1 8.678321e-1 0.000000e+0
    outer loop
      vertex 7.767177e+0 3.307038e+0 6.000000e-1
      vertex 7.342724e+0 3.064027e+0 4.000000e-1
      vertex 7.342724e+0 3.064027e+0 6.000000e-1
    endloop
  endfacet
  facet normal -6.144038e-1 7.889917e-1 0.000000e+0
    outer loop
      vertex 7.342724e+0 3.064027e+0 6.000000e-1
      vertex 7.342724e+0 3.064027e+0 4.000000e-1
      vertex 6.956969e+0 2.763632e+0 4.000000e-1
    endloop
  endfacet
  facet normal -6.144038e-1 7.889917e-1 0.000000e+0
    outer loop
      vertex 7.342724e+0 3.064027e+0 6.000000e-1
      vertex 6.956969e+0 2.763632e+0 4.000000e-1
      vertex 6.956969e+0 2.763632e+0 6.000000e-1
    endloop
  endfacet
  facet normal -6.794960e-1 7.336792e-1 0.000000e+0
    outer loop
      vertex 6.956969e+0 2.763632e+0 6.000000e-1
      vertex 6.956969e+0 2.763632e+0 4.000000e-1
      vertex 6.594821e+0 2.428229e+0 4.000000e-1
    endloop
  endfacet
  facet normal -6.794960e-1 7.336792e-1 0.000000e+0
    outer loop
      vertex 6.956969e+0 2.763632e+0 6.000000e-1
      vertex 6.594821e+0 2.428229e+0 4.000000e-1
      vertex 6.594821e+0 2.428229e+0 6.000000e-1
    endloop
  endfacet
  facet normal -5.024821e-2 9.987367e-1 0.000000e+0
    outer loop
      vertex 1.033110e+1 3.896560e+0 4.000000e-1
      vertex 9.789560e+0 3.869314e+0 4.000000e-1
      vertex 1.033110e+1 3.896560e+0 6.000000e-1
    endloop
  endfacet
  facet normal -5.024821e-2 9.987367e-1 0.000000e+0
    outer loop
      vertex 1.033110e+1 3.896560e+0 6.000000e-1
      vertex 9.789560e+0 3.869314e+0 4.000000e-1
      vertex 9.789560e+0 3.869314e+0 6.000000e-1
    endloop
  endfacet
  facet normal -1.178715e-1 9.930289e-1 0.000000e+0
    outer loop
      vertex 9.789560e+0 3.869314e+0 6.000000e-1
      vertex 9.789560e+0 3.869314e+0 4.000000e-1
      vertex 9.254636e+0 3.805819e+0 4.000000e-1
    endloop
  endfacet
  facet normal -1.178715e-1 9.930289e-1 0.000000e+0
    outer loop
      vertex 9.789560e+0 3.869314e+0 6.000000e-1
      vertex 9.254636e+0 3.805819e+0 4.000000e-1
      vertex 9.254636e+0 3.805819e+0 6.000000e-1
    endloop
  endfacet
  facet normal -2.332899e-1 9.724072e-1 0.000000e+0
    outer loop
      vertex 9.254636e+0 3.805819e+0 6.000000e-1
      vertex 9.254636e+0 3.805819e+0 4.000000e-1
      vertex 8.731052e+0 3.680207e+0 4.000000e-1
    endloop
  endfacet
  facet normal -2.332899e-1 9.724072e-1 0.000000e+0
    outer loop
      vertex 9.254636e+0 3.805819e+0 6.000000e-1
      vertex 8.731052e+0 3.680207e+0 4.000000e-1
      vertex 8.731052e+0 3.680207e+0 6.000000e-1
    endloop
  endfacet
  facet normal -3.026887e-1 9.530895e-1 0.000000e+0
    outer loop
      vertex 8.731052e+0 3.680207e+0 6.000000e-1
      vertex 8.731052e+0 3.680207e+0 4.000000e-1
      vertex 8.214488e+0 3.516152e+0 4.000000e-1
    endloop
  endfacet
  facet normal -3.026887e-1 9.530895e-1 0.000000e+0
    outer loop
      vertex 8.731052e+0 3.680207e+0 6.000000e-1
      vertex 8.214488e+0 3.516152e+0 4.000000e-1
      vertex 8.214488e+0 3.516152e+0 6.000000e-1
    endloop
  endfacet
  facet normal 4.140786e-1 9.102411e-1 0.000000e+0
    outer loop
      vertex 1.294200e+1 3.257269e+0 4.000000e-1
      vertex 1.232023e+1 3.540122e+0 4.000000e-1
      vertex 1.294200e+1 3.257269e+0 6.000000e-1
    endloop
  endfacet
  facet normal 4.140786e-1 9.102411e-1 0.000000e+0
    outer loop
      vertex 1.294200e+1 3.257269e+0 6.000000e-1
      vertex 1.232023e+1 3.540122e+0 4.000000e-1
      vertex 1.232023e+1 3.540122e+0 6.000000e-1
    endloop
  endfacet
  facet normal 3.165887e-1 9.485629e-1 0.000000e+0
    outer loop
      vertex 1.232023e+1 3.540122e+0 6.000000e-1
      vertex 1.232023e+1 3.540122e+0 4.000000e-1
      vertex 1.168097e+1 3.753478e+0 4.000000e-1
    endloop
  endfacet
  facet normal 3.165887e-1 9.485629e-1 0.000000e+0
    outer loop
      vertex 1.232023e+1 3.540122e+0 6.000000e-1
      vertex 1.168097e+1 3.753478e+0 4.000000e-1
      vertex 1.168097e+1 3.753478e+0 6.000000e-1
    endloop
  endfacet
  facet normal 1.529216e-1 9.882383e-1 0.000000e+0
    outer loop
      vertex 1.168097e+1 3.753478e+0 6.000000e-1
      vertex 1.168097e+1 3.753478e+0 4.000000e-1
      vertex 1.101400e+1 3.856686e+0 4.000000e-1
    endloop
  endfacet
  facet normal 1.529216e-1 9.882383e-1 0.000000e+0
    outer loop
      vertex 1.168097e+1 3.753478e+0 6.000000e-1
      vertex 1.101400e+1 3.856686e+0 4.000000e-1
      vertex 1.101400e+1 3.856686e+0 6.000000e-1
    endloop
  endfacet
  facet normal 5.829059e-2 9.982997e-1 0.000000e+0
    outer loop
      vertex 1.101400e+1 3.856686e+0 6.000000e-1
      vertex 1.101400e+1 3.856686e+0 4.000000e-1
      vertex 1.033110e+1 3.896560e+0 4.000000e-1
    endloop
  endfacet
  facet normal 5.829059e-2 9.982997e-1 0.000000e+0
    outer loop
      vertex 1.101400e+1 3.856686e+0 6.000000e-1
      vertex 1.033110e+1 3.896560e+0 4.000000e-1
      vertex 1.033110e+1 3.896560e+0 6.000000e-1
    endloop
  endfacet
  facet normal 8.328098e-1 5.535592e-1 0.000000e+0
    outer loop
      vertex 1.458411e+1 1.593239e+0 4.000000e-1
      vertex 1.425473e+1 2.088780e+0 4.000000e-1
      vertex 1.458411e+1 1.593239e+0 6.000000e-1
    endloop
  endfacet
  facet normal 8.328098e-1 5.535592e-1 0.000000e+0
    outer loop
      vertex 1.458411e+1 1.593239e+0 6.000000e-1
      vertex 1.425473e+1 2.088780e+0 4.000000e-1
      vertex 1.425473e+1 2.088780e+0 6.000000e-1
    endloop
  endfacet
  facet normal 7.696443e-1 6.384729e-1 0.000000e+0
    outer loop
      vertex 1.425473e+1 2.088780e+0 6.000000e-1
      vertex 1.425473e+1 2.088780e+0 4.000000e-1
      vertex 1.388029e+1 2.540153e+0 4.000000e-1
    endloop
  endfacet
  facet normal 7.696443e-1 6.384729e-1 0.000000e+0
    outer loop
      vertex 1.425473e+1 2.088780e+0 6.000000e-1
      vertex 1.388029e+1 2.540153e+0 4.000000e-1
      vertex 1.388029e+1 2.540153e+0 6.000000e-1
    endloop
  endfacet
  facet normal 6.467324e-1 7.627169e-1 0.000000e+0
    outer loop
      vertex 1.388029e+1 2.540153e+0 6.000000e-1
      vertex 1.388029e+1 2.540153e+0 4.000000e-1
      vertex 1.343261e+1 2.919750e+0 4.000000e-1
    endloop
  endfacet
  facet normal 6.467324e-1 7.627169e-1 0.000000e+0
    outer loop
      vertex 1.388029e+1 2.540153e+0 6.000000e-1
      vertex 1.343261e+1 2.919750e+0 4.000000e-1
      vertex 1.343261e+1 2.919750e+0 6.000000e-1
    endloop
  endfacet
  facet normal 5.667867e-1 8.238646e-1 0.000000e+0
    outer loop
      vertex 1.343261e+1 2.919750e+0 6.000000e-1
      vertex 1.343261e+1 2.919750e+0 4.000000e-1
      vertex 1.294200e+1 3.257269e+0 4.000000e-1
    endloop
  endfacet
  facet normal 5.667867e-1 8.238646e-1 0.000000e+0
    outer loop
      vertex 1.343261e+1 2.919750e+0 6.000000e-1
      vertex 1.294200e+1 3.257269e+0 4.000000e-1
      vertex 1.294200e+1 3.257269e+0 6.000000e-1
    endloop
  endfacet
  facet normal 9.961727e-1 8.740677e-2 0.000000e+0
    outer loop
      vertex 1.513330e+1 -4.844842e-1 4.000000e-1
      vertex 1.508567e+1 5.835945e-2 4.000000e-1
      vertex 1.513330e+1 -4.844842e-1 6.000000e-1
    endloop
  endfacet
  facet normal 9.961727e-1 8.740677e-2 0.000000e+0
    outer loop
      vertex 1.513330e+1 -4.844842e-1 6.000000e-1
      vertex 1.508567e+1 5.835945e-2 4.000000e-1
      vertex 1.508567e+1 5.835945e-2 6.000000e-1
    endloop
  endfacet
  facet normal 9.835123e-1 1.808409e-1 0.000000e+0
    outer loop
      vertex 1.508567e+1 5.835945e-2 6.000000e-1
      vertex 1.508567e+1 5.835945e-2 4.000000e-1
      vertex 1.498825e+1 5.882018e-1 4.000000e-1
    endloop
  endfacet
  facet normal 9.835123e-1 1.808409e-1 0.000000e+0
    outer loop
      vertex 1.508567e+1 5.835945e-2 6.000000e-1
      vertex 1.498825e+1 5.882018e-1 4.000000e-1
      vertex 1.498825e+1 5.882018e-1 6.000000e-1
    endloop
  endfacet
  facet normal 9.436865e-1 3.308411e-1 0.000000e+0
    outer loop
      vertex 1.498825e+1 5.882018e-1 6.000000e-1
      vertex 1.498825e+1 5.882018e-1 4.000000e-1
      vertex 1.480990e+1 1.096915e+0 4.000000e-1
    endloop
  endfacet
  facet normal 9.436865e-1 3.308411e-1 0.000000e+0
    outer loop
      vertex 1.498825e+1 5.882018e-1 6.000000e-1
      vertex 1.480990e+1 1.096915e+0 4.000000e-1
      vertex 1.480990e+1 1.096915e+0 6.000000e-1
    endloop
  endfacet
  facet normal 9.102343e-1 4.140935e-1 0.000000e+0
    outer loop
      vertex 1.480990e+1 1.096915e+0 6.000000e-1
      vertex 1.480990e+1 1.096915e+0 4.000000e-1
      vertex 1.458411e+1 1.593239e+0 4.000000e-1
    endloop
  endfacet
  facet normal 9.102343e-1 4.140935e-1 0.000000e+0
    outer loop
      vertex 1.480990e+1 1.096915e+0 6.000000e-1
      vertex 1.458411e+1 1.593239e+0 4.000000e-1
      vertex 1.458411e+1 1.593239e+0 6.000000e-1
    endloop
  endfacet
  facet normal 6.846043e-1 -7.289149e-1 0.000000e+0
    outer loop
      vertex 1.452391e+1 -1.854764e+0 4.000000e-1
      vertex 1.481575e+1 -1.580660e+0 4.000000e-1
      vertex 1.452391e+1 -1.854764e+0 6.000000e-1
    endloop
  endfacet
  facet normal 6.846043e-1 -7.289149e-1 0.000000e+0
    outer loop
      vertex 1.452391e+1 -1.854764e+0 6.000000e-1
      vertex 1.481575e+1 -1.580660e+0 4.000000e-1
      vertex 1.481575e+1 -1.580660e+0 6.000000e-1
    endloop
  endfacet
  facet normal 7.822108e-1 -6.230138e-1 0.000000e+0
    outer loop
      vertex 1.481575e+1 -1.580660e+0 6.000000e-1
      vertex 1.481575e+1 -1.580660e+0 4.000000e-1
      vertex 1.493524e+1 -1.430636e+0 4.000000e-1
    endloop
  endfacet
  facet normal 7.822108e-1 -6.230138e-1 0.000000e+0
    outer loop
      vertex 1.481575e+1 -1.580660e+0 6.000000e-1
      vertex 1.493524e+1 -1.430636e+0 4.000000e-1
      vertex 1.493524e+1 -1.430636e+0 6.000000e-1
    endloop
  endfacet
  facet normal 8.823371e-1 -4.706179e-1 0.000000e+0
    outer loop
      vertex 1.493524e+1 -1.430636e+0 6.000000e-1
      vertex 1.493524e+1 -1.430636e+0 4.000000e-1
      vertex 1.502345e+1 -1.265258e+0 4.000000e-1
    endloop
  endfacet
  facet normal 8.823371e-1 -4.706179e-1 0.000000e+0
    outer loop
      vertex 1.493524e+1 -1.430636e+0 6.000000e-1
      vertex 1.502345e+1 -1.265258e+0 4.000000e-1
      vertex 1.502345e+1 -1.265258e+0 6.000000e-1
    endloop
  endfacet
  facet normal 9.554526e-1 -2.951446e-1 0.000000e+0
    outer loop
      vertex 1.502345e+1 -1.265258e+0 6.000000e-1
      vertex 1.502345e+1 -1.265258e+0 4.000000e-1
      vertex 1.507942e+1 -1.084058e+0 4.000000e-1
    endloop
  endfacet
  facet normal 9.554526e-1 -2.951446e-1 0.000000e+0
    outer loop
      vertex 1.502345e+1 -1.265258e+0 6.000000e-1
      vertex 1.507942e+1 -1.084058e+0 4.000000e-1
      vertex 1.507942e+1 -1.084058e+0 6.000000e-1
    endloop
  endfacet
  facet normal 9.869376e-1 -1.611028e-1 0.000000e+0
    outer loop
      vertex 1.507942e+1 -1.084058e+0 6.000000e-1
      vertex 1.507942e+1 -1.084058e+0 4.000000e-1
      vertex 1.511096e+1 -8.908634e-1 4.000000e-1
    endloop
  endfacet
  facet normal 9.869376e-1 -1.611028e-1 0.000000e+0
    outer loop
      vertex 1.507942e+1 -1.084058e+0 6.000000e-1
      vertex 1.511096e+1 -8.908634e-1 4.000000e-1
      vertex 1.511096e+1 -8.908634e-1 6.000000e-1
    endloop
  endfacet
  facet normal 9.984920e-1 -5.489748e-2 0.000000e+0
    outer loop
      vertex 1.511096e+1 -8.908634e-1 6.000000e-1
      vertex 1.511096e+1 -8.908634e-1 4.000000e-1
      vertex 1.513330e+1 -4.844842e-1 4.000000e-1
    endloop
  endfacet
  facet normal 9.984920e-1 -5.489748e-2 0.000000e+0
    outer loop
      vertex 1.511096e+1 -8.908634e-1 6.000000e-1
      vertex 1.513330e+1 -4.844842e-1 4.000000e-1
      vertex 1.513330e+1 -4.844842e-1 6.000000e-1
    endloop
  endfacet
  facet normal 3.713628e-2 -9.993102e-1 0.000000e+0
    outer loop
      vertex 1.288500e+1 -2.175063e+0 4.000000e-1
      vertex 1.330811e+1 -2.159339e+0 4.000000e-1
      vertex 1.288500e+1 -2.175063e+0 6.000000e-1
    endloop
  endfacet
  facet normal 3.713628e-2 -9.993102e-1 0.000000e+0
    outer loop
      vertex 1.288500e+1 -2.175063e+0 6.000000e-1
      vertex 1.330811e+1 -2.159339e+0 4.000000e-1
      vertex 1.330811e+1 -2.159339e+0 6.000000e-1
    endloop
  endfacet
  facet normal 1.157328e-1 -9.932804e-1 0.000000e+0
    outer loop
      vertex 1.330811e+1 -2.159339e+0 6.000000e-1
      vertex 1.330811e+1 -2.159339e+0 4.000000e-1
      vertex 1.372441e+1 -2.110834e+0 4.000000e-1
    endloop
  endfacet
  facet normal 1.157328e-1 -9.932804e-1 0.000000e+0
    outer loop
      vertex 1.330811e+1 -2.159339e+0 6.000000e-1
      vertex 1.372441e+1 -2.110834e+0 4.000000e-1
      vertex 1.372441e+1 -2.110834e+0 6.000000e-1
    endloop
  endfacet
  facet normal 2.581925e-1 -9.660935e-1 0.000000e+0
    outer loop
      vertex 1.372441e+1 -2.110834e+0 6.000000e-1
      vertex 1.372441e+1 -2.110834e+0 4.000000e-1
      vertex 1.412833e+1 -2.002883e+0 4.000000e-1
    endloop
  endfacet
  facet normal 2.581925e-1 -9.660935e-1 0.000000e+0
    outer loop
      vertex 1.372441e+1 -2.110834e+0 6.000000e-1
      vertex 1.412833e+1 -2.002883e+0 4.000000e-1
      vertex 1.412833e+1 -2.002883e+0 6.000000e-1
    endloop
  endfacet
  facet normal 3.506650e-1 -9.365010e-1 0.000000e+0
    outer loop
      vertex 1.412833e+1 -2.002883e+0 6.000000e-1
      vertex 1.412833e+1 -2.002883e+0 4.000000e-1
      vertex 1.452391e+1 -1.854764e+0 4.000000e-1
    endloop
  endfacet
  facet normal 3.506650e-1 -9.365010e-1 0.000000e+0
    outer loop
      vertex 1.412833e+1 -2.002883e+0 6.000000e-1
      vertex 1.452391e+1 -1.854764e+0 4.000000e-1
      vertex 1.452391e+1 -1.854764e+0 6.000000e-1
    endloop
  endfacet
  facet normal 0.000000e+0 0.000000e+0 1.000000e+0
    outer loop
      vertex 8.199656e+0 -2.185374e+0 6.000000e-1
      vertex 1.288500e+1 -2.175063e+0 6.000000e-1
      vertex 1.233827e+1 -3.866489e-1 6.000000e-1
    endloop
  endfacet
  facet normal -2.594464e-16 -7.931454e-17 1.000000e+0
    outer loop
      vertex 1.233827e+1 -3.866489e-1 6.000000e-1
      vertex 1.288500e+1 -2.175063e+0 6.000000e-1
      vertex 1.330811e+1 -2.159339e+0 6.000000e-1
    endloop
  endfacet
  facet normal 2.438501e-16 1.960403e-16 1.000000e+0
    outer loop
      vertex 1.233827e+1 -3.866489e-1 6.000000e-1
      vertex 1.330811e+1 -2.159339e+0 6.000000e-1
      vertex 1.372441e+1 -2.110834e+0 6.000000e-1
    endloop
  endfacet
  facet normal 0.000000e+0 0.000000e+0 1.000000e+0
    outer loop
      vertex 1.372441e+1 -2.110834e+0 6.000000e-1
      vertex 1.412833e+1 -2.002883e+0 6.000000e-1
      vertex 1.233827e+1 -3.866489e-1 6.000000e-1
    endloop
  endfacet
  facet normal 0.000000e+0 0.000000e+0 1.000000e+0
    outer loop
      vertex 1.233827e+1 -3.866489e-1 6.000000e-1
      vertex 1.412833e+1 -2.002883e+0 6.000000e-1
      vertex 1.452391e+1 -1.854764e+0 6.000000e-1
    endloop
  endfacet
  facet normal 0.000000e+0 0.000000e+0 1.000000e+0
    outer loop
      vertex 1.233827e+1 -3.866489e-1 6.000000e-1
      vertex 1.452391e+1 -1.854764e+0 6.000000e-1
      vertex 1.481575e+1 -1.580660e+0 6.000000e-1
    endloop
  endfacet
  facet normal 0.000000e+0 0.000000e+0 1.000000e+0
    outer loop
      vertex 1.493524e+1 -1.430636e+0 6.000000e-1
      vertex 1.507942e+1 -1.084058e+0 6.000000e-1
      vertex 1.481575e+1 -1.580660e+0 6.000000e-1
    endloop
  endfacet
  facet normal 0.000000e+0 0.000000e+0 1.000000e+0
    outer loop
      vertex 1.481575e+1 -1.580660e+0 6.000000e-1
      vertex 1.507942e+1 -1.084058e+0 6.000000e-1
      vertex 1.511096e+1 -8.908634e-1 6.000000e-1
    endloop
  endfacet
  facet normal 0.000000e+0 0.000000e+0 1.000000e+0
    outer loop
      vertex 1.481575e+1 -1.580660e+0 6.000000e-1
      vertex 1.511096e+1 -8.908634e-1 6.000000e-1
      vertex 1.233827e+1 -3.866489e-1 6.000000e-1
    endloop
  endfacet
  facet normal 0.000000e+0 0.000000e+0 1.000000e+0
    outer loop
      vertex 1.233827e+1 -3.866489e-1 6.000000e-1
      vertex 1.511096e+1 -8.908634e-1 6.000000e-1
      vertex 1.513330e+1 -4.844842e-1 6.000000e-1
    endloop
  endfacet
  facet normal 0.000000e+0 0.000000e+0 1.000000e+0
    outer loop
      vertex 1.233827e+1 -3.866489e-1 6.000000e-1
      vertex 1.513330e+1 -4.844842e-1 6.000000e-1
      vertex 1.508567e+1 5.835945e-2 6.000000e-1
    endloop
  endfacet
  facet normal 0.000000e+0 0.000000e+0 1.000000e+0
    outer loop
      vertex 1.493524e+1 -1.430636e+0 6.000000e-1
      vertex 1.502345e+1 -1.265258e+0 6.000000e-1
      vertex 1.507942e+1 -1.084058e+0 6.000000e-1
    endloop
  endfacet
  facet normal 3.295819e-17 -2.034783e-16 1.000000e+0
    outer loop
      vertex 1.508567e+1 5.835945e-2 6.000000e-1
      vertex 1.498825e+1 5.882018e-1 6.000000e-1
      vertex 1.233827e+1 -3.866489e-1 6.000000e-1
    endloop
  endfacet
  facet normal -3.963265e-17 -6.151182e-18 1.000000e+0
    outer loop
      vertex 1.233827e+1 -3.866489e-1 6.000000e-1
      vertex 1.498825e+1 5.882018e-1 6.000000e-1
      vertex 1.227067e+1 4.887597e-2 6.000000e-1
    endloop
  endfacet
  facet normal -7.869029e-17 1.906541e-16 1.000000e+0
    outer loop
      vertex 1.227067e+1 4.887597e-2 6.000000e-1
      vertex 1.498825e+1 5.882018e-1 6.000000e-1
      vertex 1.480990e+1 1.096915e+0 6.000000e-1
    endloop
  endfacet
  facet normal 0.000000e+0 0.000000e+0 1.000000e+0
    outer loop
      vertex 1.227067e+1 4.887597e-2 6.000000e-1
      vertex 1.480990e+1 1.096915e+0 6.000000e-1
      vertex 1.215501e+1 4.644616e-1 6.000000e-1
    endloop
  endfacet
  facet normal 0.000000e+0 0.000000e+0 1.000000e+0
    outer loop
      vertex 1.215501e+1 4.644616e-1 6.000000e-1
      vertex 1.480990e+1 1.096915e+0 6.000000e-1
      vertex 1.458411e+1 1.593239e+0 6.000000e-1
    endloop
  endfacet
  facet normal 0.000000e+0 0.000000e+0 1.000000e+0
    outer loop
      vertex 1.215501e+1 4.644616e-1 6.000000e-1
      vertex 1.458411e+1 1.593239e+0 6.000000e-1
      vertex 1.425473e+1 2.088780e+0 6.000000e-1
    endloop
  endfacet
  facet normal 0.000000e+0 0.000000e+0 1.000000e+0
    outer loop
      vertex 1.215501e+1 4.644616e-1 6.000000e-1
      vertex 1.425473e+1 2.088780e+0 6.000000e-1
      vertex 1.195456e+1 8.448713e-1 6.000000e-1
    endloop
  endfacet
  facet normal 0.000000e+0 0.000000e+0 1.000000e+0
    outer loop
      vertex 1.195456e+1 8.448713e-1 6.000000e-1
      vertex 1.425473e+1 2.088780e+0 6.000000e-1
      vertex 1.388029e+1 2.540153e+0 6.000000e-1
    endloop
  endfacet
  facet normal 0.000000e+0 0.000000e+0 1.000000e+0
    outer loop
      vertex 1.195456e+1 8.448713e-1 6.000000e-1
      vertex 1.388029e+1 2.540153e+0 6.000000e-1
      vertex 1.343261e+1 2.919750e+0 6.000000e-1
    endloop
  endfacet
  facet normal 0.000000e+0 0.000000e+0 1.000000e+0
    outer loop
      vertex 1.195456e+1 8.448713e-1 6.000000e-1
      vertex 1.343261e+1 2.919750e+0 6.000000e-1
      vertex 1.169949e+1 1.202621e+0 6.000000e-1
    endloop
  endfacet
  facet normal 0.000000e+0 0.000000e+0 1.000000e+0
    outer loop
      vertex 1.169949e+1 1.202621e+0 6.000000e-1
      vertex 1.343261e+1 2.919750e+0 6.000000e-1
      vertex 1.294200e+1 3.257269e+0 6.000000e-1
    endloop
  endfacet
  facet normal 0.000000e+0 0.000000e+0 1.000000e+0
    outer loop
      vertex 1.169949e+1 1.202621e+0 6.000000e-1
      vertex 1.294200e+1 3.257269e+0 6.000000e-1
      vertex 1.138180e+1 1.454567e+0 6.000000e-1
    endloop
  endfacet
  facet normal 0.000000e+0 0.000000e+0 1.000000e+0
    outer loop
      vertex 1.138180e+1 1.454567e+0 6.000000e-1
      vertex 1.294200e+1 3.257269e+0 6.000000e-1
      vertex 1.232023e+1 3.540122e+0 6.000000e-1
    endloop
  endfacet
  facet normal 2.590851e-16 -1.165789e-16 1.000000e+0
    outer loop
      vertex 1.138180e+1 1.454567e+0 6.000000e-1
      vertex 1.232023e+1 3.540122e+0 6.000000e-1
      vertex 1.103963e+1 1.646466e+0 6.000000e-1
    endloop
  endfacet
  facet normal 1.576573e-16 -4.798793e-17 1.000000e+0
    outer loop
      vertex 1.103963e+1 1.646466e+0 6.000000e-1
      vertex 1.232023e+1 3.540122e+0 6.000000e-1
      vertex 1.168097e+1 3.753478e+0 6.000000e-1
    endloop
  endfacet
  facet normal -1.589709e-16 4.838777e-17 1.000000e+0
    outer loop
      vertex 1.103963e+1 1.646466e+0 6.000000e-1
      vertex 1.168097e+1 3.753478e+0 6.000000e-1
      vertex 1.101400e+1 3.856686e+0 6.000000e-1
    endloop
  endfacet
  facet normal -2.792142e-16 4.699332e-17 1.000000e+0
    outer loop
      vertex 1.103963e+1 1.646466e+0 6.000000e-1
      vertex 1.101400e+1 3.856686e+0 6.000000e-1
      vertex 1.065803e+1 1.741650e+0 6.000000e-1
    endloop
  endfacet
  facet normal 0.000000e+0 0.000000e+0 1.000000e+0
    outer loop
      vertex 1.065803e+1 1.741650e+0 6.000000e-1
      vertex 1.101400e+1 3.856686e+0 6.000000e-1
      vertex 1.033110e+1 3.896560e+0 6.000000e-1
    endloop
  endfacet
  facet normal 0.000000e+0 0.000000e+0 1.000000e+0
    outer loop
      vertex 1.065803e+1 1.741650e+0 6.000000e-1
      vertex 1.033110e+1 3.896560e+0 6.000000e-1
      vertex 1.025347e+1 1.780540e+0 6.000000e-1
    endloop
  endfacet
  facet normal 0.000000e+0 0.000000e+0 1.000000e+0
    outer loop
      vertex 1.025347e+1 1.780540e+0 6.000000e-1
      vertex 1.033110e+1 3.896560e+0 6.000000e-1
      vertex 9.789560e+0 3.869314e+0 6.000000e-1
    endloop
  endfacet
  facet normal 0.000000e+0 0.000000e+0 1.000000e+0
    outer loop
      vertex 1.025347e+1 1.780540e+0 6.000000e-1
      vertex 9.789560e+0 3.869314e+0 6.000000e-1
      vertex 9.860843e+0 1.736103e+0 6.000000e-1
    endloop
  endfacet
  facet normal 2.067275e-16 6.907924e-18 1.000000e+0
    outer loop
      vertex 9.860843e+0 1.736103e+0 6.000000e-1
      vertex 9.789560e+0 3.869314e+0 6.000000e-1
      vertex 9.254636e+0 3.805819e+0 6.000000e-1
    endloop
  endfacet
  facet normal 2.924482e-16 3.201497e-17 1.000000e+0
    outer loop
      vertex 9.860843e+0 1.736103e+0 6.000000e-1
      vertex 9.254636e+0 3.805819e+0 6.000000e-1
      vertex 9.492202e+0 1.635717e+0 6.000000e-1
    endloop
  endfacet
  facet normal -2.066168e-16 -2.261881e-17 1.000000e+0
    outer loop
      vertex 9.492202e+0 1.635717e+0 6.000000e-1
      vertex 9.254636e+0 3.805819e+0 6.000000e-1
      vertex 8.731052e+0 3.680207e+0 6.000000e-1
    endloop
  endfacet
  facet normal -1.542250e-17 4.856150e-17 1.000000e+0
    outer loop
      vertex 9.492202e+0 1.635717e+0 6.000000e-1
      vertex 8.731052e+0 3.680207e+0 6.000000e-1
      vertex 8.214488e+0 3.516152e+0 6.000000e-1
    endloop
  endfacet
  facet normal -2.094721e-17 4.480758e-17 1.000000e+0
    outer loop
      vertex 8.214488e+0 3.516152e+0 6.000000e-1
      vertex 7.767177e+0 3.307038e+0 6.000000e-1
      vertex 9.492202e+0 1.635717e+0 6.000000e-1
    endloop
  endfacet
  facet normal -2.390546e-17 4.175427e-17 1.000000e+0
    outer loop
      vertex 9.492202e+0 1.635717e+0 6.000000e-1
      vertex 7.767177e+0 3.307038e+0 6.000000e-1
      vertex 7.342724e+0 3.064027e+0 6.000000e-1
    endloop
  endfacet
  facet normal -2.786947e-17 3.578880e-17 1.000000e+0
    outer loop
      vertex 9.492202e+0 1.635717e+0 6.000000e-1
      vertex 7.342724e+0 3.064027e+0 6.000000e-1
      vertex 6.956969e+0 2.763632e+0 6.000000e-1
    endloop
  endfacet
  facet normal -2.958159e-17 3.194043e-17 1.000000e+0
    outer loop
      vertex 6.956969e+0 2.763632e+0 6.000000e-1
      vertex 6.594821e+0 2.428229e+0 6.000000e-1
      vertex 9.492202e+0 1.635717e+0 6.000000e-1
    endloop
  endfacet
  facet normal -1.329180e-16 -3.458519e-16 1.000000e+0
    outer loop
      vertex 9.492202e+0 1.635717e+0 6.000000e-1
      vertex 6.594821e+0 2.428229e+0 6.000000e-1
      vertex 9.164088e+0 1.440807e+0 6.000000e-1
    endloop
  endfacet
  facet normal 0.000000e+0 0.000000e+0 1.000000e+0
    outer loop
      vertex 9.164088e+0 1.440807e+0 6.000000e-1
      vertex 6.594821e+0 2.428229e+0 6.000000e-1
      vertex 8.860643e+0 1.188362e+0 6.000000e-1
    endloop
  endfacet
  facet normal 0.000000e+0 0.000000e+0 1.000000e+0
    outer loop
      vertex 8.860643e+0 1.188362e+0 6.000000e-1
      vertex 6.594821e+0 2.428229e+0 6.000000e-1
      vertex 8.605675e+0 8.306177e-1 6.000000e-1
    endloop
  endfacet
  facet normal 0.000000e+0 0.000000e+0 1.000000e+0
    outer loop
      vertex 8.605675e+0 8.306177e-1 6.000000e-1
      vertex 6.594821e+0 2.428229e+0 6.000000e-1
      vertex 6.284206e+0 2.043135e+0 6.000000e-1
    endloop
  endfacet
  facet normal 0.000000e+0 0.000000e+0 1.000000e+0
    outer loop
      vertex 8.605675e+0 8.306177e-1 6.000000e-1
      vertex 6.284206e+0 2.043135e+0 6.000000e-1
      vertex 8.401440e+0 4.510463e-1 6.000000e-1
    endloop
  endfacet
  facet normal 0.000000e+0 0.000000e+0 1.000000e+0
    outer loop
      vertex 8.401440e+0 4.510463e-1 6.000000e-1
      vertex 6.284206e+0 2.043135e+0 6.000000e-1
      vertex 6.007442e+0 1.637942e+0 6.000000e-1
    endloop
  endfacet
  facet normal 0.000000e+0 0.000000e+0 1.000000e+0
    outer loop
      vertex 8.401440e+0 4.510463e-1 6.000000e-1
      vertex 6.007442e+0 1.637942e+0 6.000000e-1
      vertex 5.786151e+0 1.199810e+0 6.000000e-1
    endloop
  endfacet
  facet normal 1.414411e-16 4.940271e-16 1.000000e+0
    outer loop
      vertex 8.401440e+0 4.510463e-1 6.000000e-1
      vertex 5.786151e+0 1.199810e+0 6.000000e-1
      vertex 8.276508e+0 3.735615e-2 6.000000e-1
    endloop
  endfacet
  facet normal -7.478032e-17 3.080978e-17 1.000000e+0
    outer loop
      vertex 8.276508e+0 3.735615e-2 6.000000e-1
      vertex 5.786151e+0 1.199810e+0 6.000000e-1
      vertex 5.597624e+0 7.422229e-1 6.000000e-1
    endloop
  endfacet
  facet normal -2.077129e-16 -4.744075e-16 1.000000e+0
    outer loop
      vertex 8.276508e+0 3.735615e-2 6.000000e-1
      vertex 5.597624e+0 7.422229e-1 6.000000e-1
      vertex 8.196737e+0 -3.957633e-1 6.000000e-1
    endloop
  endfacet
  facet normal 0.000000e+0 0.000000e+0 1.000000e+0
    outer loop
      vertex 8.196737e+0 -3.957633e-1 6.000000e-1
      vertex 5.597624e+0 7.422229e-1 6.000000e-1
      vertex 5.452063e+0 2.224802e-1 6.000000e-1
    endloop
  endfacet
  facet normal 0.000000e+0 0.000000e+0 1.000000e+0
    outer loop
      vertex 8.196737e+0 -3.957633e-1 6.000000e-1
      vertex 5.452063e+0 2.224802e-1 6.000000e-1
      vertex 5.340894e+0 -3.027748e-1 6.000000e-1
    endloop
  endfacet
  facet normal 0.000000e+0 0.000000e+0 1.000000e+0
    outer loop
      vertex 5.340894e+0 -3.027748e-1 6.000000e-1
      vertex 5.285517e+0 -8.369716e-1 6.000000e-1
      vertex 8.196737e+0 -3.957633e-1 6.000000e-1
    endloop
  endfacet
  facet normal 0.000000e+0 0.000000e+0 1.000000e+0
    outer loop
      vertex 8.196737e+0 -3.957633e-1 6.000000e-1
      vertex 5.285517e+0 -8.369716e-1 6.000000e-1
      vertex 5.262802e+0 -1.376403e+0 6.000000e-1
    endloop
  endfacet
  facet normal 0.000000e+0 0.000000e+0 1.000000e+0
    outer loop
      vertex 8.196737e+0 -3.957633e-1 6.000000e-1
      vertex 5.262802e+0 -1.376403e+0 6.000000e-1
      vertex 8.199656e+0 -2.185374e+0 6.000000e-1
    endloop
  endfacet
  facet normal 0.000000e+0 0.000000e+0 1.000000e+0
    outer loop
      vertex 8.199656e+0 -2.185374e+0 6.000000e-1
      vertex 5.262802e+0 -1.376403e+0 6.000000e-1
      vertex 5.350585e+0 -2.437439e+0 6.000000e-1
    endloop
  endfacet
  facet normal 0.000000e+0 0.000000e+0 1.000000e+0
    outer loop
      vertex 8.199656e+0 -2.185374e+0 6.000000e-1
      vertex 5.350585e+0 -2.437439e+0 6.000000e-1
      vertex 5.437412e+0 -2.951827e+0 6.000000e-1
    endloop
  endfacet
  facet normal 0.000000e+0 0.000000e+0 1.000000e+0
    outer loop
      vertex 8.199656e+0 -2.185374e+0 6.000000e-1
      vertex 5.437412e+0 -2.951827e+0 6.000000e-1
      vertex 8.229938e+0 -2.506242e+0 6.000000e-1
    endloop
  endfacet
  facet normal 0.000000e+0 0.000000e+0 1.000000e+0
    outer loop
      vertex 8.229938e+0 -2.506242e+0 6.000000e-1
      vertex 5.437412e+0 -2.951827e+0 6.000000e-1
      vertex 5.575761e+0 -3.446858e+0 6.000000e-1
    endloop
  endfacet
  facet normal 0.000000e+0 0.000000e+0 1.000000e+0
    outer loop
      vertex 8.229938e+0 -2.506242e+0 6.000000e-1
      vertex 5.575761e+0 -3.446858e+0 6.000000e-1
      vertex 8.288081e+0 -2.819918e+0 6.000000e-1
    endloop
  endfacet
  facet normal 0.000000e+0 0.000000e+0 1.000000e+0
    outer loop
      vertex 8.288081e+0 -2.819918e+0 6.000000e-1
      vertex 5.575761e+0 -3.446858e+0 6.000000e-1
      vertex 5.779940e+0 -3.917157e+0 6.000000e-1
    endloop
  endfacet
  facet normal 0.000000e+0 0.000000e+0 1.000000e+0
    outer loop
      vertex 8.288081e+0 -2.819918e+0 6.000000e-1
      vertex 5.779940e+0 -3.917157e+0 6.000000e-1
      vertex 6.041598e+0 -4.365861e+0 6.000000e-1
    endloop
  endfacet
  facet normal 0.000000e+0 0.000000e+0 1.000000e+0
    outer loop
      vertex 6.660821e+0 -5.227239e+0 6.000000e-1
      vertex 8.521390e+0 -3.417068e+0 6.000000e-1
      vertex 6.041598e+0 -4.365861e+0 6.000000e-1
    endloop
  endfacet
  facet normal 0.000000e+0 0.000000e+0 1.000000e+0
    outer loop
      vertex 6.041598e+0 -4.365861e+0 6.000000e-1
      vertex 8.521390e+0 -3.417068e+0 6.000000e-1
      vertex 8.391477e+0 -3.121915e+0 6.000000e-1
    endloop
  endfacet
  facet normal 0.000000e+0 0.000000e+0 1.000000e+0
    outer loop
      vertex 6.041598e+0 -4.365861e+0 6.000000e-1
      vertex 8.391477e+0 -3.121915e+0 6.000000e-1
      vertex 8.288081e+0 -2.819918e+0 6.000000e-1
    endloop
  endfacet
  facet normal 0.000000e+0 0.000000e+0 1.000000e+0
    outer loop
      vertex 8.521390e+0 -3.417068e+0 6.000000e-1
      vertex 6.660821e+0 -5.227239e+0 6.000000e-1
      vertex 8.681775e+0 -3.683941e+0 6.000000e-1
    endloop
  endfacet
  facet normal 0.000000e+0 0.000000e+0 1.000000e+0
    outer loop
      vertex 8.681775e+0 -3.683941e+0 6.000000e-1
      vertex 6.660821e+0 -5.227239e+0 6.000000e-1
      vertex 7.522822e+0 -5.863058e+0 6.000000e-1
    endloop
  endfacet
  facet normal 0.000000e+0 0.000000e+0 1.000000e+0
    outer loop
      vertex 8.681775e+0 -3.683941e+0 6.000000e-1
      vertex 7.522822e+0 -5.863058e+0 6.000000e-1
      vertex 8.865378e+0 -3.929674e+0 6.000000e-1
    endloop
  endfacet
  facet normal 0.000000e+0 0.000000e+0 1.000000e+0
    outer loop
      vertex 8.865378e+0 -3.929674e+0 6.000000e-1
      vertex 7.522822e+0 -5.863058e+0 6.000000e-1
      vertex 9.089193e+0 -4.138791e+0 6.000000e-1
    endloop
  endfacet
  facet normal 0.000000e+0 0.000000e+0 1.000000e+0
    outer loop
      vertex 9.089193e+0 -4.138791e+0 6.000000e-1
      vertex 7.522822e+0 -5.863058e+0 6.000000e-1
      vertex 7.972961e+0 -6.130665e+0 6.000000e-1
    endloop
  endfacet
  facet normal 0.000000e+0 0.000000e+0 1.000000e+0
    outer loop
      vertex 9.089193e+0 -4.138791e+0 6.000000e-1
      vertex 7.972961e+0 -6.130665e+0 6.000000e-1
      vertex 9.338238e+0 -4.324935e+0 6.000000e-1
    endloop
  endfacet
  facet normal 0.000000e+0 0.000000e+0 1.000000e+0
    outer loop
      vertex 9.338238e+0 -4.324935e+0 6.000000e-1
      vertex 7.972961e+0 -6.130665e+0 6.000000e-1
      vertex 8.446031e+0 -6.338007e+0 6.000000e-1
    endloop
  endfacet
  facet normal 0.000000e+0 0.000000e+0 1.000000e+0
    outer loop
      vertex 9.338238e+0 -4.324935e+0 6.000000e-1
      vertex 8.446031e+0 -6.338007e+0 6.000000e-1
      vertex 8.945126e+0 -6.476947e+0 6.000000e-1
    endloop
  endfacet
  facet normal 0.000000e+0 0.000000e+0 1.000000e+0
    outer loop
      vertex 9.338238e+0 -4.324935e+0 6.000000e-1
      vertex 8.945126e+0 -6.476947e+0 6.000000e-1
      vertex 9.604300e+0 -4.452623e+0 6.000000e-1
    endloop
  endfacet
  facet normal 0.000000e+0 0.000000e+0 1.000000e+0
    outer loop
      vertex 9.604300e+0 -4.452623e+0 6.000000e-1
      vertex 8.945126e+0 -6.476947e+0 6.000000e-1
      vertex 9.464507e+0 -6.562571e+0 6.000000e-1
    endloop
  endfacet
  facet normal 0.000000e+0 0.000000e+0 1.000000e+0
    outer loop
      vertex 9.604300e+0 -4.452623e+0 6.000000e-1
      vertex 9.464507e+0 -6.562571e+0 6.000000e-1
      vertex 9.878222e+0 -4.550928e+0 6.000000e-1
    endloop
  endfacet
  facet normal 0.000000e+0 0.000000e+0 1.000000e+0
    outer loop
      vertex 9.878222e+0 -4.550928e+0 6.000000e-1
      vertex 9.464507e+0 -6.562571e+0 6.000000e-1
      vertex 1.016505e+1 -4.600981e+0 6.000000e-1
    endloop
  endfacet
  facet normal 0.000000e+0 0.000000e+0 1.000000e+0
    outer loop
      vertex 1.016505e+1 -4.600981e+0 6.000000e-1
      vertex 9.464507e+0 -6.562571e+0 6.000000e-1
      vertex 1.053708e+1 -6.644955e+0 6.000000e-1
    endloop
  endfacet
  facet normal 0.000000e+0 0.000000e+0 1.000000e+0
    outer loop
      vertex 1.016505e+1 -4.600981e+0 6.000000e-1
      vertex 1.053708e+1 -6.644955e+0 6.000000e-1
      vertex 1.045951e+1 -4.622485e+0 6.000000e-1
    endloop
  endfacet
  facet normal 0.000000e+0 0.000000e+0 1.000000e+0
    outer loop
      vertex 1.045951e+1 -4.622485e+0 6.000000e-1
      vertex 1.053708e+1 -6.644955e+0 6.000000e-1
      vertex 1.065405e+1 -4.615756e+0 6.000000e-1
    endloop
  endfacet
  facet normal -4.544994e-16 2.619864e-17 1.000000e+0
    outer loop
      vertex 1.065405e+1 -4.615756e+0 6.000000e-1
      vertex 1.053708e+1 -6.644955e+0 6.000000e-1
      vertex 1.102672e+1 -6.626034e+0 6.000000e-1
    endloop
  endfacet
  facet normal -9.170940e-18 1.087545e-16 1.000000e+0
    outer loop
      vertex 1.065405e+1 -4.615756e+0 6.000000e-1
      vertex 1.102672e+1 -6.626034e+0 6.000000e-1
      vertex 1.084731e+1 -4.599458e+0 6.000000e-1
    endloop
  endfacet
  facet normal -1.859516e-17 1.079203e-16 1.000000e+0
    outer loop
      vertex 1.084731e+1 -4.599458e+0 6.000000e-1
      vertex 1.102672e+1 -6.626034e+0 6.000000e-1
      vertex 1.103838e+1 -4.566537e+0 6.000000e-1
    endloop
  endfacet
  facet normal 4.473431e-16 1.052822e-16 1.000000e+0
    outer loop
      vertex 1.103838e+1 -4.566537e+0 6.000000e-1
      vertex 1.102672e+1 -6.626034e+0 6.000000e-1
      vertex 1.151202e+1 -6.579033e+0 6.000000e-1
    endloop
  endfacet
  facet normal 0.000000e+0 0.000000e+0 1.000000e+0
    outer loop
      vertex 1.103838e+1 -4.566537e+0 6.000000e-1
      vertex 1.151202e+1 -6.579033e+0 6.000000e-1
      vertex 1.122806e+1 -4.523142e+0 6.000000e-1
    endloop
  endfacet
  facet normal 0.000000e+0 0.000000e+0 1.000000e+0
    outer loop
      vertex 1.122806e+1 -4.523142e+0 6.000000e-1
      vertex 1.151202e+1 -6.579033e+0 6.000000e-1
      vertex 1.198975e+1 -6.482998e+0 6.000000e-1
    endloop
  endfacet
  facet normal 0.000000e+0 0.000000e+0 1.000000e+0
    outer loop
      vertex 1.122806e+1 -4.523142e+0 6.000000e-1
      vertex 1.198975e+1 -6.482998e+0 6.000000e-1
      vertex 1.140186e+1 -4.463460e+0 6.000000e-1
    endloop
  endfacet
  facet normal 0.000000e+0 0.000000e+0 1.000000e+0
    outer loop
      vertex 1.140186e+1 -4.463460e+0 6.000000e-1
      vertex 1.198975e+1 -6.482998e+0 6.000000e-1
      vertex 1.157130e+1 -4.394319e+0 6.000000e-1
    endloop
  endfacet
  facet normal 0.000000e+0 0.000000e+0 1.000000e+0
    outer loop
      vertex 1.157130e+1 -4.394319e+0 6.000000e-1
      vertex 1.198975e+1 -6.482998e+0 6.000000e-1
      vertex 1.246267e+1 -6.355847e+0 6.000000e-1
    endloop
  endfacet
  facet normal 0.000000e+0 0.000000e+0 1.000000e+0
    outer loop
      vertex 1.157130e+1 -4.394319e+0 6.000000e-1
      vertex 1.246267e+1 -6.355847e+0 6.000000e-1
      vertex 1.173361e+1 -4.309710e+0 6.000000e-1
    endloop
  endfacet
  facet normal 0.000000e+0 0.000000e+0 1.000000e+0
    outer loop
      vertex 1.173361e+1 -4.309710e+0 6.000000e-1
      vertex 1.246267e+1 -6.355847e+0 6.000000e-1
      vertex 1.283353e+1 -6.214028e+0 6.000000e-1
    endloop
  endfacet
  facet normal 0.000000e+0 0.000000e+0 1.000000e+0
    outer loop
      vertex 1.173361e+1 -4.309710e+0 6.000000e-1
      vertex 1.283353e+1 -6.214028e+0 6.000000e-1
      vertex 1.189172e+1 -4.215984e+0 6.000000e-1
    endloop
  endfacet
  facet normal 0.000000e+0 0.000000e+0 1.000000e+0
    outer loop
      vertex 1.189172e+1 -4.215984e+0 6.000000e-1
      vertex 1.283353e+1 -6.214028e+0 6.000000e-1
      vertex 1.205714e+1 -4.102248e+0 6.000000e-1
    endloop
  endfacet
  facet normal 0.000000e+0 0.000000e+0 1.000000e+0
    outer loop
      vertex 1.205714e+1 -4.102248e+0 6.000000e-1
      vertex 1.283353e+1 -6.214028e+0 6.000000e-1
      vertex 1.319353e+1 -6.051467e+0 6.000000e-1
    endloop
  endfacet
  facet normal 0.000000e+0 0.000000e+0 1.000000e+0
    outer loop
      vertex 1.205714e+1 -4.102248e+0 6.000000e-1
      vertex 1.319353e+1 -6.051467e+0 6.000000e-1
      vertex 1.221915e+1 -3.984028e+0 6.000000e-1
    endloop
  endfacet
  facet normal 0.000000e+0 0.000000e+0 1.000000e+0
    outer loop
      vertex 1.221915e+1 -3.984028e+0 6.000000e-1
      vertex 1.319353e+1 -6.051467e+0 6.000000e-1
      vertex 1.353448e+1 -5.852557e+0 6.000000e-1
    endloop
  endfacet
  facet normal 0.000000e+0 0.000000e+0 1.000000e+0
    outer loop
      vertex 1.221915e+1 -3.984028e+0 6.000000e-1
      vertex 1.353448e+1 -5.852557e+0 6.000000e-1
      vertex 1.237559e+1 -3.858516e+0 6.000000e-1
    endloop
  endfacet
  facet normal 0.000000e+0 0.000000e+0 1.000000e+0
    outer loop
      vertex 1.237559e+1 -3.858516e+0 6.000000e-1
      vertex 1.353448e+1 -5.852557e+0 6.000000e-1
      vertex 1.386329e+1 -5.630465e+0 6.000000e-1
    endloop
  endfacet
  facet normal 0.000000e+0 0.000000e+0 1.000000e+0
    outer loop
      vertex 1.237559e+1 -3.858516e+0 6.000000e-1
      vertex 1.386329e+1 -5.630465e+0 6.000000e-1
      vertex 1.252876e+1 -3.728728e+0 6.000000e-1
    endloop
  endfacet
  facet normal 0.000000e+0 0.000000e+0 1.000000e+0
    outer loop
      vertex 1.252876e+1 -3.728728e+0 6.000000e-1
      vertex 1.386329e+1 -5.630465e+0 6.000000e-1
      vertex 1.410498e+1 -5.425401e+0 6.000000e-1
    endloop
  endfacet
  facet normal 0.000000e+0 0.000000e+0 1.000000e+0
    outer loop
      vertex 1.252876e+1 -3.728728e+0 6.000000e-1
      vertex 1.410498e+1 -5.425401e+0 6.000000e-1
      vertex 1.271640e+1 -3.560355e+0 6.000000e-1
    endloop
  endfacet
  facet normal 0.000000e+0 0.000000e+0 1.000000e+0
    outer loop
      vertex 1.271640e+1 -3.560355e+0 6.000000e-1
      vertex 1.410498e+1 -5.425401e+0 6.000000e-1
      vertex 1.433092e+1 -5.206152e+0 6.000000e-1
    endloop
  endfacet
  facet normal 0.000000e+0 0.000000e+0 1.000000e+0
    outer loop
      vertex 1.271640e+1 -3.560355e+0 6.000000e-1
      vertex 1.433092e+1 -5.206152e+0 6.000000e-1
      vertex 1.290280e+1 -3.390642e+0 6.000000e-1
    endloop
  endfacet
  facet normal 0.000000e+0 0.000000e+0 1.000000e+0
    outer loop
      vertex 1.290280e+1 -3.390642e+0 6.000000e-1
      vertex 1.433092e+1 -5.206152e+0 6.000000e-1
      vertex 1.452924e+1 -4.961993e+0 6.000000e-1
    endloop
  endfacet
  facet normal 0.000000e+0 0.000000e+0 1.000000e+0
    outer loop
      vertex 1.290280e+1 -3.390642e+0 6.000000e-1
      vertex 1.452924e+1 -4.961993e+0 6.000000e-1
      vertex 1.308733e+1 -3.218896e+0 6.000000e-1
    endloop
  endfacet
  facet normal 0.000000e+0 0.000000e+0 1.000000e+0
    outer loop
      vertex 1.308733e+1 -3.218896e+0 6.000000e-1
      vertex 1.452924e+1 -4.961993e+0 6.000000e-1
      vertex 1.470989e+1 -4.701897e+0 6.000000e-1
    endloop
  endfacet
  facet normal 0.000000e+0 0.000000e+0 1.000000e+0
    outer loop
      vertex 1.308733e+1 -3.218896e+0 6.000000e-1
      vertex 1.470989e+1 -4.701897e+0 6.000000e-1
      vertex 1.481981e+1 -4.494631e+0 6.000000e-1
    endloop
  endfacet
  facet normal -5.451999e-16 -2.900057e-16 1.000000e+0
    outer loop
      vertex 1.490993e+1 -4.281227e+0 6.000000e-1
      vertex 1.393753e+1 -2.835989e+0 6.000000e-1
      vertex 1.481981e+1 -4.494631e+0 6.000000e-1
    endloop
  endfacet
  facet normal 0.000000e+0 0.000000e+0 1.000000e+0
    outer loop
      vertex 1.481981e+1 -4.494631e+0 6.000000e-1
      vertex 1.393753e+1 -2.835989e+0 6.000000e-1
      vertex 1.375740e+1 -2.847787e+0 6.000000e-1
    endloop
  endfacet
  facet normal 0.000000e+0 0.000000e+0 1.000000e+0
    outer loop
      vertex 1.481981e+1 -4.494631e+0 6.000000e-1
      vertex 1.375740e+1 -2.847787e+0 6.000000e-1
      vertex 1.358423e+1 -2.880650e+0 6.000000e-1
    endloop
  endfacet
  facet normal 6.844168e-18 8.142432e-17 1.000000e+0
    outer loop
      vertex 1.393753e+1 -2.835989e+0 6.000000e-1
      vertex 1.490993e+1 -4.281227e+0 6.000000e-1
      vertex 1.414380e+1 -2.853327e+0 6.000000e-1
    endloop
  endfacet
  facet normal 5.354002e-16 3.650174e-16 1.000000e+0
    outer loop
      vertex 1.414380e+1 -2.853327e+0 6.000000e-1
      vertex 1.490993e+1 -4.281227e+0 6.000000e-1
      vertex 1.496423e+1 -4.056719e+0 6.000000e-1
    endloop
  endfacet
  facet normal 0.000000e+0 0.000000e+0 1.000000e+0
    outer loop
      vertex 1.414380e+1 -2.853327e+0 6.000000e-1
      vertex 1.496423e+1 -4.056719e+0 6.000000e-1
      vertex 1.434090e+1 -2.896424e+0 6.000000e-1
    endloop
  endfacet
  facet normal 0.000000e+0 0.000000e+0 1.000000e+0
    outer loop
      vertex 1.434090e+1 -2.896424e+0 6.000000e-1
      vertex 1.496423e+1 -4.056719e+0 6.000000e-1
      vertex 1.452219e+1 -2.983942e+0 6.000000e-1
    endloop
  endfacet
  facet normal 0.000000e+0 0.000000e+0 1.000000e+0
    outer loop
      vertex 1.452219e+1 -2.983942e+0 6.000000e-1
      vertex 1.496423e+1 -4.056719e+0 6.000000e-1
      vertex 1.469362e+1 -3.099171e+0 6.000000e-1
    endloop
  endfacet
  facet normal 0.000000e+0 0.000000e+0 1.000000e+0
    outer loop
      vertex 1.469362e+1 -3.099171e+0 6.000000e-1
      vertex 1.496423e+1 -4.056719e+0 6.000000e-1
      vertex 1.482513e+1 -3.256608e+0 6.000000e-1
    endloop
  endfacet
  facet normal 0.000000e+0 0.000000e+0 1.000000e+0
    outer loop
      vertex 1.482513e+1 -3.256608e+0 6.000000e-1
      vertex 1.496423e+1 -4.056719e+0 6.000000e-1
      vertex 1.499443e+1 -3.824739e+0 6.000000e-1
    endloop
  endfacet
  facet normal 0.000000e+0 0.000000e+0 1.000000e+0
    outer loop
      vertex 1.482513e+1 -3.256608e+0 6.000000e-1
      vertex 1.499443e+1 -3.824739e+0 6.000000e-1
      vertex 1.497429e+1 -3.619923e+0 6.000000e-1
    endloop
  endfacet
  facet normal 0.000000e+0 0.000000e+0 1.000000e+0
    outer loop
      vertex 1.497429e+1 -3.619923e+0 6.000000e-1
      vertex 1.492497e+1 -3.427520e+0 6.000000e-1
      vertex 1.482513e+1 -3.256608e+0 6.000000e-1
    endloop
  endfacet
  facet normal 0.000000e+0 0.000000e+0 1.000000e+0
    outer loop
      vertex 1.358423e+1 -2.880650e+0 6.000000e-1
      vertex 1.342346e+1 -2.951047e+0 6.000000e-1
      vertex 1.481981e+1 -4.494631e+0 6.000000e-1
    endloop
  endfacet
  facet normal 0.000000e+0 0.000000e+0 1.000000e+0
    outer loop
      vertex 1.481981e+1 -4.494631e+0 6.000000e-1
      vertex 1.342346e+1 -2.951047e+0 6.000000e-1
      vertex 1.327082e+1 -3.046012e+0 6.000000e-1
    endloop
  endfacet
  facet normal 0.000000e+0 0.000000e+0 1.000000e+0
    outer loop
      vertex 1.481981e+1 -4.494631e+0 6.000000e-1
      vertex 1.327082e+1 -3.046012e+0 6.000000e-1
      vertex 1.308733e+1 -3.218896e+0 6.000000e-1
    endloop
  endfacet
  facet normal 0.000000e+0 0.000000e+0 1.000000e+0
    outer loop
      vertex 8.196737e+0 -3.957633e-1 6.000000e-1
      vertex 8.199656e+0 -2.185374e+0 6.000000e-1
      vertex 1.233827e+1 -3.866489e-1 6.000000e-1
    endloop
  endfacet
  facet normal 0.000000e+0 0.000000e+0 -1.000000e+0
    outer loop
      vertex 1.481575e+1 -1.580660e+0 4.000000e-1
      vertex 1.452391e+1 -1.854764e+0 4.000000e-1
      vertex 1.233827e+1 -3.866489e-1 4.000000e-1
    endloop
  endfacet
  facet normal 0.000000e+0 0.000000e+0 -1.000000e+0
    outer loop
      vertex 1.233827e+1 -3.866489e-1 4.000000e-1
      vertex 1.452391e+1 -1.854764e+0 4.000000e-1
      vertex 1.412833e+1 -2.002883e+0 4.000000e-1
    endloop
  endfacet
  facet normal 0.000000e+0 0.000000e+0 -1.000000e+0
    outer loop
      vertex 1.233827e+1 -3.866489e-1 4.000000e-1
      vertex 1.412833e+1 -2.002883e+0 4.000000e-1
      vertex 1.372441e+1 -2.110834e+0 4.000000e-1
    endloop
  endfacet
  facet normal 0.000000e+0 0.000000e+0 -1.000000e+0
    outer loop
      vertex 1.372441e+1 -2.110834e+0 4.000000e-1
      vertex 1.330811e+1 -2.159339e+0 4.000000e-1
      vertex 1.233827e+1 -3.866489e-1 4.000000e-1
    endloop
  endfacet
  facet normal 0.000000e+0 0.000000e+0 -1.000000e+0
    outer loop
      vertex 1.233827e+1 -3.866489e-1 4.000000e-1
      vertex 1.330811e+1 -2.159339e+0 4.000000e-1
      vertex 1.288500e+1 -2.175063e+0 4.000000e-1
    endloop
  endfacet
  facet normal 0.000000e+0 0.000000e+0 -1.000000e+0
    outer loop
      vertex 1.233827e+1 -3.866489e-1 4.000000e-1
      vertex 1.288500e+1 -2.175063e+0 4.000000e-1
      vertex 8.199656e+0 -2.185374e+0 4.000000e-1
    endloop
  endfacet
  facet normal 0.000000e+0 0.000000e+0 -1.000000e+0
    outer loop
      vertex 8.229938e+0 -2.506242e+0 4.000000e-1
      vertex 5.437412e+0 -2.951827e+0 4.000000e-1
      vertex 8.199656e+0 -2.185374e+0 4.000000e-1
    endloop
  endfacet
  facet normal 0.000000e+0 0.000000e+0 -1.000000e+0
    outer loop
      vertex 8.199656e+0 -2.185374e+0 4.000000e-1
      vertex 5.437412e+0 -2.951827e+0 4.000000e-1
      vertex 5.350585e+0 -2.437439e+0 4.000000e-1
    endloop
  endfacet
  facet normal 0.000000e+0 0.000000e+0 -1.000000e+0
    outer loop
      vertex 8.199656e+0 -2.185374e+0 4.000000e-1
      vertex 5.350585e+0 -2.437439e+0 4.000000e-1
      vertex 5.262802e+0 -1.376403e+0 4.000000e-1
    endloop
  endfacet
  facet normal 0.000000e+0 0.000000e+0 -1.000000e+0
    outer loop
      vertex 5.437412e+0 -2.951827e+0 4.000000e-1
      vertex 8.229938e+0 -2.506242e+0 4.000000e-1
      vertex 5.575761e+0 -3.446858e+0 4.000000e-1
    endloop
  endfacet
  facet normal 0.000000e+0 0.000000e+0 -1.000000e+0
    outer loop
      vertex 5.575761e+0 -3.446858e+0 4.000000e-1
      vertex 8.229938e+0 -2.506242e+0 4.000000e-1
      vertex 8.288081e+0 -2.819918e+0 4.000000e-1
    endloop
  endfacet
  facet normal 0.000000e+0 0.000000e+0 -1.000000e+0
    outer loop
      vertex 5.575761e+0 -3.446858e+0 4.000000e-1
      vertex 8.288081e+0 -2.819918e+0 4.000000e-1
      vertex 5.779940e+0 -3.917157e+0 4.000000e-1
    endloop
  endfacet
  facet normal 0.000000e+0 0.000000e+0 -1.000000e+0
    outer loop
      vertex 5.779940e+0 -3.917157e+0 4.000000e-1
      vertex 8.288081e+0 -2.819918e+0 4.000000e-1
      vertex 6.041598e+0 -4.365861e+0 4.000000e-1
    endloop
  endfacet
  facet normal 0.000000e+0 0.000000e+0 -1.000000e+0
    outer loop
      vertex 6.041598e+0 -4.365861e+0 4.000000e-1
      vertex 8.288081e+0 -2.819918e+0 4.000000e-1
      vertex 8.391477e+0 -3.121915e+0 4.000000e-1
    endloop
  endfacet
  facet normal 0.000000e+0 0.000000e+0 -1.000000e+0
    outer loop
      vertex 6.041598e+0 -4.365861e+0 4.000000e-1
      vertex 8.391477e+0 -3.121915e+0 4.000000e-1
      vertex 8.521390e+0 -3.417068e+0 4.000000e-1
    endloop
  endfacet
  facet normal 0.000000e+0 0.000000e+0 -1.000000e+0
    outer loop
      vertex 6.041598e+0 -4.365861e+0 4.000000e-1
      vertex 8.521390e+0 -3.417068e+0 4.000000e-1
      vertex 6.660821e+0 -5.227239e+0 4.000000e-1
    endloop
  endfacet
  facet normal 0.000000e+0 0.000000e+0 -1.000000e+0
    outer loop
      vertex 6.660821e+0 -5.227239e+0 4.000000e-1
      vertex 8.521390e+0 -3.417068e+0 4.000000e-1
      vertex 8.681775e+0 -3.683941e+0 4.000000e-1
    endloop
  endfacet
  facet normal 0.000000e+0 0.000000e+0 -1.000000e+0
    outer loop
      vertex 6.660821e+0 -5.227239e+0 4.000000e-1
      vertex 8.681775e+0 -3.683941e+0 4.000000e-1
      vertex 7.522822e+0 -5.863058e+0 4.000000e-1
    endloop
  endfacet
  facet normal 0.000000e+0 0.000000e+0 -1.000000e+0
    outer loop
      vertex 7.522822e+0 -5.863058e+0 4.000000e-1
      vertex 8.681775e+0 -3.683941e+0 4.000000e-1
      vertex 8.865378e+0 -3.929674e+0 4.000000e-1
    endloop
  endfacet
  facet normal 0.000000e+0 0.000000e+0 -1.000000e+0
    outer loop
      vertex 7.522822e+0 -5.863058e+0 4.000000e-1
      vertex 8.865378e+0 -3.929674e+0 4.000000e-1
      vertex 9.089193e+0 -4.138791e+0 4.000000e-1
    endloop
  endfacet
  facet normal 0.000000e+0 0.000000e+0 -1.000000e+0
    outer loop
      vertex 7.522822e+0 -5.863058e+0 4.000000e-1
      vertex 9.089193e+0 -4.138791e+0 4.000000e-1
      vertex 7.972961e+0 -6.130665e+0 4.000000e-1
    endloop
  endfacet
  facet normal 0.000000e+0 0.000000e+0 -1.000000e+0
    outer loop
      vertex 7.972961e+0 -6.130665e+0 4.000000e-1
      vertex 9.089193e+0 -4.138791e+0 4.000000e-1
      vertex 9.338238e+0 -4.324935e+0 4.000000e-1
    endloop
  endfacet
  facet normal 0.000000e+0 0.000000e+0 -1.000000e+0
    outer loop
      vertex 7.972961e+0 -6.130665e+0 4.000000e-1
      vertex 9.338238e+0 -4.324935e+0 4.000000e-1
      vertex 8.446031e+0 -6.338007e+0 4.000000e-1
    endloop
  endfacet
  facet normal 0.000000e+0 0.000000e+0 -1.000000e+0
    outer loop
      vertex 8.446031e+0 -6.338007e+0 4.000000e-1
      vertex 9.338238e+0 -4.324935e+0 4.000000e-1
      vertex 8.945126e+0 -6.476947e+0 4.000000e-1
    endloop
  endfacet
  facet normal 0.000000e+0 0.000000e+0 -1.000000e+0
    outer loop
      vertex 8.945126e+0 -6.476947e+0 4.000000e-1
      vertex 9.338238e+0 -4.324935e+0 4.000000e-1
      vertex 9.604300e+0 -4.452623e+0 4.000000e-1
    endloop
  endfacet
  facet normal 0.000000e+0 0.000000e+0 -1.000000e+0
    outer loop
      vertex 8.945126e+0 -6.476947e+0 4.000000e-1
      vertex 9.604300e+0 -4.452623e+0 4.000000e-1
      vertex 9.464507e+0 -6.562571e+0 4.000000e-1
    endloop
  endfacet
  facet normal 0.000000e+0 0.000000e+0 -1.000000e+0
    outer loop
      vertex 9.464507e+0 -6.562571e+0 4.000000e-1
      vertex 9.604300e+0 -4.452623e+0 4.000000e-1
      vertex 9.878222e+0 -4.550928e+0 4.000000e-1
    endloop
  endfacet
  facet normal 0.000000e+0 0.000000e+0 -1.000000e+0
    outer loop
      vertex 9.464507e+0 -6.562571e+0 4.000000e-1
      vertex 9.878222e+0 -4.550928e+0 4.000000e-1
      vertex 1.016505e+1 -4.600981e+0 4.000000e-1
    endloop
  endfacet
  facet normal 0.000000e+0 0.000000e+0 -1.000000e+0
    outer loop
      vertex 9.464507e+0 -6.562571e+0 4.000000e-1
      vertex 1.016505e+1 -4.600981e+0 4.000000e-1
      vertex 1.053708e+1 -6.644955e+0 4.000000e-1
    endloop
  endfacet
  facet normal 0.000000e+0 0.000000e+0 -1.000000e+0
    outer loop
      vertex 1.053708e+1 -6.644955e+0 4.000000e-1
      vertex 1.016505e+1 -4.600981e+0 4.000000e-1
      vertex 1.045951e+1 -4.622485e+0 4.000000e-1
    endloop
  endfacet
  facet normal 0.000000e+0 0.000000e+0 -1.000000e+0
    outer loop
      vertex 1.053708e+1 -6.644955e+0 4.000000e-1
      vertex 1.045951e+1 -4.622485e+0 4.000000e-1
      vertex 1.065405e+1 -4.615756e+0 4.000000e-1
    endloop
  endfacet
  facet normal 0.000000e+0 0.000000e+0 -1.000000e+0
    outer loop
      vertex 1.053708e+1 -6.644955e+0 4.000000e-1
      vertex 1.065405e+1 -4.615756e+0 4.000000e-1
      vertex 1.102672e+1 -6.626034e+0 4.000000e-1
    endloop
  endfacet
  facet normal 0.000000e+0 0.000000e+0 -1.000000e+0
    outer loop
      vertex 1.102672e+1 -6.626034e+0 4.000000e-1
      vertex 1.065405e+1 -4.615756e+0 4.000000e-1
      vertex 1.084731e+1 -4.599458e+0 4.000000e-1
    endloop
  endfacet
  facet normal 0.000000e+0 0.000000e+0 -1.000000e+0
    outer loop
      vertex 1.102672e+1 -6.626034e+0 4.000000e-1
      vertex 1.084731e+1 -4.599458e+0 4.000000e-1
      vertex 1.103838e+1 -4.566537e+0 4.000000e-1
    endloop
  endfacet
  facet normal 0.000000e+0 0.000000e+0 -1.000000e+0
    outer loop
      vertex 1.102672e+1 -6.626034e+0 4.000000e-1
      vertex 1.103838e+1 -4.566537e+0 4.000000e-1
      vertex 1.151202e+1 -6.579033e+0 4.000000e-1
    endloop
  endfacet
  facet normal 0.000000e+0 0.000000e+0 -1.000000e+0
    outer loop
      vertex 1.151202e+1 -6.579033e+0 4.000000e-1
      vertex 1.103838e+1 -4.566537e+0 4.000000e-1
      vertex 1.122806e+1 -4.523142e+0 4.000000e-1
    endloop
  endfacet
  facet normal 0.000000e+0 0.000000e+0 -1.000000e+0
    outer loop
      vertex 1.151202e+1 -6.579033e+0 4.000000e-1
      vertex 1.122806e+1 -4.523142e+0 4.000000e-1
      vertex 1.198975e+1 -6.482998e+0 4.000000e-1
    endloop
  endfacet
  facet normal 0.000000e+0 0.000000e+0 -1.000000e+0
    outer loop
      vertex 1.198975e+1 -6.482998e+0 4.000000e-1
      vertex 1.122806e+1 -4.523142e+0 4.000000e-1
      vertex 1.140186e+1 -4.463460e+0 4.000000e-1
    endloop
  endfacet
  facet normal 0.000000e+0 0.000000e+0 -1.000000e+0
    outer loop
      vertex 1.198975e+1 -6.482998e+0 4.000000e-1
      vertex 1.140186e+1 -4.463460e+0 4.000000e-1
      vertex 1.157130e+1 -4.394319e+0 4.000000e-1
    endloop
  endfacet
  facet normal 0.000000e+0 0.000000e+0 -1.000000e+0
    outer loop
      vertex 1.198975e+1 -6.482998e+0 4.000000e-1
      vertex 1.157130e+1 -4.394319e+0 4.000000e-1
      vertex 1.246267e+1 -6.355847e+0 4.000000e-1
    endloop
  endfacet
  facet normal 0.000000e+0 0.000000e+0 -1.000000e+0
    outer loop
      vertex 1.246267e+1 -6.355847e+0 4.000000e-1
      vertex 1.157130e+1 -4.394319e+0 4.000000e-1
      vertex 1.173361e+1 -4.309710e+0 4.000000e-1
    endloop
  endfacet
  facet normal 0.000000e+0 0.000000e+0 -1.000000e+0
    outer loop
      vertex 1.246267e+1 -6.355847e+0 4.000000e-1
      vertex 1.173361e+1 -4.309710e+0 4.000000e-1
      vertex 1.283353e+1 -6.214028e+0 4.000000e-1
    endloop
  endfacet
  facet normal 0.000000e+0 0.000000e+0 -1.000000e+0
    outer loop
      vertex 1.283353e+1 -6.214028e+0 4.000000e-1
      vertex 1.173361e+1 -4.309710e+0 4.000000e-1
      vertex 1.189172e+1 -4.215984e+0 4.000000e-1
    endloop
  endfacet
  facet normal 0.000000e+0 0.000000e+0 -1.000000e+0
    outer loop
      vertex 1.283353e+1 -6.214028e+0 4.000000e-1
      vertex 1.189172e+1 -4.215984e+0 4.000000e-1
      vertex 1.205714e+1 -4.102248e+0 4.000000e-1
    endloop
  endfacet
  facet normal 0.000000e+0 0.000000e+0 -1.000000e+0
    outer loop
      vertex 1.283353e+1 -6.214028e+0 4.000000e-1
      vertex 1.205714e+1 -4.102248e+0 4.000000e-1
      vertex 1.319353e+1 -6.051467e+0 4.000000e-1
    endloop
  endfacet
  facet normal 0.000000e+0 0.000000e+0 -1.000000e+0
    outer loop
      vertex 1.319353e+1 -6.051467e+0 4.000000e-1
      vertex 1.205714e+1 -4.102248e+0 4.000000e-1
      vertex 1.221915e+1 -3.984028e+0 4.000000e-1
    endloop
  endfacet
  facet normal 0.000000e+0 0.000000e+0 -1.000000e+0
    outer loop
      vertex 1.319353e+1 -6.051467e+0 4.000000e-1
      vertex 1.221915e+1 -3.984028e+0 4.000000e-1
      vertex 1.353448e+1 -5.852557e+0 4.000000e-1
    endloop
  endfacet
  facet normal 0.000000e+0 0.000000e+0 -1.000000e+0
    outer loop
      vertex 1.353448e+1 -5.852557e+0 4.000000e-1
      vertex 1.221915e+1 -3.984028e+0 4.000000e-1
      vertex 1.237559e+1 -3.858516e+0 4.000000e-1
    endloop
  endfacet
  facet normal 0.000000e+0 0.000000e+0 -1.000000e+0
    outer loop
      vertex 1.353448e+1 -5.852557e+0 4.000000e-1
      vertex 1.237559e+1 -3.858516e+0 4.000000e-1
      vertex 1.386329e+1 -5.630465e+0 4.000000e-1
    endloop
  endfacet
  facet normal 0.000000e+0 0.000000e+0 -1.000000e+0
    outer loop
      vertex 1.386329e+1 -5.630465e+0 4.000000e-1
      vertex 1.237559e+1 -3.858516e+0 4.000000e-1
      vertex 1.252876e+1 -3.728728e+0 4.000000e-1
    endloop
  endfacet
  facet normal 0.000000e+0 0.000000e+0 -1.000000e+0
    outer loop
      vertex 1.386329e+1 -5.630465e+0 4.000000e-1
      vertex 1.252876e+1 -3.728728e+0 4.000000e-1
      vertex 1.410498e+1 -5.425401e+0 4.000000e-1
    endloop
  endfacet
  facet normal 0.000000e+0 0.000000e+0 -1.000000e+0
    outer loop
      vertex 1.410498e+1 -5.425401e+0 4.000000e-1
      vertex 1.252876e+1 -3.728728e+0 4.000000e-1
      vertex 1.271640e+1 -3.560355e+0 4.000000e-1
    endloop
  endfacet
  facet normal 0.000000e+0 0.000000e+0 -1.000000e+0
    outer loop
      vertex 1.410498e+1 -5.425401e+0 4.000000e-1
      vertex 1.271640e+1 -3.560355e+0 4.000000e-1
      vertex 1.433092e+1 -5.206152e+0 4.000000e-1
    endloop
  endfacet
  facet normal 0.000000e+0 0.000000e+0 -1.000000e+0
    outer loop
      vertex 1.433092e+1 -5.206152e+0 4.000000e-1
      vertex 1.271640e+1 -3.560355e+0 4.000000e-1
      vertex 1.290280e+1 -3.390642e+0 4.000000e-1
    endloop
  endfacet
  facet normal 0.000000e+0 0.000000e+0 -1.000000e+0
    outer loop
      vertex 1.433092e+1 -5.206152e+0 4.000000e-1
      vertex 1.290280e+1 -3.390642e+0 4.000000e-1
      vertex 1.452924e+1 -4.961993e+0 4.000000e-1
    endloop
  endfacet
  facet normal 0.000000e+0 0.000000e+0 -1.000000e+0
    outer loop
      vertex 1.452924e+1 -4.961993e+0 4.000000e-1
      vertex 1.290280e+1 -3.390642e+0 4.000000e-1
      vertex 1.308733e+1 -3.218896e+0 4.000000e-1
    endloop
  endfacet
  facet normal 0.000000e+0 0.000000e+0 -1.000000e+0
    outer loop
      vertex 1.452924e+1 -4.961993e+0 4.000000e-1
      vertex 1.308733e+1 -3.218896e+0 4.000000e-1
      vertex 1.470989e+1 -4.701897e+0 4.000000e-1
    endloop
  endfacet
  facet normal 0.000000e+0 0.000000e+0 -1.000000e+0
    outer loop
      vertex 1.470989e+1 -4.701897e+0 4.000000e-1
      vertex 1.308733e+1 -3.218896e+0 4.000000e-1
      vertex 1.481981e+1 -4.494631e+0 4.000000e-1
    endloop
  endfacet
  facet normal 0.000000e+0 0.000000e+0 -1.000000e+0
    outer loop
      vertex 1.481981e+1 -4.494631e+0 4.000000e-1
      vertex 1.308733e+1 -3.218896e+0 4.000000e-1
      vertex 1.327082e+1 -3.046012e+0 4.000000e-1
    endloop
  endfacet
  facet normal 0.000000e+0 0.000000e+0 -1.000000e+0
    outer loop
      vertex 1.481981e+1 -4.494631e+0 4.000000e-1
      vertex 1.327082e+1 -3.046012e+0 4.000000e-1
      vertex 1.342346e+1 -2.951047e+0 4.000000e-1
    endloop
  endfacet
  facet normal -2.473261e-16 -2.237340e-16 -1.000000e+0
    outer loop
      vertex 1.342346e+1 -2.951047e+0 4.000000e-1
      vertex 1.358423e+1 -2.880650e+0 4.000000e-1
      vertex 1.481981e+1 -4.494631e+0 4.000000e-1
    endloop
  endfacet
  facet normal 2.855925e-16 1.842408e-16 -1.000000e+0
    outer loop
      vertex 1.481981e+1 -4.494631e+0 4.000000e-1
      vertex 1.358423e+1 -2.880650e+0 4.000000e-1
      vertex 1.375740e+1 -2.847787e+0 4.000000e-1
    endloop
  endfacet
  facet normal 0.000000e+0 0.000000e+0 -1.000000e+0
    outer loop
      vertex 1.481981e+1 -4.494631e+0 4.000000e-1
      vertex 1.375740e+1 -2.847787e+0 4.000000e-1
      vertex 1.393753e+1 -2.835989e+0 4.000000e-1
    endloop
  endfacet
  facet normal 0.000000e+0 0.000000e+0 -1.000000e+0
    outer loop
      vertex 1.481981e+1 -4.494631e+0 4.000000e-1
      vertex 1.393753e+1 -2.835989e+0 4.000000e-1
      vertex 1.490993e+1 -4.281227e+0 4.000000e-1
    endloop
  endfacet
  facet normal 0.000000e+0 0.000000e+0 -1.000000e+0
    outer loop
      vertex 1.490993e+1 -4.281227e+0 4.000000e-1
      vertex 1.393753e+1 -2.835989e+0 4.000000e-1
      vertex 1.414380e+1 -2.853327e+0 4.000000e-1
    endloop
  endfacet
  facet normal 0.000000e+0 0.000000e+0 -1.000000e+0
    outer loop
      vertex 1.490993e+1 -4.281227e+0 4.000000e-1
      vertex 1.414380e+1 -2.853327e+0 4.000000e-1
      vertex 1.496423e+1 -4.056719e+0 4.000000e-1
    endloop
  endfacet
  facet normal 0.000000e+0 0.000000e+0 -1.000000e+0
    outer loop
      vertex 1.496423e+1 -4.056719e+0 4.000000e-1
      vertex 1.414380e+1 -2.853327e+0 4.000000e-1
      vertex 1.434090e+1 -2.896424e+0 4.000000e-1
    endloop
  endfacet
  facet normal 0.000000e+0 0.000000e+0 -1.000000e+0
    outer loop
      vertex 1.496423e+1 -4.056719e+0 4.000000e-1
      vertex 1.434090e+1 -2.896424e+0 4.000000e-1
      vertex 1.452219e+1 -2.983942e+0 4.000000e-1
    endloop
  endfacet
  facet normal 0.000000e+0 0.000000e+0 -1.000000e+0
    outer loop
      vertex 1.452219e+1 -2.983942e+0 4.000000e-1
      vertex 1.469362e+1 -3.099171e+0 4.000000e-1
      vertex 1.496423e+1 -4.056719e+0 4.000000e-1
    endloop
  endfacet
  facet normal 0.000000e+0 0.000000e+0 -1.000000e+0
    outer loop
      vertex 1.496423e+1 -4.056719e+0 4.000000e-1
      vertex 1.469362e+1 -3.099171e+0 4.000000e-1
      vertex 1.482513e+1 -3.256608e+0 4.000000e-1
    endloop
  endfacet
  facet normal 0.000000e+0 0.000000e+0 -1.000000e+0
    outer loop
      vertex 1.496423e+1 -4.056719e+0 4.000000e-1
      vertex 1.482513e+1 -3.256608e+0 4.000000e-1
      vertex 1.499443e+1 -3.824739e+0 4.000000e-1
    endloop
  endfacet
  facet normal 0.000000e+0 0.000000e+0 -1.000000e+0
    outer loop
      vertex 1.499443e+1 -3.824739e+0 4.000000e-1
      vertex 1.482513e+1 -3.256608e+0 4.000000e-1
      vertex 1.497429e+1 -3.619923e+0 4.000000e-1
    endloop
  endfacet
  facet normal 0.000000e+0 0.000000e+0 -1.000000e+0
    outer loop
      vertex 1.497429e+1 -3.619923e+0 4.000000e-1
      vertex 1.482513e+1 -3.256608e+0 4.000000e-1
      vertex 1.492497e+1 -3.427520e+0 4.000000e-1
    endloop
  endfacet
  facet normal 0.000000e+0 0.000000e+0 -1.000000e+0
    outer loop
      vertex 8.199656e+0 -2.185374e+0 4.000000e-1
      vertex 5.262802e+0 -1.376403e+0 4.000000e-1
      vertex 8.196737e+0 -3.957633e-1 4.000000e-1
    endloop
  endfacet
  facet normal 0.000000e+0 0.000000e+0 -1.000000e+0
    outer loop
      vertex 8.196737e+0 -3.957633e-1 4.000000e-1
      vertex 5.262802e+0 -1.376403e+0 4.000000e-1
      vertex 5.285517e+0 -8.369716e-1 4.000000e-1
    endloop
  endfacet
  facet normal 0.000000e+0 0.000000e+0 -1.000000e+0
    outer loop
      vertex 8.196737e+0 -3.957633e-1 4.000000e-1
      vertex 5.285517e+0 -8.369716e-1 4.000000e-1
      vertex 5.340894e+0 -3.027748e-1 4.000000e-1
    endloop
  endfacet
  facet normal 0.000000e+0 0.000000e+0 -1.000000e+0
    outer loop
      vertex 5.340894e+0 -3.027748e-1 4.000000e-1
      vertex 5.452063e+0 2.224802e-1 4.000000e-1
      vertex 8.196737e+0 -3.957633e-1 4.000000e-1
    endloop
  endfacet
  facet normal 0.000000e+0 0.000000e+0 -1.000000e+0
    outer loop
      vertex 8.196737e+0 -3.957633e-1 4.000000e-1
      vertex 5.452063e+0 2.224802e-1 4.000000e-1
      vertex 5.597624e+0 7.422229e-1 4.000000e-1
    endloop
  endfacet
  facet normal 0.000000e+0 0.000000e+0 -1.000000e+0
    outer loop
      vertex 8.196737e+0 -3.957633e-1 4.000000e-1
      vertex 5.597624e+0 7.422229e-1 4.000000e-1
      vertex 8.276508e+0 3.735615e-2 4.000000e-1
    endloop
  endfacet
  facet normal 0.000000e+0 0.000000e+0 -1.000000e+0
    outer loop
      vertex 8.276508e+0 3.735615e-2 4.000000e-1
      vertex 5.597624e+0 7.422229e-1 4.000000e-1
      vertex 5.786151e+0 1.199810e+0 4.000000e-1
    endloop
  endfacet
  facet normal -5.489677e-17 -1.176069e-16 -1.000000e+0
    outer loop
      vertex 8.276508e+0 3.735615e-2 4.000000e-1
      vertex 5.786151e+0 1.199810e+0 4.000000e-1
      vertex 8.401440e+0 4.510463e-1 4.000000e-1
    endloop
  endfacet
  facet normal -1.854408e-17 9.366150e-18 -1.000000e+0
    outer loop
      vertex 8.401440e+0 4.510463e-1 4.000000e-1
      vertex 5.786151e+0 1.199810e+0 4.000000e-1
      vertex 6.007442e+0 1.637942e+0 4.000000e-1
    endloop
  endfacet
  facet normal -1.732178e-17 1.183156e-17 -1.000000e+0
    outer loop
      vertex 8.401440e+0 4.510463e-1 4.000000e-1
      vertex 6.007442e+0 1.637942e+0 4.000000e-1
      vertex 6.284206e+0 2.043135e+0 4.000000e-1
    endloop
  endfacet
  facet normal 5.962804e-17 1.141630e-16 -1.000000e+0
    outer loop
      vertex 8.401440e+0 4.510463e-1 4.000000e-1
      vertex 6.284206e+0 2.043135e+0 4.000000e-1
      vertex 8.605675e+0 8.306177e-1 4.000000e-1
    endloop
  endfacet
  facet normal 0.000000e+0 0.000000e+0 -1.000000e+0
    outer loop
      vertex 8.605675e+0 8.306177e-1 4.000000e-1
      vertex 6.284206e+0 2.043135e+0 4.000000e-1
      vertex 6.594821e+0 2.428229e+0 4.000000e-1
    endloop
  endfacet
  facet normal 0.000000e+0 0.000000e+0 -1.000000e+0
    outer loop
      vertex 8.605675e+0 8.306177e-1 4.000000e-1
      vertex 6.594821e+0 2.428229e+0 4.000000e-1
      vertex 6.956969e+0 2.763632e+0 4.000000e-1
    endloop
  endfacet
  facet normal 0.000000e+0 0.000000e+0 -1.000000e+0
    outer loop
      vertex 7.342724e+0 3.064027e+0 4.000000e-1
      vertex 9.860843e+0 1.736103e+0 4.000000e-1
      vertex 6.956969e+0 2.763632e+0 4.000000e-1
    endloop
  endfacet
  facet normal -8.509564e-17 -2.404867e-16 -1.000000e+0
    outer loop
      vertex 6.956969e+0 2.763632e+0 4.000000e-1
      vertex 9.860843e+0 1.736103e+0 4.000000e-1
      vertex 9.492202e+0 1.635717e+0 4.000000e-1
    endloop
  endfacet
  facet normal 8.496788e-17 1.417680e-16 -1.000000e+0
    outer loop
      vertex 6.956969e+0 2.763632e+0 4.000000e-1
      vertex 9.492202e+0 1.635717e+0 4.000000e-1
      vertex 9.164088e+0 1.440807e+0 4.000000e-1
    endloop
  endfacet
  facet normal 0.000000e+0 0.000000e+0 -1.000000e+0
    outer loop
      vertex 7.342724e+0 3.064027e+0 4.000000e-1
      vertex 7.767177e+0 3.307038e+0 4.000000e-1
      vertex 9.860843e+0 1.736103e+0 4.000000e-1
    endloop
  endfacet
  facet normal 0.000000e+0 0.000000e+0 -1.000000e+0
    outer loop
      vertex 9.860843e+0 1.736103e+0 4.000000e-1
      vertex 7.767177e+0 3.307038e+0 4.000000e-1
      vertex 8.214488e+0 3.516152e+0 4.000000e-1
    endloop
  endfacet
  facet normal 0.000000e+0 0.000000e+0 -1.000000e+0
    outer loop
      vertex 9.860843e+0 1.736103e+0 4.000000e-1
      vertex 8.214488e+0 3.516152e+0 4.000000e-1
      vertex 8.731052e+0 3.680207e+0 4.000000e-1
    endloop
  endfacet
  facet normal 0.000000e+0 0.000000e+0 -1.000000e+0
    outer loop
      vertex 8.731052e+0 3.680207e+0 4.000000e-1
      vertex 9.254636e+0 3.805819e+0 4.000000e-1
      vertex 9.860843e+0 1.736103e+0 4.000000e-1
    endloop
  endfacet
  facet normal 0.000000e+0 0.000000e+0 -1.000000e+0
    outer loop
      vertex 9.860843e+0 1.736103e+0 4.000000e-1
      vertex 9.254636e+0 3.805819e+0 4.000000e-1
      vertex 9.789560e+0 3.869314e+0 4.000000e-1
    endloop
  endfacet
  facet normal 0.000000e+0 0.000000e+0 -1.000000e+0
    outer loop
      vertex 9.860843e+0 1.736103e+0 4.000000e-1
      vertex 9.789560e+0 3.869314e+0 4.000000e-1
      vertex 1.025347e+1 1.780540e+0 4.000000e-1
    endloop
  endfacet
  facet normal 0.000000e+0 0.000000e+0 -1.000000e+0
    outer loop
      vertex 1.025347e+1 1.780540e+0 4.000000e-1
      vertex 9.789560e+0 3.869314e+0 4.000000e-1
      vertex 1.033110e+1 3.896560e+0 4.000000e-1
    endloop
  endfacet
  facet normal 0.000000e+0 0.000000e+0 -1.000000e+0
    outer loop
      vertex 1.025347e+1 1.780540e+0 4.000000e-1
      vertex 1.033110e+1 3.896560e+0 4.000000e-1
      vertex 1.065803e+1 1.741650e+0 4.000000e-1
    endloop
  endfacet
  facet normal 0.000000e+0 0.000000e+0 -1.000000e+0
    outer loop
      vertex 1.065803e+1 1.741650e+0 4.000000e-1
      vertex 1.033110e+1 3.896560e+0 4.000000e-1
      vertex 1.101400e+1 3.856686e+0 4.000000e-1
    endloop
  endfacet
  facet normal 0.000000e+0 0.000000e+0 -1.000000e+0
    outer loop
      vertex 1.065803e+1 1.741650e+0 4.000000e-1
      vertex 1.101400e+1 3.856686e+0 4.000000e-1
      vertex 1.103963e+1 1.646466e+0 4.000000e-1
    endloop
  endfacet
  facet normal 0.000000e+0 0.000000e+0 -1.000000e+0
    outer loop
      vertex 1.103963e+1 1.646466e+0 4.000000e-1
      vertex 1.101400e+1 3.856686e+0 4.000000e-1
      vertex 1.168097e+1 3.753478e+0 4.000000e-1
    endloop
  endfacet
  facet normal 0.000000e+0 0.000000e+0 -1.000000e+0
    outer loop
      vertex 1.103963e+1 1.646466e+0 4.000000e-1
      vertex 1.168097e+1 3.753478e+0 4.000000e-1
      vertex 1.232023e+1 3.540122e+0 4.000000e-1
    endloop
  endfacet
  facet normal 0.000000e+0 0.000000e+0 -1.000000e+0
    outer loop
      vertex 1.103963e+1 1.646466e+0 4.000000e-1
      vertex 1.232023e+1 3.540122e+0 4.000000e-1
      vertex 1.138180e+1 1.454567e+0 4.000000e-1
    endloop
  endfacet
  facet normal 0.000000e+0 0.000000e+0 -1.000000e+0
    outer loop
      vertex 1.138180e+1 1.454567e+0 4.000000e-1
      vertex 1.232023e+1 3.540122e+0 4.000000e-1
      vertex 1.294200e+1 3.257269e+0 4.000000e-1
    endloop
  endfacet
  facet normal 0.000000e+0 0.000000e+0 -1.000000e+0
    outer loop
      vertex 1.138180e+1 1.454567e+0 4.000000e-1
      vertex 1.294200e+1 3.257269e+0 4.000000e-1
      vertex 1.169949e+1 1.202621e+0 4.000000e-1
    endloop
  endfacet
  facet normal 0.000000e+0 0.000000e+0 -1.000000e+0
    outer loop
      vertex 1.169949e+1 1.202621e+0 4.000000e-1
      vertex 1.294200e+1 3.257269e+0 4.000000e-1
      vertex 1.343261e+1 2.919750e+0 4.000000e-1
    endloop
  endfacet
  facet normal 0.000000e+0 0.000000e+0 -1.000000e+0
    outer loop
      vertex 1.169949e+1 1.202621e+0 4.000000e-1
      vertex 1.343261e+1 2.919750e+0 4.000000e-1
      vertex 1.195456e+1 8.448713e-1 4.000000e-1
    endloop
  endfacet
  facet normal 0.000000e+0 0.000000e+0 -1.000000e+0
    outer loop
      vertex 1.195456e+1 8.448713e-1 4.000000e-1
      vertex 1.343261e+1 2.919750e+0 4.000000e-1
      vertex 1.388029e+1 2.540153e+0 4.000000e-1
    endloop
  endfacet
  facet normal 0.000000e+0 0.000000e+0 -1.000000e+0
    outer loop
      vertex 1.195456e+1 8.448713e-1 4.000000e-1
      vertex 1.388029e+1 2.540153e+0 4.000000e-1
      vertex 1.425473e+1 2.088780e+0 4.000000e-1
    endloop
  endfacet
  facet normal 0.000000e+0 0.000000e+0 -1.000000e+0
    outer loop
      vertex 1.195456e+1 8.448713e-1 4.000000e-1
      vertex 1.425473e+1 2.088780e+0 4.000000e-1
      vertex 1.215501e+1 4.644616e-1 4.000000e-1
    endloop
  endfacet
  facet normal 0.000000e+0 0.000000e+0 -1.000000e+0
    outer loop
      vertex 1.215501e+1 4.644616e-1 4.000000e-1
      vertex 1.425473e+1 2.088780e+0 4.000000e-1
      vertex 1.458411e+1 1.593239e+0 4.000000e-1
    endloop
  endfacet
  facet normal 0.000000e+0 0.000000e+0 -1.000000e+0
    outer loop
      vertex 1.215501e+1 4.644616e-1 4.000000e-1
      vertex 1.458411e+1 1.593239e+0 4.000000e-1
      vertex 1.480990e+1 1.096915e+0 4.000000e-1
    endloop
  endfacet
  facet normal 0.000000e+0 0.000000e+0 -1.000000e+0
    outer loop
      vertex 1.215501e+1 4.644616e-1 4.000000e-1
      vertex 1.480990e+1 1.096915e+0 4.000000e-1
      vertex 1.227067e+1 4.887597e-2 4.000000e-1
    endloop
  endfacet
  facet normal 0.000000e+0 0.000000e+0 -1.000000e+0
    outer loop
      vertex 1.227067e+1 4.887597e-2 4.000000e-1
      vertex 1.480990e+1 1.096915e+0 4.000000e-1
      vertex 1.498825e+1 5.882018e-1 4.000000e-1
    endloop
  endfacet
  facet normal 0.000000e+0 0.000000e+0 -1.000000e+0
    outer loop
      vertex 1.227067e+1 4.887597e-2 4.000000e-1
      vertex 1.498825e+1 5.882018e-1 4.000000e-1
      vertex 1.233827e+1 -3.866489e-1 4.000000e-1
    endloop
  endfacet
  facet normal 0.000000e+0 0.000000e+0 -1.000000e+0
    outer loop
      vertex 1.233827e+1 -3.866489e-1 4.000000e-1
      vertex 1.498825e+1 5.882018e-1 4.000000e-1
      vertex 1.508567e+1 5.835945e-2 4.000000e-1
    endloop
  endfacet
  facet normal 0.000000e+0 0.000000e+0 -1.000000e+0
    outer loop
      vertex 1.233827e+1 -3.866489e-1 4.000000e-1
      vertex 1.508567e+1 5.835945e-2 4.000000e-1
      vertex 1.513330e+1 -4.844842e-1 4.000000e-1
    endloop
  endfacet
  facet normal 0.000000e+0 0.000000e+0 -1.000000e+0
    outer loop
      vertex 1.513330e+1 -4.844842e-1 4.000000e-1
      vertex 1.511096e+1 -8.908634e-1 4.000000e-1
      vertex 1.233827e+1 -3.866489e-1 4.000000e-1
    endloop
  endfacet
  facet normal 0.000000e+0 0.000000e+0 -1.000000e+0
    outer loop
      vertex 1.233827e+1 -3.866489e-1 4.000000e-1
      vertex 1.511096e+1 -8.908634e-1 4.000000e-1
      vertex 1.481575e+1 -1.580660e+0 4.000000e-1
    endloop
  endfacet
  facet normal 0.000000e+0 0.000000e+0 -1.000000e+0
    outer loop
      vertex 1.511096e+1 -8.908634e-1 4.000000e-1
      vertex 1.507942e+1 -1.084058e+0 4.000000e-1
      vertex 1.481575e+1 -1.580660e+0 4.000000e-1
    endloop
  endfacet
  facet normal 0.000000e+0 0.000000e+0 -1.000000e+0
    outer loop
      vertex 1.481575e+1 -1.580660e+0 4.000000e-1
      vertex 1.507942e+1 -1.084058e+0 4.000000e-1
      vertex 1.493524e+1 -1.430636e+0 4.000000e-1
    endloop
  endfacet
  facet normal 0.000000e+0 0.000000e+0 -1.000000e+0
    outer loop
      vertex 1.493524e+1 -1.430636e+0 4.000000e-1
      vertex 1.507942e+1 -1.084058e+0 4.000000e-1
      vertex 1.502345e+1 -1.265258e+0 4.000000e-1
    endloop
  endfacet
  facet normal 0.000000e+0 0.000000e+0 -1.000000e+0
    outer loop
      vertex 9.164088e+0 1.440807e+0 4.000000e-1
      vertex 8.860643e+0 1.188362e+0 4.000000e-1
      vertex 6.956969e+0 2.763632e+0 4.000000e-1
    endloop
  endfacet
  facet normal 0.000000e+0 0.000000e+0 -1.000000e+0
    outer loop
      vertex 6.956969e+0 2.763632e+0 4.000000e-1
      vertex 8.860643e+0 1.188362e+0 4.000000e-1
      vertex 8.605675e+0 8.306177e-1 4.000000e-1
    endloop
  endfacet
  facet normal 0.000000e+0 0.000000e+0 -1.000000e+0
    outer loop
      vertex 8.196737e+0 -3.957633e-1 4.000000e-1
      vertex 1.233827e+1 -3.866489e-1 4.000000e-1
      vertex 8.199656e+0 -2.185374e+0 4.000000e-1
    endloop
  endfacet
  facet normal 2.200742e-3 -9.999976e-1 0.000000e+0
    outer loop
      vertex 1.278656e+0 4.724843e+0 4.000000e-1
      vertex 4.043900e+0 4.730928e+0 4.000000e-1
      vertex 1.278656e+0 4.724843e+0 6.000000e-1
    endloop
  endfacet
  facet normal 2.200742e-3 -9.999976e-1 0.000000e+0
    outer loop
      vertex 1.278656e+0 4.724843e+0 6.000000e-1
      vertex 4.043900e+0 4.730928e+0 4.000000e-1
      vertex 4.043900e+0 4.730928e+0 6.000000e-1
    endloop
  endfacet
  facet normal 9.999976e-1 2.200742e-3 1.110220e-15
    outer loop
      vertex 1.299671e+0 -4.824255e+0 4.000000e-1
      vertex 1.278656e+0 4.724843e+0 4.000000e-1
      vertex 1.299671e+0 -4.824255e+0 6.000000e-1
    endloop
  endfacet
  facet normal 9.999976e-1 2.200742e-3 0.000000e+0
    outer loop
      vertex 1.299671e+0 -4.824255e+0 6.000000e-1
      vertex 1.278656e+0 4.724843e+0 4.000000e-1
      vertex 1.278656e+0 4.724843e+0 6.000000e-1
    endloop
  endfacet
  facet normal 8.465105e-1 -5.323721e-1 0.000000e+0
    outer loop
      vertex 8.754703e-1 -6.202064e+0 4.000000e-1
      vertex 1.073141e+0 -5.887753e+0 4.000000e-1
      vertex 8.754703e-1 -6.202064e+0 6.000000e-1
    endloop
  endfacet
  facet normal 8.465105e-1 -5.323721e-1 0.000000e+0
    outer loop
      vertex 8.754703e-1 -6.202064e+0 6.000000e-1
      vertex 1.073141e+0 -5.887753e+0 4.000000e-1
      vertex 1.073141e+0 -5.887753e+0 6.000000e-1
    endloop
  endfacet
  facet normal 9.178113e-1 -3.970168e-1 0.000000e+0
    outer loop
      vertex 1.073141e+0 -5.887753e+0 6.000000e-1
      vertex 1.073141e+0 -5.887753e+0 4.000000e-1
      vertex 1.216789e+0 -5.555671e+0 4.000000e-1
    endloop
  endfacet
  facet normal 9.178113e-1 -3.970168e-1 0.000000e+0
    outer loop
      vertex 1.073141e+0 -5.887753e+0 6.000000e-1
      vertex 1.216789e+0 -5.555671e+0 4.000000e-1
      vertex 1.216789e+0 -5.555671e+0 6.000000e-1
    endloop
  endfacet
  facet normal 9.846448e-1 -1.745698e-1 0.000000e+0
    outer loop
      vertex 1.216789e+0 -5.555671e+0 6.000000e-1
      vertex 1.216789e+0 -5.555671e+0 4.000000e-1
      vertex 1.280337e+0 -5.197236e+0 4.000000e-1
    endloop
  endfacet
  facet normal 9.846448e-1 -1.745698e-1 0.000000e+0
    outer loop
      vertex 1.216789e+0 -5.555671e+0 6.000000e-1
      vertex 1.280337e+0 -5.197236e+0 4.000000e-1
      vertex 1.280337e+0 -5.197236e+0 6.000000e-1
    endloop
  endfacet
  facet normal 9.986592e-1 -5.176678e-2 0.000000e+0
    outer loop
      vertex 1.280337e+0 -5.197236e+0 6.000000e-1
      vertex 1.280337e+0 -5.197236e+0 4.000000e-1
      vertex 1.299671e+0 -4.824255e+0 4.000000e-1
    endloop
  endfacet
  facet normal 9.986592e-1 -5.176678e-2 1.114736e-15
    outer loop
      vertex 1.280337e+0 -5.197236e+0 6.000000e-1
      vertex 1.299671e+0 -4.824255e+0 4.000000e-1
      vertex 1.299671e+0 -4.824255e+0 6.000000e-1
    endloop
  endfacet
  facet normal 1.073938e-1 -9.942166e-1 0.000000e+0
    outer loop
      vertex -2.343692e-1 -6.668661e+0 4.000000e-1
      vertex 7.841648e-2 -6.634874e+0 4.000000e-1
      vertex -2.343692e-1 -6.668661e+0 6.000000e-1
    endloop
  endfacet
  facet normal 1.073938e-1 -9.942166e-1 0.000000e+0
    outer loop
      vertex -2.343692e-1 -6.668661e+0 6.000000e-1
      vertex 7.841648e-2 -6.634874e+0 4.000000e-1
      vertex 7.841648e-2 -6.634874e+0 6.000000e-1
    endloop
  endfacet
  facet normal 2.573557e-1 -9.663168e-1 0.000000e+0
    outer loop
      vertex 7.841648e-2 -6.634874e+0 6.000000e-1
      vertex 7.841648e-2 -6.634874e+0 4.000000e-1
      vertex 3.722448e-1 -6.556620e+0 4.000000e-1
    endloop
  endfacet
  facet normal 2.573557e-1 -9.663168e-1 0.000000e+0
    outer loop
      vertex 7.841648e-2 -6.634874e+0 6.000000e-1
      vertex 3.722448e-1 -6.556620e+0 4.000000e-1
      vertex 3.722448e-1 -6.556620e+0 6.000000e-1
    endloop
  endfacet
  facet normal 5.074165e-1 -8.617010e-1 0.000000e+0
    outer loop
      vertex 3.722448e-1 -6.556620e+0 6.000000e-1
      vertex 3.722448e-1 -6.556620e+0 4.000000e-1
      vertex 6.337790e-1 -6.402614e+0 4.000000e-1
    endloop
  endfacet
  facet normal 5.074165e-1 -8.617010e-1 0.000000e+0
    outer loop
      vertex 3.722448e-1 -6.556620e+0 6.000000e-1
      vertex 6.337790e-1 -6.402614e+0 4.000000e-1
      vertex 6.337790e-1 -6.402614e+0 6.000000e-1
    endloop
  endfacet
  facet normal 6.385687e-1 -7.695649e-1 0.000000e+0
    outer loop
      vertex 6.337790e-1 -6.402614e+0 6.000000e-1
      vertex 6.337790e-1 -6.402614e+0 4.000000e-1
      vertex 8.754703e-1 -6.202064e+0 4.000000e-1
    endloop
  endfacet
  facet normal 6.385687e-1 -7.695649e-1 0.000000e+0
    outer loop
      vertex 6.337790e-1 -6.402614e+0 6.000000e-1
      vertex 8.754703e-1 -6.202064e+0 4.000000e-1
      vertex 8.754703e-1 -6.202064e+0 6.000000e-1
    endloop
  endfacet
  facet normal -6.342797e-1 -7.731037e-1 0.000000e+0
    outer loop
      vertex -1.353463e+0 -6.205367e+0 4.000000e-1
      vertex -1.109218e+0 -6.405753e+0 4.000000e-1
      vertex -1.353463e+0 -6.205367e+0 6.000000e-1
    endloop
  endfacet
  facet normal -6.342797e-1 -7.731037e-1 0.000000e+0
    outer loop
      vertex -1.353463e+0 -6.205367e+0 6.000000e-1
      vertex -1.109218e+0 -6.405753e+0 4.000000e-1
      vertex -1.109218e+0 -6.405753e+0 6.000000e-1
    endloop
  endfacet
  facet normal -5.025280e-1 -8.645610e-1 0.000000e+0
    outer loop
      vertex -1.109218e+0 -6.405753e+0 6.000000e-1
      vertex -1.109218e+0 -6.405753e+0 4.000000e-1
      vertex -8.452471e-1 -6.559186e+0 4.000000e-1
    endloop
  endfacet
  facet normal -5.025280e-1 -8.645610e-1 0.000000e+0
    outer loop
      vertex -1.109218e+0 -6.405753e+0 6.000000e-1
      vertex -8.452471e-1 -6.559186e+0 4.000000e-1
      vertex -8.452471e-1 -6.559186e+0 6.000000e-1
    endloop
  endfacet
  facet normal -2.520763e-1 -9.677073e-1 0.000000e+0
    outer loop
      vertex -8.452471e-1 -6.559186e+0 6.000000e-1
      vertex -8.452471e-1 -6.559186e+0 4.000000e-1
      vertex -5.492100e-1 -6.636301e+0 4.000000e-1
    endloop
  endfacet
  facet normal -2.520763e-1 -9.677073e-1 0.000000e+0
    outer loop
      vertex -8.452471e-1 -6.559186e+0 6.000000e-1
      vertex -5.492100e-1 -6.636301e+0 4.000000e-1
      vertex -5.492100e-1 -6.636301e+0 6.000000e-1
    endloop
  endfacet
  facet normal -1.022426e-1 -9.947595e-1 0.000000e+0
    outer loop
      vertex -5.492100e-1 -6.636301e+0 6.000000e-1
      vertex -5.492100e-1 -6.636301e+0 4.000000e-1
      vertex -2.343692e-1 -6.668661e+0 4.000000e-1
    endloop
  endfacet
  facet normal -1.022426e-1 -9.947595e-1 0.000000e+0
    outer loop
      vertex -5.492100e-1 -6.636301e+0 6.000000e-1
      vertex -2.343692e-1 -6.668661e+0 4.000000e-1
      vertex -2.343692e-1 -6.668661e+0 6.000000e-1
    endloop
  endfacet
  facet normal -9.983664e-1 -5.713590e-2 0.000000e+0
    outer loop
      vertex -1.785541e+0 -4.831045e+0 4.000000e-1
      vertex -1.764215e+0 -5.203686e+0 4.000000e-1
      vertex -1.785541e+0 -4.831045e+0 6.000000e-1
    endloop
  endfacet
  facet normal -9.983664e-1 -5.713590e-2 0.000000e+0
    outer loop
      vertex -1.785541e+0 -4.831045e+0 6.000000e-1
      vertex -1.764215e+0 -5.203686e+0 4.000000e-1
      vertex -1.764215e+0 -5.203686e+0 6.000000e-1
    endloop
  endfacet
  facet normal -9.836148e-1 -1.802828e-1 0.000000e+0
    outer loop
      vertex -1.764215e+0 -5.203686e+0 6.000000e-1
      vertex -1.764215e+0 -5.203686e+0 4.000000e-1
      vertex -1.698635e+0 -5.561492e+0 4.000000e-1
    endloop
  endfacet
  facet normal -9.836148e-1 -1.802828e-1 0.000000e+0
    outer loop
      vertex -1.764215e+0 -5.203686e+0 6.000000e-1
      vertex -1.698635e+0 -5.561492e+0 4.000000e-1
      vertex -1.698635e+0 -5.561492e+0 6.000000e-1
    endloop
  endfacet
  facet normal -9.152872e-1 -4.028019e-1 0.000000e+0
    outer loop
      vertex -1.698635e+0 -5.561492e+0 6.000000e-1
      vertex -1.698635e+0 -5.561492e+0 4.000000e-1
      vertex -1.552982e+0 -5.892458e+0 4.000000e-1
    endloop
  endfacet
  facet normal -9.152872e-1 -4.028019e-1 0.000000e+0
    outer loop
      vertex -1.698635e+0 -5.561492e+0 6.000000e-1
      vertex -1.552982e+0 -5.892458e+0 4.000000e-1
      vertex -1.552982e+0 -5.892458e+0 6.000000e-1
    endloop
  endfacet
  facet normal -8.431780e-1 -5.376346e-1 0.000000e+0
    outer loop
      vertex -1.552982e+0 -5.892458e+0 6.000000e-1
      vertex -1.552982e+0 -5.892458e+0 4.000000e-1
      vertex -1.353463e+0 -6.205367e+0 4.000000e-1
    endloop
  endfacet
  facet normal -8.431780e-1 -5.376346e-1 0.000000e+0
    outer loop
      vertex -1.552982e+0 -5.892458e+0 6.000000e-1
      vertex -1.353463e+0 -6.205367e+0 4.000000e-1
      vertex -1.353463e+0 -6.205367e+0 6.000000e-1
    endloop
  endfacet
  facet normal -9.999976e-1 -2.200742e-3 1.110220e-15
    outer loop
      vertex -1.806557e+0 4.718053e+0 4.000000e-1
      vertex -1.785541e+0 -4.831045e+0 4.000000e-1
      vertex -1.806557e+0 4.718053e+0 6.000000e-1
    endloop
  endfacet
  facet normal -9.999976e-1 -2.200742e-3 0.000000e+0
    outer loop
      vertex -1.806557e+0 4.718053e+0 6.000000e-1
      vertex -1.785541e+0 -4.831045e+0 4.000000e-1
      vertex -1.785541e+0 -4.831045e+0 6.000000e-1
    endloop
  endfacet
  facet normal 2.200742e-3 -9.999976e-1 -9.773256e-18
    outer loop
      vertex -4.581120e+0 4.711947e+0 4.000000e-1
      vertex -1.806557e+0 4.718053e+0 4.000000e-1
      vertex -4.581120e+0 4.711947e+0 6.000000e-1
    endloop
  endfacet
  facet normal 2.200742e-3 -9.999976e-1 0.000000e+0
    outer loop
      vertex -4.581120e+0 4.711947e+0 6.000000e-1
      vertex -1.806557e+0 4.718053e+0 4.000000e-1
      vertex -1.806557e+0 4.718053e+0 6.000000e-1
    endloop
  endfacet
  facet normal -5.270098e-1 -8.498592e-1 0.000000e+0
    outer loop
      vertex -5.744613e+0 5.066203e+0 4.000000e-1
      vertex -5.478581e+0 4.901234e+0 4.000000e-1
      vertex -5.744613e+0 5.066203e+0 6.000000e-1
    endloop
  endfacet
  facet normal -5.270098e-1 -8.498592e-1 0.000000e+0
    outer loop
      vertex -5.744613e+0 5.066203e+0 6.000000e-1
      vertex -5.478581e+0 4.901234e+0 4.000000e-1
      vertex -5.478581e+0 4.901234e+0 6.000000e-1
    endloop
  endfacet
  facet normal -3.929684e-1 -9.195520e-1 0.000000e+0
    outer loop
      vertex -5.478581e+0 4.901234e+0 6.000000e-1
      vertex -5.478581e+0 4.901234e+0 4.000000e-1
      vertex -5.197911e+0 4.781290e+0 4.000000e-1
    endloop
  endfacet
  facet normal -3.929684e-1 -9.195520e-1 0.000000e+0
    outer loop
      vertex -5.478581e+0 4.901234e+0 6.000000e-1
      vertex -5.197911e+0 4.781290e+0 4.000000e-1
      vertex -5.197911e+0 4.781290e+0 6.000000e-1
    endloop
  endfacet
  facet normal -1.730206e-1 -9.849182e-1 0.000000e+0
    outer loop
      vertex -5.197911e+0 4.781290e+0 6.000000e-1
      vertex -5.197911e+0 4.781290e+0 4.000000e-1
      vertex -4.895514e+0 4.728168e+0 4.000000e-1
    endloop
  endfacet
  facet normal -1.730206e-1 -9.849182e-1 0.000000e+0
    outer loop
      vertex -5.197911e+0 4.781290e+0 6.000000e-1
      vertex -4.895514e+0 4.728168e+0 4.000000e-1
      vertex -4.895514e+0 4.728168e+0 6.000000e-1
    endloop
  endfacet
  facet normal -5.152550e-2 -9.986717e-1 0.000000e+0
    outer loop
      vertex -4.895514e+0 4.728168e+0 6.000000e-1
      vertex -4.895514e+0 4.728168e+0 4.000000e-1
      vertex -4.581120e+0 4.711947e+0 4.000000e-1
    endloop
  endfacet
  facet normal -5.152550e-2 -9.986717e-1 2.341892e-16
    outer loop
      vertex -4.895514e+0 4.728168e+0 6.000000e-1
      vertex -4.581120e+0 4.711947e+0 4.000000e-1
      vertex -4.581120e+0 4.711947e+0 6.000000e-1
    endloop
  endfacet
  facet normal -9.944674e-1 -1.050457e-1 0.000000e+0
    outer loop
      vertex -6.141154e+0 6.008929e+0 4.000000e-1
      vertex -6.113048e+0 5.742851e+0 4.000000e-1
      vertex -6.141154e+0 6.008929e+0 6.000000e-1
    endloop
  endfacet
  facet normal -9.944674e-1 -1.050457e-1 0.000000e+0
    outer loop
      vertex -6.141154e+0 6.008929e+0 6.000000e-1
      vertex -6.113048e+0 5.742851e+0 4.000000e-1
      vertex -6.113048e+0 5.742851e+0 6.000000e-1
    endloop
  endfacet
  facet normal -9.667460e-1 -2.557383e-1 0.000000e+0
    outer loop
      vertex -6.113048e+0 5.742851e+0 6.000000e-1
      vertex -6.113048e+0 5.742851e+0 4.000000e-1
      vertex -6.046961e+0 5.493027e+0 4.000000e-1
    endloop
  endfacet
  facet normal -9.667460e-1 -2.557383e-1 0.000000e+0
    outer loop
      vertex -6.113048e+0 5.742851e+0 6.000000e-1
      vertex -6.046961e+0 5.493027e+0 4.000000e-1
      vertex -6.046961e+0 5.493027e+0 6.000000e-1
    endloop
  endfacet
  facet normal -8.610860e-1 -5.084594e-1 0.000000e+0
    outer loop
      vertex -6.046961e+0 5.493027e+0 6.000000e-1
      vertex -6.046961e+0 5.493027e+0 4.000000e-1
      vertex -5.915869e+0 5.271021e+0 4.000000e-1
    endloop
  endfacet
  facet normal -8.610860e-1 -5.084594e-1 0.000000e+0
    outer loop
      vertex -6.046961e+0 5.493027e+0 6.000000e-1
      vertex -5.915869e+0 5.271021e+0 4.000000e-1
      vertex -5.915869e+0 5.271021e+0 6.000000e-1
    endloop
  endfacet
  facet normal -7.671599e-1 -6.414559e-1 0.000000e+0
    outer loop
      vertex -5.915869e+0 5.271021e+0 6.000000e-1
      vertex -5.915869e+0 5.271021e+0 4.000000e-1
      vertex -5.744613e+0 5.066203e+0 4.000000e-1
    endloop
  endfacet
  facet normal -7.671599e-1 -6.414559e-1 0.000000e+0
    outer loop
      vertex -5.915869e+0 5.271021e+0 6.000000e-1
      vertex -5.744613e+0 5.066203e+0 4.000000e-1
      vertex -5.744613e+0 5.066203e+0 6.000000e-1
    endloop
  endfacet
  facet normal -7.570273e-1 6.533833e-1 0.000000e+0
    outer loop
      vertex -5.732266e+0 6.967189e+0 4.000000e-1
      vertex -5.910475e+0 6.760713e+0 4.000000e-1
      vertex -5.732266e+0 6.967189e+0 6.000000e-1
    endloop
  endfacet
  facet normal -7.570273e-1 6.533833e-1 0.000000e+0
    outer loop
      vertex -5.732266e+0 6.967189e+0 6.000000e-1
      vertex -5.910475e+0 6.760713e+0 4.000000e-1
      vertex -5.910475e+0 6.760713e+0 6.000000e-1
    endloop
  endfacet
  facet normal -8.561832e-1 5.166723e-1 0.000000e+0
    outer loop
      vertex -5.910475e+0 6.760713e+0 6.000000e-1
      vertex -5.910475e+0 6.760713e+0 4.000000e-1
      vertex -6.046231e+0 6.535750e+0 4.000000e-1
    endloop
  endfacet
  facet normal -8.561832e-1 5.166723e-1 0.000000e+0
    outer loop
      vertex -5.910475e+0 6.760713e+0 6.000000e-1
      vertex -6.046231e+0 6.535750e+0 4.000000e-1
      vertex -6.046231e+0 6.535750e+0 6.000000e-1
    endloop
  endfacet
  facet normal -9.667661e-1 2.556624e-1 0.000000e+0
    outer loop
      vertex -6.046231e+0 6.535750e+0 6.000000e-1
      vertex -6.046231e+0 6.535750e+0 4.000000e-1
      vertex -6.113598e+0 6.281007e+0 4.000000e-1
    endloop
  endfacet
  facet normal -9.667661e-1 2.556624e-1 0.000000e+0
    outer loop
      vertex -6.046231e+0 6.535750e+0 6.000000e-1
      vertex -6.113598e+0 6.281007e+0 4.000000e-1
      vertex -6.113598e+0 6.281007e+0 6.000000e-1
    endloop
  endfacet
  facet normal -9.949102e-1 1.007655e-1 0.000000e+0
    outer loop
      vertex -6.113598e+0 6.281007e+0 6.000000e-1
      vertex -6.113598e+0 6.281007e+0 4.000000e-1
      vertex -6.141154e+0 6.008929e+0 4.000000e-1
    endloop
  endfacet
  facet normal -9.949102e-1 1.007655e-1 0.000000e+0
    outer loop
      vertex -6.113598e+0 6.281007e+0 6.000000e-1
      vertex -6.141154e+0 6.008929e+0 4.000000e-1
      vertex -6.141154e+0 6.008929e+0 6.000000e-1
    endloop
  endfacet
  facet normal -6.220248e-2 9.980636e-1 0.000000e+0
    outer loop
      vertex -4.586864e+0 7.321795e+0 4.000000e-1
      vertex -4.895854e+0 7.302537e+0 4.000000e-1
      vertex -4.586864e+0 7.321795e+0 6.000000e-1
    endloop
  endfacet
  facet normal -6.220248e-2 9.980636e-1 0.000000e+0
    outer loop
      vertex -4.586864e+0 7.321795e+0 6.000000e-1
      vertex -4.895854e+0 7.302537e+0 4.000000e-1
      vertex -4.895854e+0 7.302537e+0 6.000000e-1
    endloop
  endfacet
  facet normal -1.819939e-1 9.832997e-1 0.000000e+0
    outer loop
      vertex -4.895854e+0 7.302537e+0 6.000000e-1
      vertex -4.895854e+0 7.302537e+0 4.000000e-1
      vertex -5.193173e+0 7.247508e+0 4.000000e-1
    endloop
  endfacet
  facet normal -1.819939e-1 9.832997e-1 0.000000e+0
    outer loop
      vertex -4.895854e+0 7.302537e+0 6.000000e-1
      vertex -5.193173e+0 7.247508e+0 4.000000e-1
      vertex -5.193173e+0 7.247508e+0 6.000000e-1
    endloop
  endfacet
  facet normal -3.955383e-1 9.184495e-1 0.000000e+0
    outer loop
      vertex -5.193173e+0 7.247508e+0 6.000000e-1
      vertex -5.193173e+0 7.247508e+0 4.000000e-1
      vertex -5.469607e+0 7.128459e+0 4.000000e-1
    endloop
  endfacet
  facet normal -3.955383e-1 9.184495e-1 0.000000e+0
    outer loop
      vertex -5.193173e+0 7.247508e+0 6.000000e-1
      vertex -5.469607e+0 7.128459e+0 4.000000e-1
      vertex -5.469607e+0 7.128459e+0 6.000000e-1
    endloop
  endfacet
  facet normal -5.232337e-1 8.521892e-1 0.000000e+0
    outer loop
      vertex -5.469607e+0 7.128459e+0 6.000000e-1
      vertex -5.469607e+0 7.128459e+0 4.000000e-1
      vertex -5.732266e+0 6.967189e+0 4.000000e-1
    endloop
  endfacet
  facet normal -5.232337e-1 8.521892e-1 0.000000e+0
    outer loop
      vertex -5.469607e+0 7.128459e+0 6.000000e-1
      vertex -5.732266e+0 6.967189e+0 4.000000e-1
      vertex -5.732266e+0 6.967189e+0 6.000000e-1
    endloop
  endfacet
  facet normal -2.200742e-3 9.999976e-1 0.000000e+0
    outer loop
      vertex 4.038156e+0 7.340776e+0 4.000000e-1
      vertex -4.586864e+0 7.321795e+0 4.000000e-1
      vertex 4.038156e+0 7.340776e+0 6.000000e-1
    endloop
  endfacet
  facet normal -2.200742e-3 9.999976e-1 0.000000e+0
    outer loop
      vertex 4.038156e+0 7.340776e+0 6.000000e-1
      vertex -4.586864e+0 7.321795e+0 4.000000e-1
      vertex -4.586864e+0 7.321795e+0 6.000000e-1
    endloop
  endfacet
  facet normal 5.295506e-1 8.482783e-1 0.000000e+0
    outer loop
      vertex 5.220164e+0 6.977675e+0 4.000000e-1
      vertex 4.950126e+0 7.146251e+0 4.000000e-1
      vertex 5.220164e+0 6.977675e+0 6.000000e-1
    endloop
  endfacet
  facet normal 5.295506e-1 8.482783e-1 0.000000e+0
    outer loop
      vertex 5.220164e+0 6.977675e+0 6.000000e-1
      vertex 4.950126e+0 7.146251e+0 4.000000e-1
      vertex 4.950126e+0 7.146251e+0 6.000000e-1
    endloop
  endfacet
  facet normal 3.958071e-1 9.183336e-1 0.000000e+0
    outer loop
      vertex 4.950126e+0 7.146251e+0 6.000000e-1
      vertex 4.950126e+0 7.146251e+0 4.000000e-1
      vertex 4.665119e+0 7.269091e+0 4.000000e-1
    endloop
  endfacet
  facet normal 3.958071e-1 9.183336e-1 0.000000e+0
    outer loop
      vertex 4.950126e+0 7.146251e+0 6.000000e-1
      vertex 4.665119e+0 7.269091e+0 4.000000e-1
      vertex 4.665119e+0 7.269091e+0 6.000000e-1
    endloop
  endfacet
  facet normal 1.752319e-1 9.845272e-1 0.000000e+0
    outer loop
      vertex 4.665119e+0 7.269091e+0 6.000000e-1
      vertex 4.665119e+0 7.269091e+0 4.000000e-1
      vertex 4.357809e+0 7.323788e+0 4.000000e-1
    endloop
  endfacet
  facet normal 1.752319e-1 9.845272e-1 0.000000e+0
    outer loop
      vertex 4.665119e+0 7.269091e+0 6.000000e-1
      vertex 4.357809e+0 7.323788e+0 4.000000e-1
      vertex 4.357809e+0 7.323788e+0 6.000000e-1
    endloop
  endfacet
  facet normal 5.307110e-2 9.985907e-1 0.000000e+0
    outer loop
      vertex 4.357809e+0 7.323788e+0 6.000000e-1
      vertex 4.357809e+0 7.323788e+0 4.000000e-1
      vertex 4.038156e+0 7.340776e+0 4.000000e-1
    endloop
  endfacet
  facet normal 5.307110e-2 9.985907e-1 0.000000e+0
    outer loop
      vertex 4.357809e+0 7.323788e+0 6.000000e-1
      vertex 4.038156e+0 7.340776e+0 4.000000e-1
      vertex 4.038156e+0 7.340776e+0 6.000000e-1
    endloop
  endfacet
  facet normal 9.937006e-1 1.120678e-1 0.000000e+0
    outer loop
      vertex 5.625878e+0 6.034826e+0 4.000000e-1
      vertex 5.595797e+0 6.301557e+0 4.000000e-1
      vertex 5.625878e+0 6.034826e+0 6.000000e-1
    endloop
  endfacet
  facet normal 9.937006e-1 1.120678e-1 0.000000e+0
    outer loop
      vertex 5.625878e+0 6.034826e+0 6.000000e-1
      vertex 5.595797e+0 6.301557e+0 4.000000e-1
      vertex 5.595797e+0 6.301557e+0 6.000000e-1
    endloop
  endfacet
  facet normal 9.644283e-1 2.643445e-1 0.000000e+0
    outer loop
      vertex 5.595797e+0 6.301557e+0 6.000000e-1
      vertex 5.595797e+0 6.301557e+0 4.000000e-1
      vertex 5.527268e+0 6.551573e+0 4.000000e-1
    endloop
  endfacet
  facet normal 9.644283e-1 2.643445e-1 0.000000e+0
    outer loop
      vertex 5.595797e+0 6.301557e+0 6.000000e-1
      vertex 5.527268e+0 6.551573e+0 4.000000e-1
      vertex 5.527268e+0 6.551573e+0 6.000000e-1
    endloop
  endfacet
  facet normal 8.563864e-1 5.163354e-1 0.000000e+0
    outer loop
      vertex 5.527268e+0 6.551573e+0 6.000000e-1
      vertex 5.527268e+0 6.551573e+0 4.000000e-1
      vertex 5.393602e+0 6.773270e+0 4.000000e-1
    endloop
  endfacet
  facet normal 8.563864e-1 5.163354e-1 0.000000e+0
    outer loop
      vertex 5.527268e+0 6.551573e+0 6.000000e-1
      vertex 5.393602e+0 6.773270e+0 4.000000e-1
      vertex 5.393602e+0 6.773270e+0 6.000000e-1
    endloop
  endfacet
  facet normal 7.625033e-1 6.469843e-1 0.000000e+0
    outer loop
      vertex 5.393602e+0 6.773270e+0 6.000000e-1
      vertex 5.393602e+0 6.773270e+0 4.000000e-1
      vertex 5.220164e+0 6.977675e+0 4.000000e-1
    endloop
  endfacet
  facet normal 7.625033e-1 6.469843e-1 0.000000e+0
    outer loop
      vertex 5.393602e+0 6.773270e+0 6.000000e-1
      vertex 5.220164e+0 6.977675e+0 4.000000e-1
      vertex 5.220164e+0 6.977675e+0 6.000000e-1
    endloop
  endfacet
  facet normal 7.603116e-1 -6.495585e-1 0.000000e+0
    outer loop
      vertex 5.222281e+0 5.090847e+0 4.000000e-1
      vertex 5.396669e+0 5.294971e+0 4.000000e-1
      vertex 5.222281e+0 5.090847e+0 6.000000e-1
    endloop
  endfacet
  facet normal 7.603116e-1 -6.495585e-1 0.000000e+0
    outer loop
      vertex 5.222281e+0 5.090847e+0 6.000000e-1
      vertex 5.396669e+0 5.294971e+0 4.000000e-1
      vertex 5.396669e+0 5.294971e+0 6.000000e-1
    endloop
  endfacet
  facet normal 8.565837e-1 -5.160081e-1 0.000000e+0
    outer loop
      vertex 5.396669e+0 5.294971e+0 6.000000e-1
      vertex 5.396669e+0 5.294971e+0 4.000000e-1
      vertex 5.530286e+0 5.516776e+0 4.000000e-1
    endloop
  endfacet
  facet normal 8.565837e-1 -5.160081e-1 0.000000e+0
    outer loop
      vertex 5.396669e+0 5.294971e+0 6.000000e-1
      vertex 5.530286e+0 5.516776e+0 4.000000e-1
      vertex 5.530286e+0 5.516776e+0 6.000000e-1
    endloop
  endfacet
  facet normal 9.658050e-1 -2.592695e-1 0.000000e+0
    outer loop
      vertex 5.530286e+0 5.516776e+0 6.000000e-1
      vertex 5.530286e+0 5.516776e+0 4.000000e-1
      vertex 5.597554e+0 5.767356e+0 4.000000e-1
    endloop
  endfacet
  facet normal 9.658050e-1 -2.592695e-1 0.000000e+0
    outer loop
      vertex 5.530286e+0 5.516776e+0 6.000000e-1
      vertex 5.597554e+0 5.767356e+0 4.000000e-1
      vertex 5.597554e+0 5.767356e+0 6.000000e-1
    endloop
  endfacet
  facet normal 9.944395e-1 -1.053097e-1 0.000000e+0
    outer loop
      vertex 5.597554e+0 5.767356e+0 6.000000e-1
      vertex 5.597554e+0 5.767356e+0 4.000000e-1
      vertex 5.625878e+0 6.034826e+0 4.000000e-1
    endloop
  endfacet
  facet normal 9.944395e-1 -1.053097e-1 0.000000e+0
    outer loop
      vertex 5.597554e+0 5.767356e+0 6.000000e-1
      vertex 5.625878e+0 6.034826e+0 4.000000e-1
      vertex 5.625878e+0 6.034826e+0 6.000000e-1
    endloop
  endfacet
  facet normal 5.639042e-2 -9.984088e-1 0.000000e+0
    outer loop
      vertex 4.043900e+0 4.730928e+0 4.000000e-1
      vertex 4.361911e+0 4.748890e+0 4.000000e-1
      vertex 4.043900e+0 4.730928e+0 6.000000e-1
    endloop
  endfacet
  facet normal 5.639042e-2 -9.984088e-1 0.000000e+0
    outer loop
      vertex 4.043900e+0 4.730928e+0 6.000000e-1
      vertex 4.361911e+0 4.748890e+0 4.000000e-1
      vertex 4.361911e+0 4.748890e+0 6.000000e-1
    endloop
  endfacet
  facet normal 1.761343e-1 -9.843661e-1 0.000000e+0
    outer loop
      vertex 4.361911e+0 4.748890e+0 6.000000e-1
      vertex 4.361911e+0 4.748890e+0 4.000000e-1
      vertex 4.667958e+0 4.803651e+0 4.000000e-1
    endloop
  endfacet
  facet normal 1.761343e-1 -9.843661e-1 0.000000e+0
    outer loop
      vertex 4.361911e+0 4.748890e+0 6.000000e-1
      vertex 4.667958e+0 4.803651e+0 4.000000e-1
      vertex 4.667958e+0 4.803651e+0 6.000000e-1
    endloop
  endfacet
  facet normal 3.922176e-1 -9.198725e-1 0.000000e+0
    outer loop
      vertex 4.667958e+0 4.803651e+0 6.000000e-1
      vertex 4.667958e+0 4.803651e+0 4.000000e-1
      vertex 4.952378e+0 4.924923e+0 4.000000e-1
    endloop
  endfacet
  facet normal 3.922176e-1 -9.198725e-1 0.000000e+0
    outer loop
      vertex 4.667958e+0 4.803651e+0 6.000000e-1
      vertex 4.952378e+0 4.924923e+0 4.000000e-1
      vertex 4.952378e+0 4.924923e+0 6.000000e-1
    endloop
  endfacet
  facet normal 5.237098e-1 -8.518968e-1 0.000000e+0
    outer loop
      vertex 4.952378e+0 4.924923e+0 6.000000e-1
      vertex 4.952378e+0 4.924923e+0 4.000000e-1
      vertex 5.222281e+0 5.090847e+0 4.000000e-1
    endloop
  endfacet
  facet normal 5.237098e-1 -8.518968e-1 0.000000e+0
    outer loop
      vertex 4.952378e+0 4.924923e+0 6.000000e-1
      vertex 5.222281e+0 5.090847e+0 4.000000e-1
      vertex 5.222281e+0 5.090847e+0 6.000000e-1
    endloop
  endfacet
  facet normal 0.000000e+0 0.000000e+0 1.000000e+0
    outer loop
      vertex 1.278656e+0 4.724843e+0 6.000000e-1
      vertex 4.043900e+0 4.730928e+0 6.000000e-1
      vertex 4.665119e+0 7.269091e+0 6.000000e-1
    endloop
  endfacet
  facet normal 0.000000e+0 0.000000e+0 1.000000e+0
    outer loop
      vertex 4.665119e+0 7.269091e+0 6.000000e-1
      vertex 4.043900e+0 4.730928e+0 6.000000e-1
      vertex 4.361911e+0 4.748890e+0 6.000000e-1
    endloop
  endfacet
  facet normal 0.000000e+0 0.000000e+0 1.000000e+0
    outer loop
      vertex 4.665119e+0 7.269091e+0 6.000000e-1
      vertex 4.361911e+0 4.748890e+0 6.000000e-1
      vertex 4.667958e+0 4.803651e+0 6.000000e-1
    endloop
  endfacet
  facet normal 0.000000e+0 0.000000e+0 1.000000e+0
    outer loop
      vertex 4.667958e+0 4.803651e+0 6.000000e-1
      vertex 4.952378e+0 4.924923e+0 6.000000e-1
      vertex 4.665119e+0 7.269091e+0 6.000000e-1
    endloop
  endfacet
  facet normal 0.000000e+0 0.000000e+0 1.000000e+0
    outer loop
      vertex 4.665119e+0 7.269091e+0 6.000000e-1
      vertex 4.952378e+0 4.924923e+0 6.000000e-1
      vertex 4.950126e+0 7.146251e+0 6.000000e-1
    endloop
  endfacet
  facet normal 0.000000e+0 0.000000e+0 1.000000e+0
    outer loop
      vertex 4.950126e+0 7.146251e+0 6.000000e-1
      vertex 4.952378e+0 4.924923e+0 6.000000e-1
      vertex 5.220164e+0 6.977675e+0 6.000000e-1
    endloop
  endfacet
  facet normal 0.000000e+0 0.000000e+0 1.000000e+0
    outer loop
      vertex 5.220164e+0 6.977675e+0 6.000000e-1
      vertex 4.952378e+0 4.924923e+0 6.000000e-1
      vertex 5.393602e+0 6.773270e+0 6.000000e-1
    endloop
  endfacet
  facet normal 0.000000e+0 0.000000e+0 1.000000e+0
    outer loop
      vertex 5.393602e+0 6.773270e+0 6.000000e-1
      vertex 4.952378e+0 4.924923e+0 6.000000e-1
      vertex 5.527268e+0 6.551573e+0 6.000000e-1
    endloop
  endfacet
  facet normal 0.000000e+0 0.000000e+0 1.000000e+0
    outer loop
      vertex 5.527268e+0 6.551573e+0 6.000000e-1
      vertex 4.952378e+0 4.924923e+0 6.000000e-1
      vertex 5.595797e+0 6.301557e+0 6.000000e-1
    endloop
  endfacet
  facet normal 0.000000e+0 0.000000e+0 1.000000e+0
    outer loop
      vertex 5.595797e+0 6.301557e+0 6.000000e-1
      vertex 4.952378e+0 4.924923e+0 6.000000e-1
      vertex 5.625878e+0 6.034826e+0 6.000000e-1
    endloop
  endfacet
  facet normal 0.000000e+0 0.000000e+0 1.000000e+0
    outer loop
      vertex 5.625878e+0 6.034826e+0 6.000000e-1
      vertex 4.952378e+0 4.924923e+0 6.000000e-1
      vertex 5.597554e+0 5.767356e+0 6.000000e-1
    endloop
  endfacet
  facet normal 0.000000e+0 0.000000e+0 1.000000e+0
    outer loop
      vertex 5.597554e+0 5.767356e+0 6.000000e-1
      vertex 4.952378e+0 4.924923e+0 6.000000e-1
      vertex 5.396669e+0 5.294971e+0 6.000000e-1
    endloop
  endfacet
  facet normal 0.000000e+0 0.000000e+0 1.000000e+0
    outer loop
      vertex 5.597554e+0 5.767356e+0 6.000000e-1
      vertex 5.396669e+0 5.294971e+0 6.000000e-1
      vertex 5.530286e+0 5.516776e+0 6.000000e-1
    endloop
  endfacet
  facet normal 0.000000e+0 0.000000e+0 1.000000e+0
    outer loop
      vertex 4.952378e+0 4.924923e+0 6.000000e-1
      vertex 5.222281e+0 5.090847e+0 6.000000e-1
      vertex 5.396669e+0 5.294971e+0 6.000000e-1
    endloop
  endfacet
  facet normal 0.000000e+0 0.000000e+0 1.000000e+0
    outer loop
      vertex 4.665119e+0 7.269091e+0 6.000000e-1
      vertex 4.357809e+0 7.323788e+0 6.000000e-1
      vertex 1.278656e+0 4.724843e+0 6.000000e-1
    endloop
  endfacet
  facet normal 0.000000e+0 0.000000e+0 1.000000e+0
    outer loop
      vertex 1.278656e+0 4.724843e+0 6.000000e-1
      vertex 4.357809e+0 7.323788e+0 6.000000e-1
      vertex -4.895854e+0 7.302537e+0 6.000000e-1
    endloop
  endfacet
  facet normal 0.000000e+0 0.000000e+0 1.000000e+0
    outer loop
      vertex 1.278656e+0 4.724843e+0 6.000000e-1
      vertex -4.895854e+0 7.302537e+0 6.000000e-1
      vertex -1.806557e+0 4.718053e+0 6.000000e-1
    endloop
  endfacet
  facet normal 0.000000e+0 0.000000e+0 1.000000e+0
    outer loop
      vertex -1.806557e+0 4.718053e+0 6.000000e-1
      vertex -4.895854e+0 7.302537e+0 6.000000e-1
      vertex -4.581120e+0 4.711947e+0 6.000000e-1
    endloop
  endfacet
  facet normal 0.000000e+0 0.000000e+0 1.000000e+0
    outer loop
      vertex -4.581120e+0 4.711947e+0 6.000000e-1
      vertex -4.895854e+0 7.302537e+0 6.000000e-1
      vertex -4.895514e+0 4.728168e+0 6.000000e-1
    endloop
  endfacet
  facet normal 0.000000e+0 0.000000e+0 1.000000e+0
    outer loop
      vertex -4.895514e+0 4.728168e+0 6.000000e-1
      vertex -4.895854e+0 7.302537e+0 6.000000e-1
      vertex -5.193173e+0 7.247508e+0 6.000000e-1
    endloop
  endfacet
  facet normal 0.000000e+0 0.000000e+0 1.000000e+0
    outer loop
      vertex -4.895514e+0 4.728168e+0 6.000000e-1
      vertex -5.193173e+0 7.247508e+0 6.000000e-1
      vertex -5.197911e+0 4.781290e+0 6.000000e-1
    endloop
  endfacet
  facet normal 8.039119e-16 -1.544480e-18 1.000000e+0
    outer loop
      vertex -5.197911e+0 4.781290e+0 6.000000e-1
      vertex -5.193173e+0 7.247508e+0 6.000000e-1
      vertex -5.469607e+0 7.128459e+0 6.000000e-1
    endloop
  endfacet
  facet normal -4.253145e-17 -9.952423e-17 1.000000e+0
    outer loop
      vertex -5.197911e+0 4.781290e+0 6.000000e-1
      vertex -5.469607e+0 7.128459e+0 6.000000e-1
      vertex -5.478581e+0 4.901234e+0 6.000000e-1
    endloop
  endfacet
  facet normal -7.861032e-16 -9.652798e-17 1.000000e+0
    outer loop
      vertex -5.478581e+0 4.901234e+0 6.000000e-1
      vertex -5.469607e+0 7.128459e+0 6.000000e-1
      vertex -5.732266e+0 6.967189e+0 6.000000e-1
    endloop
  endfacet
  facet normal 0.000000e+0 0.000000e+0 1.000000e+0
    outer loop
      vertex -5.478581e+0 4.901234e+0 6.000000e-1
      vertex -5.732266e+0 6.967189e+0 6.000000e-1
      vertex -5.910475e+0 6.760713e+0 6.000000e-1
    endloop
  endfacet
  facet normal 0.000000e+0 0.000000e+0 1.000000e+0
    outer loop
      vertex 4.038156e+0 7.340776e+0 6.000000e-1
      vertex -4.586864e+0 7.321795e+0 6.000000e-1
      vertex 4.357809e+0 7.323788e+0 6.000000e-1
    endloop
  endfacet
  facet normal 0.000000e+0 0.000000e+0 1.000000e+0
    outer loop
      vertex 4.357809e+0 7.323788e+0 6.000000e-1
      vertex -4.586864e+0 7.321795e+0 6.000000e-1
      vertex -4.895854e+0 7.302537e+0 6.000000e-1
    endloop
  endfacet
  facet normal 0.000000e+0 0.000000e+0 1.000000e+0
    outer loop
      vertex -5.910475e+0 6.760713e+0 6.000000e-1
      vertex -6.046231e+0 6.535750e+0 6.000000e-1
      vertex -5.478581e+0 4.901234e+0 6.000000e-1
    endloop
  endfacet
  facet normal 0.000000e+0 0.000000e+0 1.000000e+0
    outer loop
      vertex -5.478581e+0 4.901234e+0 6.000000e-1
      vertex -6.046231e+0 6.535750e+0 6.000000e-1
      vertex -6.113598e+0 6.281007e+0 6.000000e-1
    endloop
  endfacet
  facet normal 0.000000e+0 0.000000e+0 1.000000e+0
    outer loop
      vertex -5.478581e+0 4.901234e+0 6.000000e-1
      vertex -6.113598e+0 6.281007e+0 6.000000e-1
      vertex -6.141154e+0 6.008929e+0 6.000000e-1
    endloop
  endfacet
  facet normal 0.000000e+0 0.000000e+0 1.000000e+0
    outer loop
      vertex -6.141154e+0 6.008929e+0 6.000000e-1
      vertex -6.113048e+0 5.742851e+0 6.000000e-1
      vertex -5.478581e+0 4.901234e+0 6.000000e-1
    endloop
  endfacet
  facet normal 0.000000e+0 0.000000e+0 1.000000e+0
    outer loop
      vertex -5.478581e+0 4.901234e+0 6.000000e-1
      vertex -6.113048e+0 5.742851e+0 6.000000e-1
      vertex -5.915869e+0 5.271021e+0 6.000000e-1
    endloop
  endfacet
  facet normal 0.000000e+0 0.000000e+0 1.000000e+0
    outer loop
      vertex -5.478581e+0 4.901234e+0 6.000000e-1
      vertex -5.915869e+0 5.271021e+0 6.000000e-1
      vertex -5.744613e+0 5.066203e+0 6.000000e-1
    endloop
  endfacet
  facet normal 0.000000e+0 0.000000e+0 1.000000e+0
    outer loop
      vertex -6.113048e+0 5.742851e+0 6.000000e-1
      vertex -6.046961e+0 5.493027e+0 6.000000e-1
      vertex -5.915869e+0 5.271021e+0 6.000000e-1
    endloop
  endfacet
  facet normal 0.000000e+0 0.000000e+0 1.000000e+0
    outer loop
      vertex -1.806557e+0 4.718053e+0 6.000000e-1
      vertex -1.785541e+0 -4.831045e+0 6.000000e-1
      vertex 1.278656e+0 4.724843e+0 6.000000e-1
    endloop
  endfacet
  facet normal 0.000000e+0 0.000000e+0 1.000000e+0
    outer loop
      vertex 1.278656e+0 4.724843e+0 6.000000e-1
      vertex -1.785541e+0 -4.831045e+0 6.000000e-1
      vertex 1.299671e+0 -4.824255e+0 6.000000e-1
    endloop
  endfacet
  facet normal 0.000000e+0 0.000000e+0 1.000000e+0
    outer loop
      vertex 1.299671e+0 -4.824255e+0 6.000000e-1
      vertex -1.785541e+0 -4.831045e+0 6.000000e-1
      vertex -2.343692e-1 -6.668661e+0 6.000000e-1
    endloop
  endfacet
  facet normal 0.000000e+0 0.000000e+0 1.000000e+0
    outer loop
      vertex 1.299671e+0 -4.824255e+0 6.000000e-1
      vertex -2.343692e-1 -6.668661e+0 6.000000e-1
      vertex 7.841648e-2 -6.634874e+0 6.000000e-1
    endloop
  endfacet
  facet normal 0.000000e+0 0.000000e+0 1.000000e+0
    outer loop
      vertex -2.343692e-1 -6.668661e+0 6.000000e-1
      vertex -1.785541e+0 -4.831045e+0 6.000000e-1
      vertex -5.492100e-1 -6.636301e+0 6.000000e-1
    endloop
  endfacet
  facet normal 0.000000e+0 0.000000e+0 1.000000e+0
    outer loop
      vertex -5.492100e-1 -6.636301e+0 6.000000e-1
      vertex -1.785541e+0 -4.831045e+0 6.000000e-1
      vertex -1.764215e+0 -5.203686e+0 6.000000e-1
    endloop
  endfacet
  facet normal 0.000000e+0 0.000000e+0 1.000000e+0
    outer loop
      vertex -5.492100e-1 -6.636301e+0 6.000000e-1
      vertex -1.764215e+0 -5.203686e+0 6.000000e-1
      vertex -1.698635e+0 -5.561492e+0 6.000000e-1
    endloop
  endfacet
  facet normal 0.000000e+0 0.000000e+0 1.000000e+0
    outer loop
      vertex -1.698635e+0 -5.561492e+0 6.000000e-1
      vertex -1.552982e+0 -5.892458e+0 6.000000e-1
      vertex -5.492100e-1 -6.636301e+0 6.000000e-1
    endloop
  endfacet
  facet normal 0.000000e+0 0.000000e+0 1.000000e+0
    outer loop
      vertex -5.492100e-1 -6.636301e+0 6.000000e-1
      vertex -1.552982e+0 -5.892458e+0 6.000000e-1
      vertex -8.452471e-1 -6.559186e+0 6.000000e-1
    endloop
  endfacet
  facet normal 0.000000e+0 0.000000e+0 1.000000e+0
    outer loop
      vertex -8.452471e-1 -6.559186e+0 6.000000e-1
      vertex -1.552982e+0 -5.892458e+0 6.000000e-1
      vertex -1.109218e+0 -6.405753e+0 6.000000e-1
    endloop
  endfacet
  facet normal 0.000000e+0 0.000000e+0 1.000000e+0
    outer loop
      vertex -1.109218e+0 -6.405753e+0 6.000000e-1
      vertex -1.552982e+0 -5.892458e+0 6.000000e-1
      vertex -1.353463e+0 -6.205367e+0 6.000000e-1
    endloop
  endfacet
  facet normal 0.000000e+0 0.000000e+0 1.000000e+0
    outer loop
      vertex 3.722448e-1 -6.556620e+0 6.000000e-1
      vertex 1.073141e+0 -5.887753e+0 6.000000e-1
      vertex 7.841648e-2 -6.634874e+0 6.000000e-1
    endloop
  endfacet
  facet normal 3.719468e-16 -4.952139e-16 1.000000e+0
    outer loop
      vertex 7.841648e-2 -6.634874e+0 6.000000e-1
      vertex 1.073141e+0 -5.887753e+0 6.000000e-1
      vertex 1.216789e+0 -5.555671e+0 6.000000e-1
    endloop
  endfacet
  facet normal -4.701988e-16 3.931043e-16 1.000000e+0
    outer loop
      vertex 7.841648e-2 -6.634874e+0 6.000000e-1
      vertex 1.216789e+0 -5.555671e+0 6.000000e-1
      vertex 1.280337e+0 -5.197236e+0 6.000000e-1
    endloop
  endfacet
  facet normal 0.000000e+0 0.000000e+0 1.000000e+0
    outer loop
      vertex 3.722448e-1 -6.556620e+0 6.000000e-1
      vertex 6.337790e-1 -6.402614e+0 6.000000e-1
      vertex 1.073141e+0 -5.887753e+0 6.000000e-1
    endloop
  endfacet
  facet normal 0.000000e+0 0.000000e+0 1.000000e+0
    outer loop
      vertex 1.073141e+0 -5.887753e+0 6.000000e-1
      vertex 6.337790e-1 -6.402614e+0 6.000000e-1
      vertex 8.754703e-1 -6.202064e+0 6.000000e-1
    endloop
  endfacet
  facet normal 0.000000e+0 0.000000e+0 1.000000e+0
    outer loop
      vertex 1.280337e+0 -5.197236e+0 6.000000e-1
      vertex 1.299671e+0 -4.824255e+0 6.000000e-1
      vertex 7.841648e-2 -6.634874e+0 6.000000e-1
    endloop
  endfacet
  facet normal 0.000000e+0 0.000000e+0 -1.000000e+0
    outer loop
      vertex 5.222281e+0 5.090847e+0 4.000000e-1
      vertex 4.952378e+0 4.924923e+0 4.000000e-1
      vertex 5.396669e+0 5.294971e+0 4.000000e-1
    endloop
  endfacet
  facet normal 0.000000e+0 0.000000e+0 -1.000000e+0
    outer loop
      vertex 5.396669e+0 5.294971e+0 4.000000e-1
      vertex 4.952378e+0 4.924923e+0 4.000000e-1
      vertex 5.597554e+0 5.767356e+0 4.000000e-1
    endloop
  endfacet
  facet normal 0.000000e+0 0.000000e+0 -1.000000e+0
    outer loop
      vertex 5.396669e+0 5.294971e+0 4.000000e-1
      vertex 5.597554e+0 5.767356e+0 4.000000e-1
      vertex 5.530286e+0 5.516776e+0 4.000000e-1
    endloop
  endfacet
  facet normal -9.595601e-18 2.250467e-17 -1.000000e+0
    outer loop
      vertex 4.667958e+0 4.803651e+0 4.000000e-1
      vertex 4.665119e+0 7.269091e+0 4.000000e-1
      vertex 4.952378e+0 4.924923e+0 4.000000e-1
    endloop
  endfacet
  facet normal -1.948561e-16 -1.975552e-19 -1.000000e+0
    outer loop
      vertex 4.952378e+0 4.924923e+0 4.000000e-1
      vertex 4.665119e+0 7.269091e+0 4.000000e-1
      vertex 4.950126e+0 7.146251e+0 4.000000e-1
    endloop
  endfacet
  facet normal 0.000000e+0 0.000000e+0 -1.000000e+0
    outer loop
      vertex 4.952378e+0 4.924923e+0 4.000000e-1
      vertex 4.950126e+0 7.146251e+0 4.000000e-1
      vertex 5.220164e+0 6.977675e+0 4.000000e-1
    endloop
  endfacet
  facet normal -4.027947e-18 2.251109e-17 -1.000000e+0
    outer loop
      vertex 4.667958e+0 4.803651e+0 4.000000e-1
      vertex 4.361911e+0 4.748890e+0 4.000000e-1
      vertex 4.665119e+0 7.269091e+0 4.000000e-1
    endloop
  endfacet
  facet normal 1.806866e-16 2.879003e-19 -1.000000e+0
    outer loop
      vertex 4.665119e+0 7.269091e+0 4.000000e-1
      vertex 4.361911e+0 4.748890e+0 4.000000e-1
      vertex 4.357809e+0 7.323788e+0 4.000000e-1
    endloop
  endfacet
  facet normal 0.000000e+0 0.000000e+0 -1.000000e+0
    outer loop
      vertex 4.357809e+0 7.323788e+0 4.000000e-1
      vertex 4.361911e+0 4.748890e+0 4.000000e-1
      vertex 4.043900e+0 4.730928e+0 4.000000e-1
    endloop
  endfacet
  facet normal 0.000000e+0 0.000000e+0 -1.000000e+0
    outer loop
      vertex 4.357809e+0 7.323788e+0 4.000000e-1
      vertex 4.043900e+0 4.730928e+0 4.000000e-1
      vertex 1.278656e+0 4.724843e+0 4.000000e-1
    endloop
  endfacet
  facet normal 0.000000e+0 0.000000e+0 -1.000000e+0
    outer loop
      vertex 1.299671e+0 -4.824255e+0 4.000000e-1
      vertex -1.785541e+0 -4.831045e+0 4.000000e-1
      vertex 1.278656e+0 4.724843e+0 4.000000e-1
    endloop
  endfacet
  facet normal 0.000000e+0 0.000000e+0 -1.000000e+0
    outer loop
      vertex 1.278656e+0 4.724843e+0 4.000000e-1
      vertex -1.785541e+0 -4.831045e+0 4.000000e-1
      vertex -1.806557e+0 4.718053e+0 4.000000e-1
    endloop
  endfacet
  facet normal 0.000000e+0 0.000000e+0 -1.000000e+0
    outer loop
      vertex 1.278656e+0 4.724843e+0 4.000000e-1
      vertex -1.806557e+0 4.718053e+0 4.000000e-1
      vertex 4.357809e+0 7.323788e+0 4.000000e-1
    endloop
  endfacet
  facet normal 0.000000e+0 0.000000e+0 -1.000000e+0
    outer loop
      vertex 4.357809e+0 7.323788e+0 4.000000e-1
      vertex -1.806557e+0 4.718053e+0 4.000000e-1
      vertex -4.895854e+0 7.302537e+0 4.000000e-1
    endloop
  endfacet
  facet normal 0.000000e+0 0.000000e+0 -1.000000e+0
    outer loop
      vertex 4.357809e+0 7.323788e+0 4.000000e-1
      vertex -4.895854e+0 7.302537e+0 4.000000e-1
      vertex -4.586864e+0 7.321795e+0 4.000000e-1
    endloop
  endfacet
  facet normal 0.000000e+0 0.000000e+0 -1.000000e+0
    outer loop
      vertex 1.280337e+0 -5.197236e+0 4.000000e-1
      vertex 7.841648e-2 -6.634874e+0 4.000000e-1
      vertex 1.299671e+0 -4.824255e+0 4.000000e-1
    endloop
  endfacet
  facet normal 0.000000e+0 0.000000e+0 -1.000000e+0
    outer loop
      vertex 1.299671e+0 -4.824255e+0 4.000000e-1
      vertex 7.841648e-2 -6.634874e+0 4.000000e-1
      vertex -2.343692e-1 -6.668661e+0 4.000000e-1
    endloop
  endfacet
  facet normal 0.000000e+0 0.000000e+0 -1.000000e+0
    outer loop
      vertex 1.299671e+0 -4.824255e+0 4.000000e-1
      vertex -2.343692e-1 -6.668661e+0 4.000000e-1
      vertex -1.785541e+0 -4.831045e+0 4.000000e-1
    endloop
  endfacet
  facet normal 0.000000e+0 0.000000e+0 -1.000000e+0
    outer loop
      vertex -1.785541e+0 -4.831045e+0 4.000000e-1
      vertex -2.343692e-1 -6.668661e+0 4.000000e-1
      vertex -5.492100e-1 -6.636301e+0 4.000000e-1
    endloop
  endfacet
  facet normal 0.000000e+0 0.000000e+0 -1.000000e+0
    outer loop
      vertex -1.785541e+0 -4.831045e+0 4.000000e-1
      vertex -5.492100e-1 -6.636301e+0 4.000000e-1
      vertex -1.764215e+0 -5.203686e+0 4.000000e-1
    endloop
  endfacet
  facet normal 2.333618e-16 1.979149e-16 -1.000000e+0
    outer loop
      vertex -1.764215e+0 -5.203686e+0 4.000000e-1
      vertex -5.492100e-1 -6.636301e+0 4.000000e-1
      vertex -1.698635e+0 -5.561492e+0 4.000000e-1
    endloop
  endfacet
  facet normal -1.844429e-16 -2.488949e-16 -1.000000e+0
    outer loop
      vertex -1.698635e+0 -5.561492e+0 4.000000e-1
      vertex -5.492100e-1 -6.636301e+0 4.000000e-1
      vertex -1.552982e+0 -5.892458e+0 4.000000e-1
    endloop
  endfacet
  facet normal 0.000000e+0 0.000000e+0 -1.000000e+0
    outer loop
      vertex -1.552982e+0 -5.892458e+0 4.000000e-1
      vertex -5.492100e-1 -6.636301e+0 4.000000e-1
      vertex -8.452471e-1 -6.559186e+0 4.000000e-1
    endloop
  endfacet
  facet normal 0.000000e+0 0.000000e+0 -1.000000e+0
    outer loop
      vertex -1.552982e+0 -5.892458e+0 4.000000e-1
      vertex -8.452471e-1 -6.559186e+0 4.000000e-1
      vertex -1.109218e+0 -6.405753e+0 4.000000e-1
    endloop
  endfacet
  facet normal 0.000000e+0 0.000000e+0 -1.000000e+0
    outer loop
      vertex 1.280337e+0 -5.197236e+0 4.000000e-1
      vertex 1.216789e+0 -5.555671e+0 4.000000e-1
      vertex 7.841648e-2 -6.634874e+0 4.000000e-1
    endloop
  endfacet
  facet normal 0.000000e+0 0.000000e+0 -1.000000e+0
    outer loop
      vertex 7.841648e-2 -6.634874e+0 4.000000e-1
      vertex 1.216789e+0 -5.555671e+0 4.000000e-1
      vertex 1.073141e+0 -5.887753e+0 4.000000e-1
    endloop
  endfacet
  facet normal 0.000000e+0 0.000000e+0 -1.000000e+0
    outer loop
      vertex 7.841648e-2 -6.634874e+0 4.000000e-1
      vertex 1.073141e+0 -5.887753e+0 4.000000e-1
      vertex 3.722448e-1 -6.556620e+0 4.000000e-1
    endloop
  endfacet
  facet normal 0.000000e+0 0.000000e+0 -1.000000e+0
    outer loop
      vertex 3.722448e-1 -6.556620e+0 4.000000e-1
      vertex 1.073141e+0 -5.887753e+0 4.000000e-1
      vertex 6.337790e-1 -6.402614e+0 4.000000e-1
    endloop
  endfacet
  facet normal 0.000000e+0 0.000000e+0 -1.000000e+0
    outer loop
      vertex 6.337790e-1 -6.402614e+0 4.000000e-1
      vertex 1.073141e+0 -5.887753e+0 4.000000e-1
      vertex 8.754703e-1 -6.202064e+0 4.000000e-1
    endloop
  endfacet
  facet normal 0.000000e+0 0.000000e+0 -1.000000e+0
    outer loop
      vertex -1.109218e+0 -6.405753e+0 4.000000e-1
      vertex -1.353463e+0 -6.205367e+0 4.000000e-1
      vertex -1.552982e+0 -5.892458e+0 4.000000e-1
    endloop
  endfacet
  facet normal 0.000000e+0 0.000000e+0 -1.000000e+0
    outer loop
      vertex -1.806557e+0 4.718053e+0 4.000000e-1
      vertex -4.581120e+0 4.711947e+0 4.000000e-1
      vertex -4.895854e+0 7.302537e+0 4.000000e-1
    endloop
  endfacet
  facet normal 0.000000e+0 0.000000e+0 -1.000000e+0
    outer loop
      vertex -4.895854e+0 7.302537e+0 4.000000e-1
      vertex -4.581120e+0 4.711947e+0 4.000000e-1
      vertex -4.895514e+0 4.728168e+0 4.000000e-1
    endloop
  endfacet
  facet normal 0.000000e+0 0.000000e+0 -1.000000e+0
    outer loop
      vertex -4.895854e+0 7.302537e+0 4.000000e-1
      vertex -4.895514e+0 4.728168e+0 4.000000e-1
      vertex -5.193173e+0 7.247508e+0 4.000000e-1
    endloop
  endfacet
  facet normal 0.000000e+0 0.000000e+0 -1.000000e+0
    outer loop
      vertex -5.193173e+0 7.247508e+0 4.000000e-1
      vertex -4.895514e+0 4.728168e+0 4.000000e-1
      vertex -5.197911e+0 4.781290e+0 4.000000e-1
    endloop
  endfacet
  facet normal 0.000000e+0 0.000000e+0 -1.000000e+0
    outer loop
      vertex -5.193173e+0 7.247508e+0 4.000000e-1
      vertex -5.197911e+0 4.781290e+0 4.000000e-1
      vertex -5.469607e+0 7.128459e+0 4.000000e-1
    endloop
  endfacet
  facet normal 0.000000e+0 0.000000e+0 -1.000000e+0
    outer loop
      vertex -5.469607e+0 7.128459e+0 4.000000e-1
      vertex -5.197911e+0 4.781290e+0 4.000000e-1
      vertex -5.478581e+0 4.901234e+0 4.000000e-1
    endloop
  endfacet
  facet normal 0.000000e+0 0.000000e+0 -1.000000e+0
    outer loop
      vertex -5.469607e+0 7.128459e+0 4.000000e-1
      vertex -5.478581e+0 4.901234e+0 4.000000e-1
      vertex -5.732266e+0 6.967189e+0 4.000000e-1
    endloop
  endfacet
  facet normal 0.000000e+0 0.000000e+0 -1.000000e+0
    outer loop
      vertex -5.732266e+0 6.967189e+0 4.000000e-1
      vertex -5.478581e+0 4.901234e+0 4.000000e-1
      vertex -5.910475e+0 6.760713e+0 4.000000e-1
    endloop
  endfacet
  facet normal 0.000000e+0 0.000000e+0 -1.000000e+0
    outer loop
      vertex -5.910475e+0 6.760713e+0 4.000000e-1
      vertex -5.478581e+0 4.901234e+0 4.000000e-1
      vertex -6.046231e+0 6.535750e+0 4.000000e-1
    endloop
  endfacet
  facet normal 0.000000e+0 0.000000e+0 -1.000000e+0
    outer loop
      vertex -6.046231e+0 6.535750e+0 4.000000e-1
      vertex -5.478581e+0 4.901234e+0 4.000000e-1
      vertex -6.113598e+0 6.281007e+0 4.000000e-1
    endloop
  endfacet
  facet normal 0.000000e+0 0.000000e+0 -1.000000e+0
    outer loop
      vertex -6.113598e+0 6.281007e+0 4.000000e-1
      vertex -5.478581e+0 4.901234e+0 4.000000e-1
      vertex -6.141154e+0 6.008929e+0 4.000000e-1
    endloop
  endfacet
  facet normal 0.000000e+0 0.000000e+0 -1.000000e+0
    outer loop
      vertex -6.141154e+0 6.008929e+0 4.000000e-1
      vertex -5.478581e+0 4.901234e+0 4.000000e-1
      vertex -6.113048e+0 5.742851e+0 4.000000e-1
    endloop
  endfacet
  facet normal 0.000000e+0 0.000000e+0 -1.000000e+0
    outer loop
      vertex -6.113048e+0 5.742851e+0 4.000000e-1
      vertex -5.478581e+0 4.901234e+0 4.000000e-1
      vertex -5.915869e+0 5.271021e+0 4.000000e-1
    endloop
  endfacet
  facet normal 0.000000e+0 0.000000e+0 -1.000000e+0
    outer loop
      vertex -6.113048e+0 5.742851e+0 4.000000e-1
      vertex -5.915869e+0 5.271021e+0 4.000000e-1
      vertex -6.046961e+0 5.493027e+0 4.000000e-1
    endloop
  endfacet
  facet normal 0.000000e+0 0.000000e+0 -1.000000e+0
    outer loop
      vertex -5.478581e+0 4.901234e+0 4.000000e-1
      vertex -5.744613e+0 5.066203e+0 4.000000e-1
      vertex -5.915869e+0 5.271021e+0 4.000000e-1
    endloop
  endfacet
  facet normal 0.000000e+0 0.000000e+0 -1.000000e+0
    outer loop
      vertex -4.586864e+0 7.321795e+0 4.000000e-1
      vertex 4.038156e+0 7.340776e+0 4.000000e-1
      vertex 4.357809e+0 7.323788e+0 4.000000e-1
    endloop
  endfacet
  facet normal 0.000000e+0 0.000000e+0 -1.000000e+0
    outer loop
      vertex 5.220164e+0 6.977675e+0 4.000000e-1
      vertex 5.393602e+0 6.773270e+0 4.000000e-1
      vertex 4.952378e+0 4.924923e+0 4.000000e-1
    endloop
  endfacet
  facet normal 0.000000e+0 0.000000e+0 -1.000000e+0
    outer loop
      vertex 4.952378e+0 4.924923e+0 4.000000e-1
      vertex 5.393602e+0 6.773270e+0 4.000000e-1
      vertex 5.527268e+0 6.551573e+0 4.000000e-1
    endloop
  endfacet
  facet normal 0.000000e+0 0.000000e+0 -1.000000e+0
    outer loop
      vertex 4.952378e+0 4.924923e+0 4.000000e-1
      vertex 5.527268e+0 6.551573e+0 4.000000e-1
      vertex 5.595797e+0 6.301557e+0 4.000000e-1
    endloop
  endfacet
  facet normal 0.000000e+0 0.000000e+0 -1.000000e+0
    outer loop
      vertex 5.595797e+0 6.301557e+0 4.000000e-1
      vertex 5.625878e+0 6.034826e+0 4.000000e-1
      vertex 4.952378e+0 4.924923e+0 4.000000e-1
    endloop
  endfacet
  facet normal 0.000000e+0 0.000000e+0 -1.000000e+0
    outer loop
      vertex 4.952378e+0 4.924923e+0 4.000000e-1
      vertex 5.625878e+0 6.034826e+0 4.000000e-1
      vertex 5.597554e+0 5.767356e+0 4.000000e-1
    endloop
  endfacet
  facet normal 2.200742e-3 -9.999976e-1 0.000000e+0
    outer loop
      vertex -3.133556e+1 4.858128e+0 4.000000e-1
      vertex -2.970295e+1 4.861721e+0 4.000000e-1
      vertex -3.133556e+1 4.858128e+0 6.000000e-1
    endloop
  endfacet
  facet normal 2.200742e-3 -9.999976e-1 0.000000e+0
    outer loop
      vertex -3.133556e+1 4.858128e+0 6.000000e-1
      vertex -2.970295e+1 4.861721e+0 4.000000e-1
      vertex -2.970295e+1 4.861721e+0 6.000000e-1
    endloop
  endfacet
  facet normal 9.999976e-1 2.200742e-3 0.000000e+0
    outer loop
      vertex -3.132738e+1 1.139096e+0 4.000000e-1
      vertex -3.133556e+1 4.858128e+0 4.000000e-1
      vertex -3.132738e+1 1.139096e+0 6.000000e-1
    endloop
  endfacet
  facet normal 9.999976e-1 2.200742e-3 0.000000e+0
    outer loop
      vertex -3.132738e+1 1.139096e+0 6.000000e-1
      vertex -3.133556e+1 4.858128e+0 4.000000e-1
      vertex -3.133556e+1 4.858128e+0 6.000000e-1
    endloop
  endfacet
  facet normal -2.200742e-3 9.999976e-1 0.000000e+0
    outer loop
      vertex -2.969477e+1 1.142689e+0 4.000000e-1
      vertex -3.132738e+1 1.139096e+0 4.000000e-1
      vertex -2.969477e+1 1.142689e+0 6.000000e-1
    endloop
  endfacet
  facet normal -2.200742e-3 9.999976e-1 0.000000e+0
    outer loop
      vertex -2.969477e+1 1.142689e+0 6.000000e-1
      vertex -3.132738e+1 1.139096e+0 4.000000e-1
      vertex -3.132738e+1 1.139096e+0 6.000000e-1
    endloop
  endfacet
  facet normal -2.261393e-1 9.740950e-1 0.000000e+0
    outer loop
      vertex -2.816350e+1 1.333716e+0 4.000000e-1
      vertex -2.854105e+1 1.246067e+0 4.000000e-1
      vertex -2.816350e+1 1.333716e+0 6.000000e-1
    endloop
  endfacet
  facet normal -2.261393e-1 9.740950e-1 0.000000e+0
    outer loop
      vertex -2.816350e+1 1.333716e+0 6.000000e-1
      vertex -2.854105e+1 1.246067e+0 4.000000e-1
      vertex -2.854105e+1 1.246067e+0 6.000000e-1
    endloop
  endfacet
  facet normal -1.663014e-1 9.860750e-1 0.000000e+0
    outer loop
      vertex -2.854105e+1 1.246067e+0 6.000000e-1
      vertex -2.854105e+1 1.246067e+0 4.000000e-1
      vertex -2.892169e+1 1.181871e+0 4.000000e-1
    endloop
  endfacet
  facet normal -1.663014e-1 9.860750e-1 0.000000e+0
    outer loop
      vertex -2.854105e+1 1.246067e+0 6.000000e-1
      vertex -2.892169e+1 1.181871e+0 4.000000e-1
      vertex -2.892169e+1 1.181871e+0 6.000000e-1
    endloop
  endfacet
  facet normal -7.572366e-2 9.971288e-1 0.000000e+0
    outer loop
      vertex -2.892169e+1 1.181871e+0 6.000000e-1
      vertex -2.892169e+1 1.181871e+0 4.000000e-1
      vertex -2.930695e+1 1.152613e+0 4.000000e-1
    endloop
  endfacet
  facet normal -7.572366e-2 9.971288e-1 0.000000e+0
    outer loop
      vertex -2.892169e+1 1.181871e+0 6.000000e-1
      vertex -2.930695e+1 1.152613e+0 4.000000e-1
      vertex -2.930695e+1 1.152613e+0 6.000000e-1
    endloop
  endfacet
  facet normal -2.558289e-2 9.996727e-1 0.000000e+0
    outer loop
      vertex -2.930695e+1 1.152613e+0 6.000000e-1
      vertex -2.930695e+1 1.152613e+0 4.000000e-1
      vertex -2.969477e+1 1.142689e+0 4.000000e-1
    endloop
  endfacet
  facet normal -2.558289e-2 9.996727e-1 0.000000e+0
    outer loop
      vertex -2.930695e+1 1.152613e+0 6.000000e-1
      vertex -2.969477e+1 1.142689e+0 4.000000e-1
      vertex -2.969477e+1 1.142689e+0 6.000000e-1
    endloop
  endfacet
  facet normal -7.224964e-1 6.913746e-1 0.000000e+0
    outer loop
      vertex -2.726017e+1 1.931878e+0 4.000000e-1
      vertex -2.745176e+1 1.731664e+0 4.000000e-1
      vertex -2.726017e+1 1.931878e+0 6.000000e-1
    endloop
  endfacet
  facet normal -7.224964e-1 6.913746e-1 0.000000e+0
    outer loop
      vertex -2.726017e+1 1.931878e+0 6.000000e-1
      vertex -2.745176e+1 1.731664e+0 4.000000e-1
      vertex -2.745176e+1 1.731664e+0 6.000000e-1
    endloop
  endfacet
  facet normal -6.301893e-1 7.764415e-1 0.000000e+0
    outer loop
      vertex -2.745176e+1 1.731664e+0 6.000000e-1
      vertex -2.745176e+1 1.731664e+0 4.000000e-1
      vertex -2.766286e+1 1.560326e+0 4.000000e-1
    endloop
  endfacet
  facet normal -6.301893e-1 7.764415e-1 0.000000e+0
    outer loop
      vertex -2.745176e+1 1.731664e+0 6.000000e-1
      vertex -2.766286e+1 1.560326e+0 4.000000e-1
      vertex -2.766286e+1 1.560326e+0 6.000000e-1
    endloop
  endfacet
  facet normal -4.628759e-1 8.864231e-1 0.000000e+0
    outer loop
      vertex -2.766286e+1 1.560326e+0 6.000000e-1
      vertex -2.766286e+1 1.560326e+0 4.000000e-1
      vertex -2.790449e+1 1.434155e+0 4.000000e-1
    endloop
  endfacet
  facet normal -4.628759e-1 8.864231e-1 0.000000e+0
    outer loop
      vertex -2.766286e+1 1.560326e+0 6.000000e-1
      vertex -2.790449e+1 1.434155e+0 4.000000e-1
      vertex -2.790449e+1 1.434155e+0 6.000000e-1
    endloop
  endfacet
  facet normal -3.615499e-1 9.323528e-1 0.000000e+0
    outer loop
      vertex -2.790449e+1 1.434155e+0 6.000000e-1
      vertex -2.790449e+1 1.434155e+0 4.000000e-1
      vertex -2.816350e+1 1.333716e+0 4.000000e-1
    endloop
  endfacet
  facet normal -3.615499e-1 9.323528e-1 0.000000e+0
    outer loop
      vertex -2.790449e+1 1.434155e+0 6.000000e-1
      vertex -2.816350e+1 1.333716e+0 4.000000e-1
      vertex -2.816350e+1 1.333716e+0 6.000000e-1
    endloop
  endfacet
  facet normal -9.984683e-1 5.532689e-2 0.000000e+0
    outer loop
      vertex -2.696000e+1 3.017408e+0 4.000000e-1
      vertex -2.697598e+1 2.728903e+0 4.000000e-1
      vertex -2.696000e+1 3.017408e+0 6.000000e-1
    endloop
  endfacet
  facet normal -9.984683e-1 5.532689e-2 0.000000e+0
    outer loop
      vertex -2.696000e+1 3.017408e+0 6.000000e-1
      vertex -2.697598e+1 2.728903e+0 4.000000e-1
      vertex -2.697598e+1 2.728903e+0 6.000000e-1
    endloop
  endfacet
  facet normal -9.864178e-1 1.642556e-1 0.000000e+0
    outer loop
      vertex -2.697598e+1 2.728903e+0 6.000000e-1
      vertex -2.697598e+1 2.728903e+0 4.000000e-1
      vertex -2.702255e+1 2.449264e+0 4.000000e-1
    endloop
  endfacet
  facet normal -9.864178e-1 1.642556e-1 0.000000e+0
    outer loop
      vertex -2.697598e+1 2.728903e+0 6.000000e-1
      vertex -2.702255e+1 2.449264e+0 4.000000e-1
      vertex -2.702255e+1 2.449264e+0 6.000000e-1
    endloop
  endfacet
  facet normal -9.339016e-1 3.575301e-1 0.000000e+0
    outer loop
      vertex -2.702255e+1 2.449264e+0 6.000000e-1
      vertex -2.702255e+1 2.449264e+0 4.000000e-1
      vertex -2.712356e+1 2.185410e+0 4.000000e-1
    endloop
  endfacet
  facet normal -9.339016e-1 3.575301e-1 0.000000e+0
    outer loop
      vertex -2.702255e+1 2.449264e+0 6.000000e-1
      vertex -2.712356e+1 2.185410e+0 4.000000e-1
      vertex -2.712356e+1 2.185410e+0 6.000000e-1
    endloop
  endfacet
  facet normal -8.803320e-1 4.743581e-1 0.000000e+0
    outer loop
      vertex -2.712356e+1 2.185410e+0 6.000000e-1
      vertex -2.712356e+1 2.185410e+0 4.000000e-1
      vertex -2.726017e+1 1.931878e+0 4.000000e-1
    endloop
  endfacet
  facet normal -8.803320e-1 4.743581e-1 0.000000e+0
    outer loop
      vertex -2.712356e+1 2.185410e+0 6.000000e-1
      vertex -2.726017e+1 1.931878e+0 4.000000e-1
      vertex -2.726017e+1 1.931878e+0 6.000000e-1
    endloop
  endfacet
  facet normal -8.174672e-1 -5.759751e-1 0.000000e+0
    outer loop
      vertex -2.743447e+1 4.331342e+0 4.000000e-1
      vertex -2.722641e+1 4.036045e+0 4.000000e-1
      vertex -2.743447e+1 4.331342e+0 6.000000e-1
    endloop
  endfacet
  facet normal -8.174672e-1 -5.759751e-1 0.000000e+0
    outer loop
      vertex -2.743447e+1 4.331342e+0 6.000000e-1
      vertex -2.722641e+1 4.036045e+0 4.000000e-1
      vertex -2.722641e+1 4.036045e+0 6.000000e-1
    endloop
  endfacet
  facet normal -8.937373e-1 -4.485907e-1 0.000000e+0
    outer loop
      vertex -2.722641e+1 4.036045e+0 6.000000e-1
      vertex -2.722641e+1 4.036045e+0 4.000000e-1
      vertex -2.706879e+1 3.722030e+0 4.000000e-1
    endloop
  endfacet
  facet normal -8.937373e-1 -4.485907e-1 0.000000e+0
    outer loop
      vertex -2.722641e+1 4.036045e+0 6.000000e-1
      vertex -2.706879e+1 3.722030e+0 4.000000e-1
      vertex -2.706879e+1 3.722030e+0 6.000000e-1
    endloop
  endfacet
  facet normal -9.755299e-1 -2.198668e-1 0.000000e+0
    outer loop
      vertex -2.706879e+1 3.722030e+0 6.000000e-1
      vertex -2.706879e+1 3.722030e+0 4.000000e-1
      vertex -2.699132e+1 3.378281e+0 4.000000e-1
    endloop
  endfacet
  facet normal -9.755299e-1 -2.198668e-1 0.000000e+0
    outer loop
      vertex -2.706879e+1 3.722030e+0 6.000000e-1
      vertex -2.699132e+1 3.378281e+0 4.000000e-1
      vertex -2.699132e+1 3.378281e+0 6.000000e-1
    endloop
  endfacet
  facet normal -9.962543e-1 -8.647157e-2 0.000000e+0
    outer loop
      vertex -2.699132e+1 3.378281e+0 6.000000e-1
      vertex -2.699132e+1 3.378281e+0 4.000000e-1
      vertex -2.696000e+1 3.017408e+0 4.000000e-1
    endloop
  endfacet
  facet normal -9.962543e-1 -8.647157e-2 0.000000e+0
    outer loop
      vertex -2.699132e+1 3.378281e+0 6.000000e-1
      vertex -2.696000e+1 3.017408e+0 4.000000e-1
      vertex -2.696000e+1 3.017408e+0 6.000000e-1
    endloop
  endfacet
  facet normal -3.549209e-3 -9.999937e-1 0.000000e+0
    outer loop
      vertex -2.970295e+1 4.861721e+0 4.000000e-1
      vertex -2.909981e+1 4.859580e+0 4.000000e-1
      vertex -2.970295e+1 4.861721e+0 6.000000e-1
    endloop
  endfacet
  facet normal -3.549209e-3 -9.999937e-1 0.000000e+0
    outer loop
      vertex -2.970295e+1 4.861721e+0 6.000000e-1
      vertex -2.909981e+1 4.859580e+0 4.000000e-1
      vertex -2.909981e+1 4.859580e+0 6.000000e-1
    endloop
  endfacet
  facet normal -1.093004e-1 -9.940088e-1 0.000000e+0
    outer loop
      vertex -2.909981e+1 4.859580e+0 6.000000e-1
      vertex -2.909981e+1 4.859580e+0 4.000000e-1
      vertex -2.851387e+1 4.795151e+0 4.000000e-1
    endloop
  endfacet
  facet normal -1.093004e-1 -9.940088e-1 0.000000e+0
    outer loop
      vertex -2.909981e+1 4.859580e+0 6.000000e-1
      vertex -2.851387e+1 4.795151e+0 4.000000e-1
      vertex -2.851387e+1 4.795151e+0 6.000000e-1
    endloop
  endfacet
  facet normal -2.578540e-1 -9.661839e-1 0.000000e+0
    outer loop
      vertex -2.851387e+1 4.795151e+0 6.000000e-1
      vertex -2.851387e+1 4.795151e+0 4.000000e-1
      vertex -2.823273e+1 4.720118e+0 4.000000e-1
    endloop
  endfacet
  facet normal -2.578540e-1 -9.661839e-1 0.000000e+0
    outer loop
      vertex -2.851387e+1 4.795151e+0 6.000000e-1
      vertex -2.823273e+1 4.720118e+0 4.000000e-1
      vertex -2.823273e+1 4.720118e+0 6.000000e-1
    endloop
  endfacet
  facet normal -3.732211e-1 -9.277424e-1 0.000000e+0
    outer loop
      vertex -2.823273e+1 4.720118e+0 6.000000e-1
      vertex -2.823273e+1 4.720118e+0 4.000000e-1
      vertex -2.796104e+1 4.610821e+0 4.000000e-1
    endloop
  endfacet
  facet normal -3.732211e-1 -9.277424e-1 0.000000e+0
    outer loop
      vertex -2.823273e+1 4.720118e+0 6.000000e-1
      vertex -2.796104e+1 4.610821e+0 4.000000e-1
      vertex -2.796104e+1 4.610821e+0 6.000000e-1
    endloop
  endfacet
  facet normal -4.688149e-1 -8.832964e-1 0.000000e+0
    outer loop
      vertex -2.796104e+1 4.610821e+0 6.000000e-1
      vertex -2.796104e+1 4.610821e+0 4.000000e-1
      vertex -2.743447e+1 4.331342e+0 4.000000e-1
    endloop
  endfacet
  facet normal -4.688149e-1 -8.832964e-1 0.000000e+0
    outer loop
      vertex -2.796104e+1 4.610821e+0 6.000000e-1
      vertex -2.743447e+1 4.331342e+0 4.000000e-1
      vertex -2.743447e+1 4.331342e+0 6.000000e-1
    endloop
  endfacet
  facet normal 2.200742e-3 -9.999976e-1 0.000000e+0
    outer loop
      vertex -3.132204e+1 -1.284333e+0 4.000000e-1
      vertex -2.903129e+1 -1.279291e+0 4.000000e-1
      vertex -3.132204e+1 -1.284333e+0 6.000000e-1
    endloop
  endfacet
  facet normal 2.200742e-3 -9.999976e-1 0.000000e+0
    outer loop
      vertex -3.132204e+1 -1.284333e+0 6.000000e-1
      vertex -2.903129e+1 -1.279291e+0 4.000000e-1
      vertex -2.903129e+1 -1.279291e+0 6.000000e-1
    endloop
  endfacet
  facet normal 9.999976e-1 2.200742e-3 0.000000e+0
    outer loop
      vertex -3.131410e+1 -4.894718e+0 4.000000e-1
      vertex -3.132204e+1 -1.284333e+0 4.000000e-1
      vertex -3.131410e+1 -4.894718e+0 6.000000e-1
    endloop
  endfacet
  facet normal 9.999976e-1 2.200742e-3 0.000000e+0
    outer loop
      vertex -3.131410e+1 -4.894718e+0 6.000000e-1
      vertex -3.132204e+1 -1.284333e+0 4.000000e-1
      vertex -3.132204e+1 -1.284333e+0 6.000000e-1
    endloop
  endfacet
  facet normal 8.423871e-1 -5.388728e-1 0.000000e+0
    outer loop
      vertex -3.174721e+1 -6.259512e+0 4.000000e-1
      vertex -3.154838e+1 -5.948685e+0 4.000000e-1
      vertex -3.174721e+1 -6.259512e+0 6.000000e-1
    endloop
  endfacet
  facet normal 8.423871e-1 -5.388728e-1 0.000000e+0
    outer loop
      vertex -3.174721e+1 -6.259512e+0 6.000000e-1
      vertex -3.154838e+1 -5.948685e+0 4.000000e-1
      vertex -3.154838e+1 -5.948685e+0 6.000000e-1
    endloop
  endfacet
  facet normal 9.137364e-1 -4.063076e-1 0.000000e+0
    outer loop
      vertex -3.154838e+1 -5.948685e+0 6.000000e-1
      vertex -3.154838e+1 -5.948685e+0 4.000000e-1
      vertex -3.140230e+1 -5.620164e+0 4.000000e-1
    endloop
  endfacet
  facet normal 9.137364e-1 -4.063076e-1 0.000000e+0
    outer loop
      vertex -3.154838e+1 -5.948685e+0 6.000000e-1
      vertex -3.140230e+1 -5.620164e+0 4.000000e-1
      vertex -3.140230e+1 -5.620164e+0 6.000000e-1
    endloop
  endfacet
  facet normal 9.830092e-1 -1.835563e-1 0.000000e+0
    outer loop
      vertex -3.140230e+1 -5.620164e+0 6.000000e-1
      vertex -3.140230e+1 -5.620164e+0 4.000000e-1
      vertex -3.133596e+1 -5.264900e+0 4.000000e-1
    endloop
  endfacet
  facet normal 9.830092e-1 -1.835563e-1 0.000000e+0
    outer loop
      vertex -3.140230e+1 -5.620164e+0 6.000000e-1
      vertex -3.133596e+1 -5.264900e+0 4.000000e-1
      vertex -3.133596e+1 -5.264900e+0 6.000000e-1
    endloop
  endfacet
  facet normal 9.982612e-1 -5.894493e-2 0.000000e+0
    outer loop
      vertex -3.133596e+1 -5.264900e+0 6.000000e-1
      vertex -3.133596e+1 -5.264900e+0 4.000000e-1
      vertex -3.131410e+1 -4.894718e+0 4.000000e-1
    endloop
  endfacet
  facet normal 9.982612e-1 -5.894493e-2 0.000000e+0
    outer loop
      vertex -3.133596e+1 -5.264900e+0 6.000000e-1
      vertex -3.131410e+1 -4.894718e+0 4.000000e-1
      vertex -3.131410e+1 -4.894718e+0 6.000000e-1
    endloop
  endfacet
  facet normal 1.150060e-1 -9.933648e-1 0.000000e+0
    outer loop
      vertex -3.285746e+1 -6.740456e+0 4.000000e-1
      vertex -3.254330e+1 -6.704085e+0 4.000000e-1
      vertex -3.285746e+1 -6.740456e+0 6.000000e-1
    endloop
  endfacet
  facet normal 1.150060e-1 -9.933648e-1 0.000000e+0
    outer loop
      vertex -3.285746e+1 -6.740456e+0 6.000000e-1
      vertex -3.254330e+1 -6.704085e+0 4.000000e-1
      vertex -3.254330e+1 -6.704085e+0 6.000000e-1
    endloop
  endfacet
  facet normal 2.675083e-1 -9.635556e-1 0.000000e+0
    outer loop
      vertex -3.254330e+1 -6.704085e+0 6.000000e-1
      vertex -3.254330e+1 -6.704085e+0 4.000000e-1
      vertex -3.224894e+1 -6.622361e+0 4.000000e-1
    endloop
  endfacet
  facet normal 2.675083e-1 -9.635556e-1 0.000000e+0
    outer loop
      vertex -3.254330e+1 -6.704085e+0 6.000000e-1
      vertex -3.224894e+1 -6.622361e+0 4.000000e-1
      vertex -3.224894e+1 -6.622361e+0 6.000000e-1
    endloop
  endfacet
  facet normal 5.183496e-1 -8.551688e-1 0.000000e+0
    outer loop
      vertex -3.224894e+1 -6.622361e+0 6.000000e-1
      vertex -3.224894e+1 -6.622361e+0 4.000000e-1
      vertex -3.198794e+1 -6.464162e+0 4.000000e-1
    endloop
  endfacet
  facet normal 5.183496e-1 -8.551688e-1 0.000000e+0
    outer loop
      vertex -3.224894e+1 -6.622361e+0 6.000000e-1
      vertex -3.198794e+1 -6.464162e+0 4.000000e-1
      vertex -3.198794e+1 -6.464162e+0 6.000000e-1
    endloop
  endfacet
  facet normal 6.477032e-1 -7.618927e-1 0.000000e+0
    outer loop
      vertex -3.198794e+1 -6.464162e+0 6.000000e-1
      vertex -3.198794e+1 -6.464162e+0 4.000000e-1
      vertex -3.174721e+1 -6.259512e+0 4.000000e-1
    endloop
  endfacet
  facet normal 6.477032e-1 -7.618927e-1 0.000000e+0
    outer loop
      vertex -3.198794e+1 -6.464162e+0 6.000000e-1
      vertex -3.174721e+1 -6.259512e+0 4.000000e-1
      vertex -3.174721e+1 -6.259512e+0 6.000000e-1
    endloop
  endfacet
  facet normal -6.406681e-1 -7.678180e-1 0.000000e+0
    outer loop
      vertex -3.398035e+1 -6.270545e+0 4.000000e-1
      vertex -3.373628e+1 -6.474198e+0 4.000000e-1
      vertex -3.398035e+1 -6.270545e+0 6.000000e-1
    endloop
  endfacet
  facet normal -6.406681e-1 -7.678180e-1 0.000000e+0
    outer loop
      vertex -3.398035e+1 -6.270545e+0 6.000000e-1
      vertex -3.373628e+1 -6.474198e+0 4.000000e-1
      vertex -3.373628e+1 -6.474198e+0 6.000000e-1
    endloop
  endfacet
  facet normal -5.074227e-1 -8.616973e-1 0.000000e+0
    outer loop
      vertex -3.373628e+1 -6.474198e+0 6.000000e-1
      vertex -3.373628e+1 -6.474198e+0 4.000000e-1
      vertex -3.347182e+1 -6.629926e+0 4.000000e-1
    endloop
  endfacet
  facet normal -5.074227e-1 -8.616973e-1 0.000000e+0
    outer loop
      vertex -3.373628e+1 -6.474198e+0 6.000000e-1
      vertex -3.347182e+1 -6.629926e+0 4.000000e-1
      vertex -3.347182e+1 -6.629926e+0 6.000000e-1
    endloop
  endfacet
  facet normal -2.536289e-1 -9.673016e-1 0.000000e+0
    outer loop
      vertex -3.347182e+1 -6.629926e+0 6.000000e-1
      vertex -3.347182e+1 -6.629926e+0 4.000000e-1
      vertex -3.317432e+1 -6.707934e+0 4.000000e-1
    endloop
  endfacet
  facet normal -2.536289e-1 -9.673016e-1 0.000000e+0
    outer loop
      vertex -3.347182e+1 -6.629926e+0 6.000000e-1
      vertex -3.317432e+1 -6.707934e+0 4.000000e-1
      vertex -3.317432e+1 -6.707934e+0 6.000000e-1
    endloop
  endfacet
  facet normal -1.021006e-1 -9.947741e-1 0.000000e+0
    outer loop
      vertex -3.317432e+1 -6.707934e+0 6.000000e-1
      vertex -3.317432e+1 -6.707934e+0 4.000000e-1
      vertex -3.285746e+1 -6.740456e+0 4.000000e-1
    endloop
  endfacet
  facet normal -1.021006e-1 -9.947741e-1 0.000000e+0
    outer loop
      vertex -3.317432e+1 -6.707934e+0 6.000000e-1
      vertex -3.285746e+1 -6.740456e+0 4.000000e-1
      vertex -3.285746e+1 -6.740456e+0 6.000000e-1
    endloop
  endfacet
  facet normal -9.980973e-1 -6.165841e-2 0.000000e+0
    outer loop
      vertex -3.440859e+1 -4.921482e+0 4.000000e-1
      vertex -3.438600e+1 -5.287112e+0 4.000000e-1
      vertex -3.440859e+1 -4.921482e+0 6.000000e-1
    endloop
  endfacet
  facet normal -9.980973e-1 -6.165841e-2 0.000000e+0
    outer loop
      vertex -3.440859e+1 -4.921482e+0 6.000000e-1
      vertex -3.438600e+1 -5.287112e+0 4.000000e-1
      vertex -3.438600e+1 -5.287112e+0 6.000000e-1
    endloop
  endfacet
  facet normal -9.827833e-1 -1.847623e-1 0.000000e+0
    outer loop
      vertex -3.438600e+1 -5.287112e+0 6.000000e-1
      vertex -3.438600e+1 -5.287112e+0 4.000000e-1
      vertex -3.432000e+1 -5.638165e+0 4.000000e-1
    endloop
  endfacet
  facet normal -9.827833e-1 -1.847623e-1 0.000000e+0
    outer loop
      vertex -3.438600e+1 -5.287112e+0 6.000000e-1
      vertex -3.432000e+1 -5.638165e+0 4.000000e-1
      vertex -3.432000e+1 -5.638165e+0 6.000000e-1
    endloop
  endfacet
  facet normal -9.142601e-1 -4.051278e-1 0.000000e+0
    outer loop
      vertex -3.432000e+1 -5.638165e+0 6.000000e-1
      vertex -3.432000e+1 -5.638165e+0 4.000000e-1
      vertex -3.417604e+1 -5.963041e+0 4.000000e-1
    endloop
  endfacet
  facet normal -9.142601e-1 -4.051278e-1 0.000000e+0
    outer loop
      vertex -3.432000e+1 -5.638165e+0 6.000000e-1
      vertex -3.417604e+1 -5.963041e+0 4.000000e-1
      vertex -3.417604e+1 -5.963041e+0 6.000000e-1
    endloop
  endfacet
  facet normal -8.436519e-1 -5.368906e-1 0.000000e+0
    outer loop
      vertex -3.417604e+1 -5.963041e+0 6.000000e-1
      vertex -3.417604e+1 -5.963041e+0 4.000000e-1
      vertex -3.398035e+1 -6.270545e+0 4.000000e-1
    endloop
  endfacet
  facet normal -8.436519e-1 -5.368906e-1 0.000000e+0
    outer loop
      vertex -3.417604e+1 -5.963041e+0 6.000000e-1
      vertex -3.398035e+1 -6.270545e+0 4.000000e-1
      vertex -3.398035e+1 -6.270545e+0 6.000000e-1
    endloop
  endfacet
  facet normal -9.999976e-1 -2.200742e-3 0.000000e+0
    outer loop
      vertex -3.443132e+1 5.406346e+0 4.000000e-1
      vertex -3.440859e+1 -4.921482e+0 4.000000e-1
      vertex -3.443132e+1 5.406346e+0 6.000000e-1
    endloop
  endfacet
  facet normal -9.999976e-1 -2.200742e-3 0.000000e+0
    outer loop
      vertex -3.443132e+1 5.406346e+0 6.000000e-1
      vertex -3.440859e+1 -4.921482e+0 4.000000e-1
      vertex -3.440859e+1 -4.921482e+0 6.000000e-1
    endloop
  endfacet
  facet normal -8.207164e-1 5.713357e-1 0.000000e+0
    outer loop
      vertex -3.396598e+1 6.819928e+0 4.000000e-1
      vertex -3.418621e+1 6.503576e+0 4.000000e-1
      vertex -3.396598e+1 6.819928e+0 6.000000e-1
    endloop
  endfacet
  facet normal -8.207164e-1 5.713357e-1 0.000000e+0
    outer loop
      vertex -3.396598e+1 6.819928e+0 6.000000e-1
      vertex -3.418621e+1 6.503576e+0 4.000000e-1
      vertex -3.418621e+1 6.503576e+0 6.000000e-1
    endloop
  endfacet
  facet normal -9.059449e-1 4.233955e-1 0.000000e+0
    outer loop
      vertex -3.418621e+1 6.503576e+0 6.000000e-1
      vertex -3.418621e+1 6.503576e+0 4.000000e-1
      vertex -3.434439e+1 6.165102e+0 4.000000e-1
    endloop
  endfacet
  facet normal -9.059449e-1 4.233955e-1 0.000000e+0
    outer loop
      vertex -3.418621e+1 6.503576e+0 6.000000e-1
      vertex -3.434439e+1 6.165102e+0 4.000000e-1
      vertex -3.434439e+1 6.165102e+0 6.000000e-1
    endloop
  endfacet
  facet normal -9.835432e-1 1.806732e-1 0.000000e+0
    outer loop
      vertex -3.434439e+1 6.165102e+0 6.000000e-1
      vertex -3.434439e+1 6.165102e+0 4.000000e-1
      vertex -3.441247e+1 5.794501e+0 4.000000e-1
    endloop
  endfacet
  facet normal -9.835432e-1 1.806732e-1 0.000000e+0
    outer loop
      vertex -3.434439e+1 6.165102e+0 6.000000e-1
      vertex -3.441247e+1 5.794501e+0 4.000000e-1
      vertex -3.441247e+1 5.794501e+0 6.000000e-1
    endloop
  endfacet
  facet normal -9.988231e-1 4.850116e-2 0.000000e+0
    outer loop
      vertex -3.441247e+1 5.794501e+0 6.000000e-1
      vertex -3.441247e+1 5.794501e+0 4.000000e-1
      vertex -3.443132e+1 5.406346e+0 4.000000e-1
    endloop
  endfacet
  facet normal -9.988231e-1 4.850116e-2 0.000000e+0
    outer loop
      vertex -3.441247e+1 5.794501e+0 6.000000e-1
      vertex -3.443132e+1 5.406346e+0 4.000000e-1
      vertex -3.443132e+1 5.406346e+0 6.000000e-1
    endloop
  endfacet
  facet normal -5.107188e-2 9.986950e-1 0.000000e+0
    outer loop
      vertex -3.253102e+1 7.260296e+0 4.000000e-1
      vertex -3.291957e+1 7.240426e+0 4.000000e-1
      vertex -3.253102e+1 7.260296e+0 6.000000e-1
    endloop
  endfacet
  facet normal -5.107188e-2 9.986950e-1 0.000000e+0
    outer loop
      vertex -3.253102e+1 7.260296e+0 6.000000e-1
      vertex -3.291957e+1 7.240426e+0 4.000000e-1
      vertex -3.291957e+1 7.240426e+0 6.000000e-1
    endloop
  endfacet
  facet normal -1.728841e-1 9.849422e-1 0.000000e+0
    outer loop
      vertex -3.291957e+1 7.240426e+0 6.000000e-1
      vertex -3.291957e+1 7.240426e+0 4.000000e-1
      vertex -3.329303e+1 7.174874e+0 4.000000e-1
    endloop
  endfacet
  facet normal -1.728841e-1 9.849422e-1 0.000000e+0
    outer loop
      vertex -3.291957e+1 7.240426e+0 6.000000e-1
      vertex -3.329303e+1 7.174874e+0 4.000000e-1
      vertex -3.329303e+1 7.174874e+0 6.000000e-1
    endloop
  endfacet
  facet normal -3.954658e-1 9.184807e-1 0.000000e+0
    outer loop
      vertex -3.329303e+1 7.174874e+0 6.000000e-1
      vertex -3.329303e+1 7.174874e+0 4.000000e-1
      vertex -3.363894e+1 7.025939e+0 4.000000e-1
    endloop
  endfacet
  facet normal -3.954658e-1 9.184807e-1 0.000000e+0
    outer loop
      vertex -3.329303e+1 7.174874e+0 6.000000e-1
      vertex -3.363894e+1 7.025939e+0 4.000000e-1
      vertex -3.363894e+1 7.025939e+0 6.000000e-1
    endloop
  endfacet
  facet normal -5.329917e-1 8.461205e-1 0.000000e+0
    outer loop
      vertex -3.363894e+1 7.025939e+0 6.000000e-1
      vertex -3.363894e+1 7.025939e+0 4.000000e-1
      vertex -3.396598e+1 6.819928e+0 4.000000e-1
    endloop
  endfacet
  facet normal -5.329917e-1 8.461205e-1 0.000000e+0
    outer loop
      vertex -3.363894e+1 7.025939e+0 6.000000e-1
      vertex -3.396598e+1 6.819928e+0 4.000000e-1
      vertex -3.396598e+1 6.819928e+0 6.000000e-1
    endloop
  endfacet
  facet normal -2.200742e-3 9.999976e-1 0.000000e+0
    outer loop
      vertex -2.904923e+1 7.267959e+0 4.000000e-1
      vertex -3.253102e+1 7.260296e+0 4.000000e-1
      vertex -2.904923e+1 7.267959e+0 6.000000e-1
    endloop
  endfacet
  facet normal -2.200742e-3 9.999976e-1 0.000000e+0
    outer loop
      vertex -2.904923e+1 7.267959e+0 6.000000e-1
      vertex -3.253102e+1 7.260296e+0 4.000000e-1
      vertex -3.253102e+1 7.260296e+0 6.000000e-1
    endloop
  endfacet
  facet normal 1.910244e-1 9.815853e-1 0.000000e+0
    outer loop
      vertex -2.662074e+1 7.027609e+0 4.000000e-1
      vertex -2.722172e+1 7.144563e+0 4.000000e-1
      vertex -2.662074e+1 7.027609e+0 6.000000e-1
    endloop
  endfacet
  facet normal 1.910244e-1 9.815853e-1 0.000000e+0
    outer loop
      vertex -2.662074e+1 7.027609e+0 6.000000e-1
      vertex -2.722172e+1 7.144563e+0 4.000000e-1
      vertex -2.722172e+1 7.144563e+0 6.000000e-1
    endloop
  endfacet
  facet normal 1.350653e-1 9.908367e-1 0.000000e+0
    outer loop
      vertex -2.722172e+1 7.144563e+0 6.000000e-1
      vertex -2.722172e+1 7.144563e+0 4.000000e-1
      vertex -2.782642e+1 7.226993e+0 4.000000e-1
    endloop
  endfacet
  facet normal 1.350653e-1 9.908367e-1 0.000000e+0
    outer loop
      vertex -2.722172e+1 7.144563e+0 6.000000e-1
      vertex -2.782642e+1 7.226993e+0 4.000000e-1
      vertex -2.782642e+1 7.226993e+0 6.000000e-1
    endloop
  endfacet
  facet normal 5.507664e-2 9.984821e-1 0.000000e+0
    outer loop
      vertex -2.782642e+1 7.226993e+0 6.000000e-1
      vertex -2.782642e+1 7.226993e+0 4.000000e-1
      vertex -2.843640e+1 7.260640e+0 4.000000e-1
    endloop
  endfacet
  facet normal 5.507664e-2 9.984821e-1 0.000000e+0
    outer loop
      vertex -2.782642e+1 7.226993e+0 6.000000e-1
      vertex -2.843640e+1 7.260640e+0 4.000000e-1
      vertex -2.843640e+1 7.260640e+0 6.000000e-1
    endloop
  endfacet
  facet normal 1.194264e-2 9.999287e-1 0.000000e+0
    outer loop
      vertex -2.843640e+1 7.260640e+0 6.000000e-1
      vertex -2.843640e+1 7.260640e+0 4.000000e-1
      vertex -2.904923e+1 7.267959e+0 4.000000e-1
    endloop
  endfacet
  facet normal 1.194264e-2 9.999287e-1 0.000000e+0
    outer loop
      vertex -2.843640e+1 7.260640e+0 6.000000e-1
      vertex -2.904923e+1 7.267959e+0 4.000000e-1
      vertex -2.904923e+1 7.267959e+0 6.000000e-1
    endloop
  endfacet
  facet normal 6.024932e-1 7.981240e-1 0.000000e+0
    outer loop
      vertex -2.511875e+1 6.229024e+0 4.000000e-1
      vertex -2.546235e+1 6.488403e+0 4.000000e-1
      vertex -2.511875e+1 6.229024e+0 6.000000e-1
    endloop
  endfacet
  facet normal 6.024932e-1 7.981240e-1 0.000000e+0
    outer loop
      vertex -2.511875e+1 6.229024e+0 6.000000e-1
      vertex -2.546235e+1 6.488403e+0 4.000000e-1
      vertex -2.546235e+1 6.488403e+0 6.000000e-1
    endloop
  endfacet
  facet normal 5.311258e-1 8.472930e-1 0.000000e+0
    outer loop
      vertex -2.546235e+1 6.488403e+0 6.000000e-1
      vertex -2.546235e+1 6.488403e+0 4.000000e-1
      vertex -2.582355e+1 6.714821e+0 4.000000e-1
    endloop
  endfacet
  facet normal 5.311258e-1 8.472930e-1 0.000000e+0
    outer loop
      vertex -2.546235e+1 6.488403e+0 6.000000e-1
      vertex -2.582355e+1 6.714821e+0 4.000000e-1
      vertex -2.582355e+1 6.714821e+0 6.000000e-1
    endloop
  endfacet
  facet normal 4.041837e-1 9.146779e-1 0.000000e+0
    outer loop
      vertex -2.582355e+1 6.714821e+0 6.000000e-1
      vertex -2.582355e+1 6.714821e+0 4.000000e-1
      vertex -2.621362e+1 6.887186e+0 4.000000e-1
    endloop
  endfacet
  facet normal 4.041837e-1 9.146779e-1 0.000000e+0
    outer loop
      vertex -2.582355e+1 6.714821e+0 6.000000e-1
      vertex -2.621362e+1 6.887186e+0 4.000000e-1
      vertex -2.621362e+1 6.887186e+0 6.000000e-1
    endloop
  endfacet
  facet normal 3.260639e-1 9.453477e-1 0.000000e+0
    outer loop
      vertex -2.621362e+1 6.887186e+0 6.000000e-1
      vertex -2.621362e+1 6.887186e+0 4.000000e-1
      vertex -2.662074e+1 7.027609e+0 4.000000e-1
    endloop
  endfacet
  facet normal 3.260639e-1 9.453477e-1 0.000000e+0
    outer loop
      vertex -2.621362e+1 6.887186e+0 6.000000e-1
      vertex -2.662074e+1 7.027609e+0 4.000000e-1
      vertex -2.662074e+1 7.027609e+0 6.000000e-1
    endloop
  endfacet
  facet normal 8.982267e-1 4.395324e-1 0.000000e+0
    outer loop
      vertex -2.415709e+1 4.867445e+0 4.000000e-1
      vertex -2.434264e+1 5.246644e+0 4.000000e-1
      vertex -2.415709e+1 4.867445e+0 6.000000e-1
    endloop
  endfacet
  facet normal 8.982267e-1 4.395324e-1 0.000000e+0
    outer loop
      vertex -2.415709e+1 4.867445e+0 6.000000e-1
      vertex -2.434264e+1 5.246644e+0 4.000000e-1
      vertex -2.434264e+1 5.246644e+0 6.000000e-1
    endloop
  endfacet
  facet normal 8.569861e-1 5.153396e-1 0.000000e+0
    outer loop
      vertex -2.434264e+1 5.246644e+0 6.000000e-1
      vertex -2.434264e+1 5.246644e+0 4.000000e-1
      vertex -2.455799e+1 5.604767e+0 4.000000e-1
    endloop
  endfacet
  facet normal 8.569861e-1 5.153396e-1 0.000000e+0
    outer loop
      vertex -2.434264e+1 5.246644e+0 6.000000e-1
      vertex -2.455799e+1 5.604767e+0 4.000000e-1
      vertex -2.455799e+1 5.604767e+0 6.000000e-1
    endloop
  endfacet
  facet normal 7.725430e-1 6.349625e-1 0.000000e+0
    outer loop
      vertex -2.455799e+1 5.604767e+0 6.000000e-1
      vertex -2.455799e+1 5.604767e+0 4.000000e-1
      vertex -2.482330e+1 5.927558e+0 4.000000e-1
    endloop
  endfacet
  facet normal 7.725430e-1 6.349625e-1 0.000000e+0
    outer loop
      vertex -2.455799e+1 5.604767e+0 6.000000e-1
      vertex -2.482330e+1 5.927558e+0 4.000000e-1
      vertex -2.482330e+1 5.927558e+0 6.000000e-1
    endloop
  endfacet
  facet normal 7.141908e-1 6.999511e-1 0.000000e+0
    outer loop
      vertex -2.482330e+1 5.927558e+0 6.000000e-1
      vertex -2.482330e+1 5.927558e+0 4.000000e-1
      vertex -2.511875e+1 6.229024e+0 4.000000e-1
    endloop
  endfacet
  facet normal 7.141908e-1 6.999511e-1 0.000000e+0
    outer loop
      vertex -2.482330e+1 5.927558e+0 6.000000e-1
      vertex -2.511875e+1 6.229024e+0 4.000000e-1
      vertex -2.511875e+1 6.229024e+0 6.000000e-1
    endloop
  endfacet
  facet normal 9.987467e-1 5.005085e-2 0.000000e+0
    outer loop
      vertex -2.382829e+1 3.074546e+0 4.000000e-1
      vertex -2.385131e+1 3.533829e+0 4.000000e-1
      vertex -2.382829e+1 3.074546e+0 6.000000e-1
    endloop
  endfacet
  facet normal 9.987467e-1 5.005085e-2 0.000000e+0
    outer loop
      vertex -2.382829e+1 3.074546e+0 6.000000e-1
      vertex -2.385131e+1 3.533829e+0 4.000000e-1
      vertex -2.385131e+1 3.533829e+0 6.000000e-1
    endloop
  endfacet
  facet normal 9.928485e-1 1.193809e-1 0.000000e+0
    outer loop
      vertex -2.385131e+1 3.533829e+0 6.000000e-1
      vertex -2.385131e+1 3.533829e+0 4.000000e-1
      vertex -2.390582e+1 3.987227e+0 4.000000e-1
    endloop
  endfacet
  facet normal 9.928485e-1 1.193809e-1 0.000000e+0
    outer loop
      vertex -2.385131e+1 3.533829e+0 6.000000e-1
      vertex -2.390582e+1 3.987227e+0 4.000000e-1
      vertex -2.390582e+1 3.987227e+0 6.000000e-1
    endloop
  endfacet
  facet normal 9.711979e-1 2.382742e-1 0.000000e+0
    outer loop
      vertex -2.390582e+1 3.987227e+0 6.000000e-1
      vertex -2.390582e+1 3.987227e+0 4.000000e-1
      vertex -2.401457e+1 4.430490e+0 4.000000e-1
    endloop
  endfacet
  facet normal 9.711979e-1 2.382742e-1 0.000000e+0
    outer loop
      vertex -2.390582e+1 3.987227e+0 6.000000e-1
      vertex -2.401457e+1 4.430490e+0 4.000000e-1
      vertex -2.401457e+1 4.430490e+0 6.000000e-1
    endloop
  endfacet
  facet normal 9.507135e-1 3.100706e-1 0.000000e+0
    outer loop
      vertex -2.401457e+1 4.430490e+0 6.000000e-1
      vertex -2.401457e+1 4.430490e+0 4.000000e-1
      vertex -2.415709e+1 4.867445e+0 4.000000e-1
    endloop
  endfacet
  facet normal 9.507135e-1 3.100706e-1 0.000000e+0
    outer loop
      vertex -2.401457e+1 4.430490e+0 6.000000e-1
      vertex -2.415709e+1 4.867445e+0 4.000000e-1
      vertex -2.415709e+1 4.867445e+0 6.000000e-1
    endloop
  endfacet
  facet normal 7.654479e-1 -6.434978e-1 0.000000e+0
    outer loop
      vertex -2.514182e+1 -1.659116e-1 4.000000e-1
      vertex -2.455312e+1 5.343480e-1 4.000000e-1
      vertex -2.514182e+1 -1.659116e-1 6.000000e-1
    endloop
  endfacet
  facet normal 7.654479e-1 -6.434978e-1 0.000000e+0
    outer loop
      vertex -2.514182e+1 -1.659116e-1 6.000000e-1
      vertex -2.455312e+1 5.343480e-1 4.000000e-1
      vertex -2.455312e+1 5.343480e-1 6.000000e-1
    endloop
  endfacet
  facet normal 8.306739e-1 -5.567593e-1 0.000000e+0
    outer loop
      vertex -2.455312e+1 5.343480e-1 6.000000e-1
      vertex -2.455312e+1 5.343480e-1 4.000000e-1
      vertex -2.430529e+1 9.041079e-1 4.000000e-1
    endloop
  endfacet
  facet normal 8.306739e-1 -5.567593e-1 0.000000e+0
    outer loop
      vertex -2.455312e+1 5.343480e-1 6.000000e-1
      vertex -2.430529e+1 9.041079e-1 4.000000e-1
      vertex -2.430529e+1 9.041079e-1 6.000000e-1
    endloop
  endfacet
  facet normal 8.985379e-1 -4.388958e-1 0.000000e+0
    outer loop
      vertex -2.430529e+1 9.041079e-1 6.000000e-1
      vertex -2.430529e+1 9.041079e-1 4.000000e-1
      vertex -2.411319e+1 1.297387e+0 4.000000e-1
    endloop
  endfacet
  facet normal 8.985379e-1 -4.388958e-1 0.000000e+0
    outer loop
      vertex -2.430529e+1 9.041079e-1 6.000000e-1
      vertex -2.411319e+1 1.297387e+0 4.000000e-1
      vertex -2.411319e+1 1.297387e+0 6.000000e-1
    endloop
  endfacet
  facet normal 9.560511e-1 -2.932000e-1 0.000000e+0
    outer loop
      vertex -2.411319e+1 1.297387e+0 6.000000e-1
      vertex -2.411319e+1 1.297387e+0 4.000000e-1
      vertex -2.398439e+1 1.717379e+0 4.000000e-1
    endloop
  endfacet
  facet normal 9.560511e-1 -2.932000e-1 0.000000e+0
    outer loop
      vertex -2.411319e+1 1.297387e+0 6.000000e-1
      vertex -2.398439e+1 1.717379e+0 4.000000e-1
      vertex -2.398439e+1 1.717379e+0 6.000000e-1
    endloop
  endfacet
  facet normal 9.841430e-1 -1.773766e-1 0.000000e+0
    outer loop
      vertex -2.398439e+1 1.717379e+0 6.000000e-1
      vertex -2.398439e+1 1.717379e+0 4.000000e-1
      vertex -2.390494e+1 2.158197e+0 4.000000e-1
    endloop
  endfacet
  facet normal 9.841430e-1 -1.773766e-1 0.000000e+0
    outer loop
      vertex -2.398439e+1 1.717379e+0 6.000000e-1
      vertex -2.390494e+1 2.158197e+0 4.000000e-1
      vertex -2.390494e+1 2.158197e+0 6.000000e-1
    endloop
  endfacet
  facet normal 9.965199e-1 -8.335500e-2 0.000000e+0
    outer loop
      vertex -2.390494e+1 2.158197e+0 6.000000e-1
      vertex -2.390494e+1 2.158197e+0 4.000000e-1
      vertex -2.382829e+1 3.074546e+0 4.000000e-1
    endloop
  endfacet
  facet normal 9.965199e-1 -8.335500e-2 0.000000e+0
    outer loop
      vertex -2.390494e+1 2.158197e+0 6.000000e-1
      vertex -2.382829e+1 3.074546e+0 4.000000e-1
      vertex -2.382829e+1 3.074546e+0 6.000000e-1
    endloop
  endfacet
  facet normal 4.978622e-2 -9.987599e-1 0.000000e+0
    outer loop
      vertex -2.903129e+1 -1.279291e+0 4.000000e-1
      vertex -2.798944e+1 -1.227357e+0 4.000000e-1
      vertex -2.903129e+1 -1.279291e+0 6.000000e-1
    endloop
  endfacet
  facet normal 4.978622e-2 -9.987599e-1 0.000000e+0
    outer loop
      vertex -2.903129e+1 -1.279291e+0 6.000000e-1
      vertex -2.798944e+1 -1.227357e+0 4.000000e-1
      vertex -2.798944e+1 -1.227357e+0 6.000000e-1
    endloop
  endfacet
  facet normal 1.204887e-1 -9.927147e-1 0.000000e+0
    outer loop
      vertex -2.798944e+1 -1.227357e+0 6.000000e-1
      vertex -2.798944e+1 -1.227357e+0 4.000000e-1
      vertex -2.747953e+1 -1.165468e+0 4.000000e-1
    endloop
  endfacet
  facet normal 1.204887e-1 -9.927147e-1 0.000000e+0
    outer loop
      vertex -2.798944e+1 -1.227357e+0 6.000000e-1
      vertex -2.747953e+1 -1.165468e+0 4.000000e-1
      vertex -2.747953e+1 -1.165468e+0 6.000000e-1
    endloop
  endfacet
  facet normal 2.068234e-1 -9.783783e-1 0.000000e+0
    outer loop
      vertex -2.747953e+1 -1.165468e+0 6.000000e-1
      vertex -2.747953e+1 -1.165468e+0 4.000000e-1
      vertex -2.698286e+1 -1.060474e+0 4.000000e-1
    endloop
  endfacet
  facet normal 2.068234e-1 -9.783783e-1 0.000000e+0
    outer loop
      vertex -2.747953e+1 -1.165468e+0 6.000000e-1
      vertex -2.698286e+1 -1.060474e+0 4.000000e-1
      vertex -2.698286e+1 -1.060474e+0 6.000000e-1
    endloop
  endfacet
  facet normal 3.192641e-1 -9.476658e-1 0.000000e+0
    outer loop
      vertex -2.698286e+1 -1.060474e+0 6.000000e-1
      vertex -2.698286e+1 -1.060474e+0 4.000000e-1
      vertex -2.650352e+1 -8.989884e-1 4.000000e-1
    endloop
  endfacet
  facet normal 3.192641e-1 -9.476658e-1 0.000000e+0
    outer loop
      vertex -2.698286e+1 -1.060474e+0 6.000000e-1
      vertex -2.650352e+1 -8.989884e-1 4.000000e-1
      vertex -2.650352e+1 -8.989884e-1 6.000000e-1
    endloop
  endfacet
  facet normal 4.205101e-1 -9.072879e-1 0.000000e+0
    outer loop
      vertex -2.650352e+1 -8.989884e-1 6.000000e-1
      vertex -2.650352e+1 -8.989884e-1 4.000000e-1
      vertex -2.604049e+1 -6.843820e-1 4.000000e-1
    endloop
  endfacet
  facet normal 4.205101e-1 -9.072879e-1 0.000000e+0
    outer loop
      vertex -2.650352e+1 -8.989884e-1 6.000000e-1
      vertex -2.604049e+1 -6.843820e-1 4.000000e-1
      vertex -2.604049e+1 -6.843820e-1 6.000000e-1
    endloop
  endfacet
  facet normal 4.997273e-1 -8.661827e-1 0.000000e+0
    outer loop
      vertex -2.604049e+1 -6.843820e-1 6.000000e-1
      vertex -2.604049e+1 -6.843820e-1 4.000000e-1
      vertex -2.514182e+1 -1.659116e-1 4.000000e-1
    endloop
  endfacet
  facet normal 4.997273e-1 -8.661827e-1 0.000000e+0
    outer loop
      vertex -2.604049e+1 -6.843820e-1 6.000000e-1
      vertex -2.514182e+1 -1.659116e-1 4.000000e-1
      vertex -2.514182e+1 -1.659116e-1 6.000000e-1
    endloop
  endfacet
  facet normal 4.425766e-18 -8.878516e-17 1.000000e+0
    outer loop
      vertex -2.798944e+1 -1.227357e+0 6.000000e-1
      vertex -2.854105e+1 1.246067e+0 6.000000e-1
      vertex -2.903129e+1 -1.279291e+0 6.000000e-1
    endloop
  endfacet
  facet normal -5.877495e-16 2.617358e-17 1.000000e+0
    outer loop
      vertex -2.903129e+1 -1.279291e+0 6.000000e-1
      vertex -2.854105e+1 1.246067e+0 6.000000e-1
      vertex -2.892169e+1 1.181871e+0 6.000000e-1
    endloop
  endfacet
  facet normal 0.000000e+0 0.000000e+0 1.000000e+0
    outer loop
      vertex -2.903129e+1 -1.279291e+0 6.000000e-1
      vertex -2.892169e+1 1.181871e+0 6.000000e-1
      vertex -2.930695e+1 1.152613e+0 6.000000e-1
    endloop
  endfacet
  facet normal 5.789859e-16 3.935027e-17 1.000000e+0
    outer loop
      vertex -2.854105e+1 1.246067e+0 6.000000e-1
      vertex -2.798944e+1 -1.227357e+0 6.000000e-1
      vertex -2.816350e+1 1.333716e+0 6.000000e-1
    endloop
  endfacet
  facet normal 0.000000e+0 0.000000e+0 1.000000e+0
    outer loop
      vertex -2.816350e+1 1.333716e+0 6.000000e-1
      vertex -2.798944e+1 -1.227357e+0 6.000000e-1
      vertex -2.747953e+1 -1.165468e+0 6.000000e-1
    endloop
  endfacet
  facet normal 0.000000e+0 0.000000e+0 1.000000e+0
    outer loop
      vertex -2.816350e+1 1.333716e+0 6.000000e-1
      vertex -2.747953e+1 -1.165468e+0 6.000000e-1
      vertex -2.790449e+1 1.434155e+0 6.000000e-1
    endloop
  endfacet
  facet normal 0.000000e+0 0.000000e+0 1.000000e+0
    outer loop
      vertex -2.790449e+1 1.434155e+0 6.000000e-1
      vertex -2.747953e+1 -1.165468e+0 6.000000e-1
      vertex -2.766286e+1 1.560326e+0 6.000000e-1
    endloop
  endfacet
  facet normal 0.000000e+0 0.000000e+0 1.000000e+0
    outer loop
      vertex -2.766286e+1 1.560326e+0 6.000000e-1
      vertex -2.747953e+1 -1.165468e+0 6.000000e-1
      vertex -2.698286e+1 -1.060474e+0 6.000000e-1
    endloop
  endfacet
  facet normal 0.000000e+0 0.000000e+0 1.000000e+0
    outer loop
      vertex -2.766286e+1 1.560326e+0 6.000000e-1
      vertex -2.698286e+1 -1.060474e+0 6.000000e-1
      vertex -2.650352e+1 -8.989884e-1 6.000000e-1
    endloop
  endfacet
  facet normal 0.000000e+0 0.000000e+0 1.000000e+0
    outer loop
      vertex -2.766286e+1 1.560326e+0 6.000000e-1
      vertex -2.650352e+1 -8.989884e-1 6.000000e-1
      vertex -2.745176e+1 1.731664e+0 6.000000e-1
    endloop
  endfacet
  facet normal 0.000000e+0 0.000000e+0 1.000000e+0
    outer loop
      vertex -2.745176e+1 1.731664e+0 6.000000e-1
      vertex -2.650352e+1 -8.989884e-1 6.000000e-1
      vertex -2.604049e+1 -6.843820e-1 6.000000e-1
    endloop
  endfacet
  facet normal 0.000000e+0 0.000000e+0 1.000000e+0
    outer loop
      vertex -2.745176e+1 1.731664e+0 6.000000e-1
      vertex -2.604049e+1 -6.843820e-1 6.000000e-1
      vertex -2.726017e+1 1.931878e+0 6.000000e-1
    endloop
  endfacet
  facet normal 0.000000e+0 0.000000e+0 1.000000e+0
    outer loop
      vertex -2.726017e+1 1.931878e+0 6.000000e-1
      vertex -2.604049e+1 -6.843820e-1 6.000000e-1
      vertex -2.712356e+1 2.185410e+0 6.000000e-1
    endloop
  endfacet
  facet normal 0.000000e+0 0.000000e+0 1.000000e+0
    outer loop
      vertex -2.712356e+1 2.185410e+0 6.000000e-1
      vertex -2.604049e+1 -6.843820e-1 6.000000e-1
      vertex -2.514182e+1 -1.659116e-1 6.000000e-1
    endloop
  endfacet
  facet normal 0.000000e+0 0.000000e+0 1.000000e+0
    outer loop
      vertex -2.712356e+1 2.185410e+0 6.000000e-1
      vertex -2.514182e+1 -1.659116e-1 6.000000e-1
      vertex -2.702255e+1 2.449264e+0 6.000000e-1
    endloop
  endfacet
  facet normal 0.000000e+0 0.000000e+0 1.000000e+0
    outer loop
      vertex -2.702255e+1 2.449264e+0 6.000000e-1
      vertex -2.514182e+1 -1.659116e-1 6.000000e-1
      vertex -2.455312e+1 5.343480e-1 6.000000e-1
    endloop
  endfacet
  facet normal 0.000000e+0 0.000000e+0 1.000000e+0
    outer loop
      vertex -2.702255e+1 2.449264e+0 6.000000e-1
      vertex -2.455312e+1 5.343480e-1 6.000000e-1
      vertex -2.430529e+1 9.041079e-1 6.000000e-1
    endloop
  endfacet
  facet normal 0.000000e+0 0.000000e+0 1.000000e+0
    outer loop
      vertex -2.702255e+1 2.449264e+0 6.000000e-1
      vertex -2.430529e+1 9.041079e-1 6.000000e-1
      vertex -2.697598e+1 2.728903e+0 6.000000e-1
    endloop
  endfacet
  facet normal 0.000000e+0 0.000000e+0 1.000000e+0
    outer loop
      vertex -2.697598e+1 2.728903e+0 6.000000e-1
      vertex -2.430529e+1 9.041079e-1 6.000000e-1
      vertex -2.411319e+1 1.297387e+0 6.000000e-1
    endloop
  endfacet
  facet normal 0.000000e+0 0.000000e+0 1.000000e+0
    outer loop
      vertex -2.697598e+1 2.728903e+0 6.000000e-1
      vertex -2.411319e+1 1.297387e+0 6.000000e-1
      vertex -2.398439e+1 1.717379e+0 6.000000e-1
    endloop
  endfacet
  facet normal 0.000000e+0 0.000000e+0 1.000000e+0
    outer loop
      vertex -2.398439e+1 1.717379e+0 6.000000e-1
      vertex -2.390494e+1 2.158197e+0 6.000000e-1
      vertex -2.697598e+1 2.728903e+0 6.000000e-1
    endloop
  endfacet
  facet normal 0.000000e+0 0.000000e+0 1.000000e+0
    outer loop
      vertex -2.697598e+1 2.728903e+0 6.000000e-1
      vertex -2.390494e+1 2.158197e+0 6.000000e-1
      vertex -2.696000e+1 3.017408e+0 6.000000e-1
    endloop
  endfacet
  facet normal 0.000000e+0 0.000000e+0 1.000000e+0
    outer loop
      vertex -2.696000e+1 3.017408e+0 6.000000e-1
      vertex -2.390494e+1 2.158197e+0 6.000000e-1
      vertex -2.382829e+1 3.074546e+0 6.000000e-1
    endloop
  endfacet
  facet normal 0.000000e+0 0.000000e+0 1.000000e+0
    outer loop
      vertex -2.696000e+1 3.017408e+0 6.000000e-1
      vertex -2.382829e+1 3.074546e+0 6.000000e-1
      vertex -2.385131e+1 3.533829e+0 6.000000e-1
    endloop
  endfacet
  facet normal 0.000000e+0 0.000000e+0 1.000000e+0
    outer loop
      vertex -2.696000e+1 3.017408e+0 6.000000e-1
      vertex -2.385131e+1 3.533829e+0 6.000000e-1
      vertex -2.699132e+1 3.378281e+0 6.000000e-1
    endloop
  endfacet
  facet normal 0.000000e+0 0.000000e+0 1.000000e+0
    outer loop
      vertex -2.699132e+1 3.378281e+0 6.000000e-1
      vertex -2.385131e+1 3.533829e+0 6.000000e-1
      vertex -2.390582e+1 3.987227e+0 6.000000e-1
    endloop
  endfacet
  facet normal 0.000000e+0 0.000000e+0 1.000000e+0
    outer loop
      vertex -2.699132e+1 3.378281e+0 6.000000e-1
      vertex -2.390582e+1 3.987227e+0 6.000000e-1
      vertex -2.401457e+1 4.430490e+0 6.000000e-1
    endloop
  endfacet
  facet normal 0.000000e+0 0.000000e+0 1.000000e+0
    outer loop
      vertex -2.401457e+1 4.430490e+0 6.000000e-1
      vertex -2.415709e+1 4.867445e+0 6.000000e-1
      vertex -2.699132e+1 3.378281e+0 6.000000e-1
    endloop
  endfacet
  facet normal 0.000000e+0 0.000000e+0 1.000000e+0
    outer loop
      vertex -2.699132e+1 3.378281e+0 6.000000e-1
      vertex -2.415709e+1 4.867445e+0 6.000000e-1
      vertex -2.434264e+1 5.246644e+0 6.000000e-1
    endloop
  endfacet
  facet normal 0.000000e+0 0.000000e+0 1.000000e+0
    outer loop
      vertex -2.699132e+1 3.378281e+0 6.000000e-1
      vertex -2.434264e+1 5.246644e+0 6.000000e-1
      vertex -2.706879e+1 3.722030e+0 6.000000e-1
    endloop
  endfacet
  facet normal 1.297427e-16 -2.319923e-16 1.000000e+0
    outer loop
      vertex -2.706879e+1 3.722030e+0 6.000000e-1
      vertex -2.434264e+1 5.246644e+0 6.000000e-1
      vertex -2.455799e+1 5.604767e+0 6.000000e-1
    endloop
  endfacet
  facet normal -1.869233e-16 1.903106e-16 1.000000e+0
    outer loop
      vertex -2.706879e+1 3.722030e+0 6.000000e-1
      vertex -2.455799e+1 5.604767e+0 6.000000e-1
      vertex -2.482330e+1 5.927558e+0 6.000000e-1
    endloop
  endfacet
  facet normal 0.000000e+0 0.000000e+0 1.000000e+0
    outer loop
      vertex -2.482330e+1 5.927558e+0 6.000000e-1
      vertex -2.511875e+1 6.229024e+0 6.000000e-1
      vertex -2.706879e+1 3.722030e+0 6.000000e-1
    endloop
  endfacet
  facet normal 0.000000e+0 0.000000e+0 1.000000e+0
    outer loop
      vertex -2.706879e+1 3.722030e+0 6.000000e-1
      vertex -2.511875e+1 6.229024e+0 6.000000e-1
      vertex -2.546235e+1 6.488403e+0 6.000000e-1
    endloop
  endfacet
  facet normal 0.000000e+0 0.000000e+0 1.000000e+0
    outer loop
      vertex -2.706879e+1 3.722030e+0 6.000000e-1
      vertex -2.546235e+1 6.488403e+0 6.000000e-1
      vertex -2.722641e+1 4.036045e+0 6.000000e-1
    endloop
  endfacet
  facet normal 0.000000e+0 0.000000e+0 1.000000e+0
    outer loop
      vertex -2.722641e+1 4.036045e+0 6.000000e-1
      vertex -2.546235e+1 6.488403e+0 6.000000e-1
      vertex -2.582355e+1 6.714821e+0 6.000000e-1
    endloop
  endfacet
  facet normal 0.000000e+0 0.000000e+0 1.000000e+0
    outer loop
      vertex -2.722641e+1 4.036045e+0 6.000000e-1
      vertex -2.582355e+1 6.714821e+0 6.000000e-1
      vertex -2.621362e+1 6.887186e+0 6.000000e-1
    endloop
  endfacet
  facet normal 0.000000e+0 0.000000e+0 1.000000e+0
    outer loop
      vertex -2.722641e+1 4.036045e+0 6.000000e-1
      vertex -2.621362e+1 6.887186e+0 6.000000e-1
      vertex -2.743447e+1 4.331342e+0 6.000000e-1
    endloop
  endfacet
  facet normal 0.000000e+0 0.000000e+0 1.000000e+0
    outer loop
      vertex -2.743447e+1 4.331342e+0 6.000000e-1
      vertex -2.621362e+1 6.887186e+0 6.000000e-1
      vertex -2.662074e+1 7.027609e+0 6.000000e-1
    endloop
  endfacet
  facet normal 0.000000e+0 0.000000e+0 1.000000e+0
    outer loop
      vertex -2.743447e+1 4.331342e+0 6.000000e-1
      vertex -2.662074e+1 7.027609e+0 6.000000e-1
      vertex -2.722172e+1 7.144563e+0 6.000000e-1
    endloop
  endfacet
  facet normal 0.000000e+0 0.000000e+0 1.000000e+0
    outer loop
      vertex -2.743447e+1 4.331342e+0 6.000000e-1
      vertex -2.722172e+1 7.144563e+0 6.000000e-1
      vertex -2.796104e+1 4.610821e+0 6.000000e-1
    endloop
  endfacet
  facet normal 0.000000e+0 0.000000e+0 1.000000e+0
    outer loop
      vertex -2.796104e+1 4.610821e+0 6.000000e-1
      vertex -2.722172e+1 7.144563e+0 6.000000e-1
      vertex -2.782642e+1 7.226993e+0 6.000000e-1
    endloop
  endfacet
  facet normal 0.000000e+0 0.000000e+0 1.000000e+0
    outer loop
      vertex -2.796104e+1 4.610821e+0 6.000000e-1
      vertex -2.782642e+1 7.226993e+0 6.000000e-1
      vertex -2.823273e+1 4.720118e+0 6.000000e-1
    endloop
  endfacet
  facet normal 0.000000e+0 0.000000e+0 1.000000e+0
    outer loop
      vertex -2.823273e+1 4.720118e+0 6.000000e-1
      vertex -2.782642e+1 7.226993e+0 6.000000e-1
      vertex -2.843640e+1 7.260640e+0 6.000000e-1
    endloop
  endfacet
  facet normal 0.000000e+0 0.000000e+0 1.000000e+0
    outer loop
      vertex -2.823273e+1 4.720118e+0 6.000000e-1
      vertex -2.843640e+1 7.260640e+0 6.000000e-1
      vertex -2.851387e+1 4.795151e+0 6.000000e-1
    endloop
  endfacet
  facet normal 3.776492e-16 -1.186672e-17 1.000000e+0
    outer loop
      vertex -2.851387e+1 4.795151e+0 6.000000e-1
      vertex -2.843640e+1 7.260640e+0 6.000000e-1
      vertex -2.909981e+1 4.859580e+0 6.000000e-1
    endloop
  endfacet
  facet normal 1.100875e-18 9.217360e-17 1.000000e+0
    outer loop
      vertex -2.909981e+1 4.859580e+0 6.000000e-1
      vertex -2.843640e+1 7.260640e+0 6.000000e-1
      vertex -2.904923e+1 7.267959e+0 6.000000e-1
    endloop
  endfacet
  facet normal -3.677942e-16 9.992184e-17 1.000000e+0
    outer loop
      vertex -2.909981e+1 4.859580e+0 6.000000e-1
      vertex -2.904923e+1 7.267959e+0 6.000000e-1
      vertex -2.970295e+1 4.861721e+0 6.000000e-1
    endloop
  endfacet
  facet normal 0.000000e+0 0.000000e+0 1.000000e+0
    outer loop
      vertex -2.970295e+1 4.861721e+0 6.000000e-1
      vertex -2.904923e+1 7.267959e+0 6.000000e-1
      vertex -3.133556e+1 4.858128e+0 6.000000e-1
    endloop
  endfacet
  facet normal 0.000000e+0 0.000000e+0 1.000000e+0
    outer loop
      vertex -3.133556e+1 4.858128e+0 6.000000e-1
      vertex -2.904923e+1 7.267959e+0 6.000000e-1
      vertex -3.253102e+1 7.260296e+0 6.000000e-1
    endloop
  endfacet
  facet normal 0.000000e+0 0.000000e+0 1.000000e+0
    outer loop
      vertex -3.133556e+1 4.858128e+0 6.000000e-1
      vertex -3.253102e+1 7.260296e+0 6.000000e-1
      vertex -3.291957e+1 7.240426e+0 6.000000e-1
    endloop
  endfacet
  facet normal 0.000000e+0 0.000000e+0 1.000000e+0
    outer loop
      vertex -3.133556e+1 4.858128e+0 6.000000e-1
      vertex -3.291957e+1 7.240426e+0 6.000000e-1
      vertex -3.443132e+1 5.406346e+0 6.000000e-1
    endloop
  endfacet
  facet normal 0.000000e+0 0.000000e+0 1.000000e+0
    outer loop
      vertex -3.443132e+1 5.406346e+0 6.000000e-1
      vertex -3.291957e+1 7.240426e+0 6.000000e-1
      vertex -3.329303e+1 7.174874e+0 6.000000e-1
    endloop
  endfacet
  facet normal -4.440090e-16 2.857795e-16 1.000000e+0
    outer loop
      vertex -3.443132e+1 5.406346e+0 6.000000e-1
      vertex -3.329303e+1 7.174874e+0 6.000000e-1
      vertex -3.363894e+1 7.025939e+0 6.000000e-1
    endloop
  endfacet
  facet normal 6.046031e-16 -4.208900e-16 1.000000e+0
    outer loop
      vertex -3.396598e+1 6.819928e+0 6.000000e-1
      vertex -3.418621e+1 6.503576e+0 6.000000e-1
      vertex -3.363894e+1 7.025939e+0 6.000000e-1
    endloop
  endfacet
  facet normal 3.662408e-16 -1.711635e-16 1.000000e+0
    outer loop
      vertex -3.363894e+1 7.025939e+0 6.000000e-1
      vertex -3.418621e+1 6.503576e+0 6.000000e-1
      vertex -3.434439e+1 6.165102e+0 6.000000e-1
    endloop
  endfacet
  facet normal 2.028465e-16 -3.726213e-17 1.000000e+0
    outer loop
      vertex -3.363894e+1 7.025939e+0 6.000000e-1
      vertex -3.434439e+1 6.165102e+0 6.000000e-1
      vertex -3.441247e+1 5.794501e+0 6.000000e-1
    endloop
  endfacet
  facet normal 1.555510e-16 -7.553292e-18 1.000000e+0
    outer loop
      vertex -3.441247e+1 5.794501e+0 6.000000e-1
      vertex -3.443132e+1 5.406346e+0 6.000000e-1
      vertex -3.363894e+1 7.025939e+0 6.000000e-1
    endloop
  endfacet
  facet normal 0.000000e+0 0.000000e+0 1.000000e+0
    outer loop
      vertex -3.133556e+1 4.858128e+0 6.000000e-1
      vertex -3.443132e+1 5.406346e+0 6.000000e-1
      vertex -3.132738e+1 1.139096e+0 6.000000e-1
    endloop
  endfacet
  facet normal 0.000000e+0 0.000000e+0 1.000000e+0
    outer loop
      vertex -3.132738e+1 1.139096e+0 6.000000e-1
      vertex -3.443132e+1 5.406346e+0 6.000000e-1
      vertex -3.440859e+1 -4.921482e+0 6.000000e-1
    endloop
  endfacet
  facet normal 0.000000e+0 0.000000e+0 1.000000e+0
    outer loop
      vertex -3.132738e+1 1.139096e+0 6.000000e-1
      vertex -3.440859e+1 -4.921482e+0 6.000000e-1
      vertex -3.132204e+1 -1.284333e+0 6.000000e-1
    endloop
  endfacet
  facet normal 0.000000e+0 0.000000e+0 1.000000e+0
    outer loop
      vertex -3.132204e+1 -1.284333e+0 6.000000e-1
      vertex -3.440859e+1 -4.921482e+0 6.000000e-1
      vertex -3.131410e+1 -4.894718e+0 6.000000e-1
    endloop
  endfacet
  facet normal 0.000000e+0 0.000000e+0 1.000000e+0
    outer loop
      vertex -3.131410e+1 -4.894718e+0 6.000000e-1
      vertex -3.440859e+1 -4.921482e+0 6.000000e-1
      vertex -3.285746e+1 -6.740456e+0 6.000000e-1
    endloop
  endfacet
  facet normal 0.000000e+0 0.000000e+0 1.000000e+0
    outer loop
      vertex -3.131410e+1 -4.894718e+0 6.000000e-1
      vertex -3.285746e+1 -6.740456e+0 6.000000e-1
      vertex -3.254330e+1 -6.704085e+0 6.000000e-1
    endloop
  endfacet
  facet normal 0.000000e+0 0.000000e+0 1.000000e+0
    outer loop
      vertex -3.285746e+1 -6.740456e+0 6.000000e-1
      vertex -3.440859e+1 -4.921482e+0 6.000000e-1
      vertex -3.317432e+1 -6.707934e+0 6.000000e-1
    endloop
  endfacet
  facet normal 0.000000e+0 0.000000e+0 1.000000e+0
    outer loop
      vertex -3.317432e+1 -6.707934e+0 6.000000e-1
      vertex -3.440859e+1 -4.921482e+0 6.000000e-1
      vertex -3.438600e+1 -5.287112e+0 6.000000e-1
    endloop
  endfacet
  facet normal 0.000000e+0 0.000000e+0 1.000000e+0
    outer loop
      vertex -3.317432e+1 -6.707934e+0 6.000000e-1
      vertex -3.438600e+1 -5.287112e+0 6.000000e-1
      vertex -3.432000e+1 -5.638165e+0 6.000000e-1
    endloop
  endfacet
  facet normal 0.000000e+0 0.000000e+0 1.000000e+0
    outer loop
      vertex -3.432000e+1 -5.638165e+0 6.000000e-1
      vertex -3.417604e+1 -5.963041e+0 6.000000e-1
      vertex -3.317432e+1 -6.707934e+0 6.000000e-1
    endloop
  endfacet
  facet normal 0.000000e+0 0.000000e+0 1.000000e+0
    outer loop
      vertex -3.317432e+1 -6.707934e+0 6.000000e-1
      vertex -3.417604e+1 -5.963041e+0 6.000000e-1
      vertex -3.347182e+1 -6.629926e+0 6.000000e-1
    endloop
  endfacet
  facet normal 0.000000e+0 0.000000e+0 1.000000e+0
    outer loop
      vertex -3.347182e+1 -6.629926e+0 6.000000e-1
      vertex -3.417604e+1 -5.963041e+0 6.000000e-1
      vertex -3.373628e+1 -6.474198e+0 6.000000e-1
    endloop
  endfacet
  facet normal 0.000000e+0 0.000000e+0 1.000000e+0
    outer loop
      vertex -3.373628e+1 -6.474198e+0 6.000000e-1
      vertex -3.417604e+1 -5.963041e+0 6.000000e-1
      vertex -3.398035e+1 -6.270545e+0 6.000000e-1
    endloop
  endfacet
  facet normal 0.000000e+0 0.000000e+0 1.000000e+0
    outer loop
      vertex -3.224894e+1 -6.622361e+0 6.000000e-1
      vertex -3.154838e+1 -5.948685e+0 6.000000e-1
      vertex -3.254330e+1 -6.704085e+0 6.000000e-1
    endloop
  endfacet
  facet normal 3.873677e-16 -5.101959e-16 1.000000e+0
    outer loop
      vertex -3.254330e+1 -6.704085e+0 6.000000e-1
      vertex -3.154838e+1 -5.948685e+0 6.000000e-1
      vertex -3.140230e+1 -5.620164e+0 6.000000e-1
    endloop
  endfacet
  facet normal -4.791712e-16 4.019813e-16 1.000000e+0
    outer loop
      vertex -3.254330e+1 -6.704085e+0 6.000000e-1
      vertex -3.140230e+1 -5.620164e+0 6.000000e-1
      vertex -3.133596e+1 -5.264900e+0 6.000000e-1
    endloop
  endfacet
  facet normal 0.000000e+0 0.000000e+0 1.000000e+0
    outer loop
      vertex -3.224894e+1 -6.622361e+0 6.000000e-1
      vertex -3.198794e+1 -6.464162e+0 6.000000e-1
      vertex -3.154838e+1 -5.948685e+0 6.000000e-1
    endloop
  endfacet
  facet normal 0.000000e+0 0.000000e+0 1.000000e+0
    outer loop
      vertex -3.154838e+1 -5.948685e+0 6.000000e-1
      vertex -3.198794e+1 -6.464162e+0 6.000000e-1
      vertex -3.174721e+1 -6.259512e+0 6.000000e-1
    endloop
  endfacet
  facet normal 0.000000e+0 0.000000e+0 1.000000e+0
    outer loop
      vertex -3.133596e+1 -5.264900e+0 6.000000e-1
      vertex -3.131410e+1 -4.894718e+0 6.000000e-1
      vertex -3.254330e+1 -6.704085e+0 6.000000e-1
    endloop
  endfacet
  facet normal 0.000000e+0 0.000000e+0 1.000000e+0
    outer loop
      vertex -3.132738e+1 1.139096e+0 6.000000e-1
      vertex -3.132204e+1 -1.284333e+0 6.000000e-1
      vertex -2.969477e+1 1.142689e+0 6.000000e-1
    endloop
  endfacet
  facet normal 0.000000e+0 0.000000e+0 1.000000e+0
    outer loop
      vertex -2.969477e+1 1.142689e+0 6.000000e-1
      vertex -3.132204e+1 -1.284333e+0 6.000000e-1
      vertex -2.903129e+1 -1.279291e+0 6.000000e-1
    endloop
  endfacet
  facet normal 0.000000e+0 0.000000e+0 1.000000e+0
    outer loop
      vertex -2.969477e+1 1.142689e+0 6.000000e-1
      vertex -2.903129e+1 -1.279291e+0 6.000000e-1
      vertex -2.930695e+1 1.152613e+0 6.000000e-1
    endloop
  endfacet
  facet normal 0.000000e+0 0.000000e+0 -1.000000e+0
    outer loop
      vertex -2.604049e+1 -6.843820e-1 4.000000e-1
      vertex -2.712356e+1 2.185410e+0 4.000000e-1
      vertex -2.514182e+1 -1.659116e-1 4.000000e-1
    endloop
  endfacet
  facet normal 0.000000e+0 0.000000e+0 -1.000000e+0
    outer loop
      vertex -2.514182e+1 -1.659116e-1 4.000000e-1
      vertex -2.712356e+1 2.185410e+0 4.000000e-1
      vertex -2.702255e+1 2.449264e+0 4.000000e-1
    endloop
  endfacet
  facet normal 0.000000e+0 0.000000e+0 -1.000000e+0
    outer loop
      vertex -2.514182e+1 -1.659116e-1 4.000000e-1
      vertex -2.702255e+1 2.449264e+0 4.000000e-1
      vertex -2.455312e+1 5.343480e-1 4.000000e-1
    endloop
  endfacet
  facet normal 0.000000e+0 0.000000e+0 -1.000000e+0
    outer loop
      vertex -2.455312e+1 5.343480e-1 4.000000e-1
      vertex -2.702255e+1 2.449264e+0 4.000000e-1
      vertex -2.430529e+1 9.041079e-1 4.000000e-1
    endloop
  endfacet
  facet normal 0.000000e+0 0.000000e+0 -1.000000e+0
    outer loop
      vertex -2.430529e+1 9.041079e-1 4.000000e-1
      vertex -2.702255e+1 2.449264e+0 4.000000e-1
      vertex -2.697598e+1 2.728903e+0 4.000000e-1
    endloop
  endfacet
  facet normal -7.230967e-17 -1.058293e-16 -1.000000e+0
    outer loop
      vertex -2.430529e+1 9.041079e-1 4.000000e-1
      vertex -2.697598e+1 2.728903e+0 4.000000e-1
      vertex -2.411319e+1 1.297387e+0 4.000000e-1
    endloop
  endfacet
  facet normal 4.049154e-17 1.197542e-16 -1.000000e+0
    outer loop
      vertex -2.411319e+1 1.297387e+0 4.000000e-1
      vertex -2.697598e+1 2.728903e+0 4.000000e-1
      vertex -2.398439e+1 1.717379e+0 4.000000e-1
    endloop
  endfacet
  facet normal 0.000000e+0 0.000000e+0 -1.000000e+0
    outer loop
      vertex -2.398439e+1 1.717379e+0 4.000000e-1
      vertex -2.697598e+1 2.728903e+0 4.000000e-1
      vertex -2.390494e+1 2.158197e+0 4.000000e-1
    endloop
  endfacet
  facet normal 0.000000e+0 0.000000e+0 -1.000000e+0
    outer loop
      vertex -2.390494e+1 2.158197e+0 4.000000e-1
      vertex -2.697598e+1 2.728903e+0 4.000000e-1
      vertex -2.696000e+1 3.017408e+0 4.000000e-1
    endloop
  endfacet
  facet normal 0.000000e+0 0.000000e+0 -1.000000e+0
    outer loop
      vertex -2.390494e+1 2.158197e+0 4.000000e-1
      vertex -2.696000e+1 3.017408e+0 4.000000e-1
      vertex -2.382829e+1 3.074546e+0 4.000000e-1
    endloop
  endfacet
  facet normal 0.000000e+0 0.000000e+0 -1.000000e+0
    outer loop
      vertex -2.382829e+1 3.074546e+0 4.000000e-1
      vertex -2.696000e+1 3.017408e+0 4.000000e-1
      vertex -2.385131e+1 3.533829e+0 4.000000e-1
    endloop
  endfacet
  facet normal 0.000000e+0 0.000000e+0 -1.000000e+0
    outer loop
      vertex -2.385131e+1 3.533829e+0 4.000000e-1
      vertex -2.696000e+1 3.017408e+0 4.000000e-1
      vertex -2.699132e+1 3.378281e+0 4.000000e-1
    endloop
  endfacet
  facet normal 0.000000e+0 0.000000e+0 -1.000000e+0
    outer loop
      vertex -2.385131e+1 3.533829e+0 4.000000e-1
      vertex -2.699132e+1 3.378281e+0 4.000000e-1
      vertex -2.390582e+1 3.987227e+0 4.000000e-1
    endloop
  endfacet
  facet normal 0.000000e+0 0.000000e+0 -1.000000e+0
    outer loop
      vertex -2.390582e+1 3.987227e+0 4.000000e-1
      vertex -2.699132e+1 3.378281e+0 4.000000e-1
      vertex -2.401457e+1 4.430490e+0 4.000000e-1
    endloop
  endfacet
  facet normal 0.000000e+0 0.000000e+0 -1.000000e+0
    outer loop
      vertex -2.401457e+1 4.430490e+0 4.000000e-1
      vertex -2.699132e+1 3.378281e+0 4.000000e-1
      vertex -2.415709e+1 4.867445e+0 4.000000e-1
    endloop
  endfacet
  facet normal 0.000000e+0 0.000000e+0 -1.000000e+0
    outer loop
      vertex -2.415709e+1 4.867445e+0 4.000000e-1
      vertex -2.699132e+1 3.378281e+0 4.000000e-1
      vertex -2.434264e+1 5.246644e+0 4.000000e-1
    endloop
  endfacet
  facet normal 0.000000e+0 0.000000e+0 -1.000000e+0
    outer loop
      vertex -2.434264e+1 5.246644e+0 4.000000e-1
      vertex -2.699132e+1 3.378281e+0 4.000000e-1
      vertex -2.706879e+1 3.722030e+0 4.000000e-1
    endloop
  endfacet
  facet normal -6.487136e-17 1.159961e-16 -1.000000e+0
    outer loop
      vertex -2.434264e+1 5.246644e+0 4.000000e-1
      vertex -2.706879e+1 3.722030e+0 4.000000e-1
      vertex -2.455799e+1 5.604767e+0 4.000000e-1
    endloop
  endfacet
  facet normal 9.346164e-17 -9.515530e-17 -1.000000e+0
    outer loop
      vertex -2.455799e+1 5.604767e+0 4.000000e-1
      vertex -2.706879e+1 3.722030e+0 4.000000e-1
      vertex -2.482330e+1 5.927558e+0 4.000000e-1
    endloop
  endfacet
  facet normal 0.000000e+0 0.000000e+0 -1.000000e+0
    outer loop
      vertex -2.482330e+1 5.927558e+0 4.000000e-1
      vertex -2.706879e+1 3.722030e+0 4.000000e-1
      vertex -2.511875e+1 6.229024e+0 4.000000e-1
    endloop
  endfacet
  facet normal 0.000000e+0 0.000000e+0 -1.000000e+0
    outer loop
      vertex -2.511875e+1 6.229024e+0 4.000000e-1
      vertex -2.706879e+1 3.722030e+0 4.000000e-1
      vertex -2.546235e+1 6.488403e+0 4.000000e-1
    endloop
  endfacet
  facet normal 0.000000e+0 0.000000e+0 -1.000000e+0
    outer loop
      vertex -2.546235e+1 6.488403e+0 4.000000e-1
      vertex -2.706879e+1 3.722030e+0 4.000000e-1
      vertex -2.722641e+1 4.036045e+0 4.000000e-1
    endloop
  endfacet
  facet normal 0.000000e+0 0.000000e+0 -1.000000e+0
    outer loop
      vertex -2.546235e+1 6.488403e+0 4.000000e-1
      vertex -2.722641e+1 4.036045e+0 4.000000e-1
      vertex -2.582355e+1 6.714821e+0 4.000000e-1
    endloop
  endfacet
  facet normal 0.000000e+0 0.000000e+0 -1.000000e+0
    outer loop
      vertex -2.582355e+1 6.714821e+0 4.000000e-1
      vertex -2.722641e+1 4.036045e+0 4.000000e-1
      vertex -2.621362e+1 6.887186e+0 4.000000e-1
    endloop
  endfacet
  facet normal 0.000000e+0 0.000000e+0 -1.000000e+0
    outer loop
      vertex -2.621362e+1 6.887186e+0 4.000000e-1
      vertex -2.722641e+1 4.036045e+0 4.000000e-1
      vertex -2.743447e+1 4.331342e+0 4.000000e-1
    endloop
  endfacet
  facet normal 0.000000e+0 0.000000e+0 -1.000000e+0
    outer loop
      vertex -2.621362e+1 6.887186e+0 4.000000e-1
      vertex -2.743447e+1 4.331342e+0 4.000000e-1
      vertex -2.662074e+1 7.027609e+0 4.000000e-1
    endloop
  endfacet
  facet normal 0.000000e+0 0.000000e+0 -1.000000e+0
    outer loop
      vertex -2.662074e+1 7.027609e+0 4.000000e-1
      vertex -2.743447e+1 4.331342e+0 4.000000e-1
      vertex -2.722172e+1 7.144563e+0 4.000000e-1
    endloop
  endfacet
  facet normal 0.000000e+0 0.000000e+0 -1.000000e+0
    outer loop
      vertex -2.722172e+1 7.144563e+0 4.000000e-1
      vertex -2.743447e+1 4.331342e+0 4.000000e-1
      vertex -2.796104e+1 4.610821e+0 4.000000e-1
    endloop
  endfacet
  facet normal 8.828707e-17 -2.576128e-17 -1.000000e+0
    outer loop
      vertex -2.722172e+1 7.144563e+0 4.000000e-1
      vertex -2.796104e+1 4.610821e+0 4.000000e-1
      vertex -2.782642e+1 7.226993e+0 4.000000e-1
    endloop
  endfacet
  facet normal -8.362856e-18 -2.078815e-17 -1.000000e+0
    outer loop
      vertex -2.782642e+1 7.226993e+0 4.000000e-1
      vertex -2.796104e+1 4.610821e+0 4.000000e-1
      vertex -2.823273e+1 4.720118e+0 4.000000e-1
    endloop
  endfacet
  facet normal -9.140905e-17 -7.328371e-18 -1.000000e+0
    outer loop
      vertex -2.782642e+1 7.226993e+0 4.000000e-1
      vertex -2.823273e+1 4.720118e+0 4.000000e-1
      vertex -2.843640e+1 7.260640e+0 4.000000e-1
    endloop
  endfacet
  facet normal 0.000000e+0 0.000000e+0 -1.000000e+0
    outer loop
      vertex -2.843640e+1 7.260640e+0 4.000000e-1
      vertex -2.823273e+1 4.720118e+0 4.000000e-1
      vertex -2.851387e+1 4.795151e+0 4.000000e-1
    endloop
  endfacet
  facet normal 0.000000e+0 0.000000e+0 -1.000000e+0
    outer loop
      vertex -2.843640e+1 7.260640e+0 4.000000e-1
      vertex -2.851387e+1 4.795151e+0 4.000000e-1
      vertex -2.909981e+1 4.859580e+0 4.000000e-1
    endloop
  endfacet
  facet normal 0.000000e+0 0.000000e+0 -1.000000e+0
    outer loop
      vertex -2.650352e+1 -8.989884e-1 4.000000e-1
      vertex -2.745176e+1 1.731664e+0 4.000000e-1
      vertex -2.604049e+1 -6.843820e-1 4.000000e-1
    endloop
  endfacet
  facet normal 0.000000e+0 0.000000e+0 -1.000000e+0
    outer loop
      vertex -2.604049e+1 -6.843820e-1 4.000000e-1
      vertex -2.745176e+1 1.731664e+0 4.000000e-1
      vertex -2.726017e+1 1.931878e+0 4.000000e-1
    endloop
  endfacet
  facet normal 0.000000e+0 0.000000e+0 -1.000000e+0
    outer loop
      vertex -2.604049e+1 -6.843820e-1 4.000000e-1
      vertex -2.726017e+1 1.931878e+0 4.000000e-1
      vertex -2.712356e+1 2.185410e+0 4.000000e-1
    endloop
  endfacet
  facet normal 0.000000e+0 0.000000e+0 -1.000000e+0
    outer loop
      vertex -2.745176e+1 1.731664e+0 4.000000e-1
      vertex -2.650352e+1 -8.989884e-1 4.000000e-1
      vertex -2.766286e+1 1.560326e+0 4.000000e-1
    endloop
  endfacet
  facet normal 0.000000e+0 0.000000e+0 -1.000000e+0
    outer loop
      vertex -2.766286e+1 1.560326e+0 4.000000e-1
      vertex -2.650352e+1 -8.989884e-1 4.000000e-1
      vertex -2.698286e+1 -1.060474e+0 4.000000e-1
    endloop
  endfacet
  facet normal 0.000000e+0 0.000000e+0 -1.000000e+0
    outer loop
      vertex -2.766286e+1 1.560326e+0 4.000000e-1
      vertex -2.698286e+1 -1.060474e+0 4.000000e-1
      vertex -2.747953e+1 -1.165468e+0 4.000000e-1
    endloop
  endfacet
  facet normal 0.000000e+0 0.000000e+0 -1.000000e+0
    outer loop
      vertex -2.798944e+1 -1.227357e+0 4.000000e-1
      vertex -2.816350e+1 1.333716e+0 4.000000e-1
      vertex -2.747953e+1 -1.165468e+0 4.000000e-1
    endloop
  endfacet
  facet normal 0.000000e+0 0.000000e+0 -1.000000e+0
    outer loop
      vertex -2.747953e+1 -1.165468e+0 4.000000e-1
      vertex -2.816350e+1 1.333716e+0 4.000000e-1
      vertex -2.790449e+1 1.434155e+0 4.000000e-1
    endloop
  endfacet
  facet normal 0.000000e+0 0.000000e+0 -1.000000e+0
    outer loop
      vertex -2.747953e+1 -1.165468e+0 4.000000e-1
      vertex -2.790449e+1 1.434155e+0 4.000000e-1
      vertex -2.766286e+1 1.560326e+0 4.000000e-1
    endloop
  endfacet
  facet normal 0.000000e+0 0.000000e+0 -1.000000e+0
    outer loop
      vertex -2.816350e+1 1.333716e+0 4.000000e-1
      vertex -2.798944e+1 -1.227357e+0 4.000000e-1
      vertex -2.854105e+1 1.246067e+0 4.000000e-1
    endloop
  endfacet
  facet normal 0.000000e+0 0.000000e+0 -1.000000e+0
    outer loop
      vertex -2.854105e+1 1.246067e+0 4.000000e-1
      vertex -2.798944e+1 -1.227357e+0 4.000000e-1
      vertex -2.903129e+1 -1.279291e+0 4.000000e-1
    endloop
  endfacet
  facet normal 0.000000e+0 0.000000e+0 -1.000000e+0
    outer loop
      vertex -2.854105e+1 1.246067e+0 4.000000e-1
      vertex -2.903129e+1 -1.279291e+0 4.000000e-1
      vertex -2.892169e+1 1.181871e+0 4.000000e-1
    endloop
  endfacet
  facet normal 0.000000e+0 0.000000e+0 -1.000000e+0
    outer loop
      vertex -2.892169e+1 1.181871e+0 4.000000e-1
      vertex -2.903129e+1 -1.279291e+0 4.000000e-1
      vertex -2.930695e+1 1.152613e+0 4.000000e-1
    endloop
  endfacet
  facet normal 0.000000e+0 0.000000e+0 -1.000000e+0
    outer loop
      vertex -2.930695e+1 1.152613e+0 4.000000e-1
      vertex -2.903129e+1 -1.279291e+0 4.000000e-1
      vertex -2.969477e+1 1.142689e+0 4.000000e-1
    endloop
  endfacet
  facet normal 0.000000e+0 0.000000e+0 -1.000000e+0
    outer loop
      vertex -2.969477e+1 1.142689e+0 4.000000e-1
      vertex -2.903129e+1 -1.279291e+0 4.000000e-1
      vertex -3.132204e+1 -1.284333e+0 4.000000e-1
    endloop
  endfacet
  facet normal 0.000000e+0 0.000000e+0 -1.000000e+0
    outer loop
      vertex -2.969477e+1 1.142689e+0 4.000000e-1
      vertex -3.132204e+1 -1.284333e+0 4.000000e-1
      vertex -3.132738e+1 1.139096e+0 4.000000e-1
    endloop
  endfacet
  facet normal 0.000000e+0 0.000000e+0 -1.000000e+0
    outer loop
      vertex -3.132738e+1 1.139096e+0 4.000000e-1
      vertex -3.132204e+1 -1.284333e+0 4.000000e-1
      vertex -3.440859e+1 -4.921482e+0 4.000000e-1
    endloop
  endfacet
  facet normal 0.000000e+0 0.000000e+0 -1.000000e+0
    outer loop
      vertex -3.132738e+1 1.139096e+0 4.000000e-1
      vertex -3.440859e+1 -4.921482e+0 4.000000e-1
      vertex -3.443132e+1 5.406346e+0 4.000000e-1
    endloop
  endfacet
  facet normal 0.000000e+0 0.000000e+0 -1.000000e+0
    outer loop
      vertex -3.132204e+1 -1.284333e+0 4.000000e-1
      vertex -3.131410e+1 -4.894718e+0 4.000000e-1
      vertex -3.440859e+1 -4.921482e+0 4.000000e-1
    endloop
  endfacet
  facet normal 0.000000e+0 0.000000e+0 -1.000000e+0
    outer loop
      vertex -3.440859e+1 -4.921482e+0 4.000000e-1
      vertex -3.131410e+1 -4.894718e+0 4.000000e-1
      vertex -3.285746e+1 -6.740456e+0 4.000000e-1
    endloop
  endfacet
  facet normal 0.000000e+0 0.000000e+0 -1.000000e+0
    outer loop
      vertex -3.440859e+1 -4.921482e+0 4.000000e-1
      vertex -3.285746e+1 -6.740456e+0 4.000000e-1
      vertex -3.317432e+1 -6.707934e+0 4.000000e-1
    endloop
  endfacet
  facet normal 0.000000e+0 0.000000e+0 -1.000000e+0
    outer loop
      vertex -3.285746e+1 -6.740456e+0 4.000000e-1
      vertex -3.131410e+1 -4.894718e+0 4.000000e-1
      vertex -3.254330e+1 -6.704085e+0 4.000000e-1
    endloop
  endfacet
  facet normal 0.000000e+0 0.000000e+0 -1.000000e+0
    outer loop
      vertex -3.254330e+1 -6.704085e+0 4.000000e-1
      vertex -3.131410e+1 -4.894718e+0 4.000000e-1
      vertex -3.133596e+1 -5.264900e+0 4.000000e-1
    endloop
  endfacet
  facet normal 0.000000e+0 0.000000e+0 -1.000000e+0
    outer loop
      vertex -3.254330e+1 -6.704085e+0 4.000000e-1
      vertex -3.133596e+1 -5.264900e+0 4.000000e-1
      vertex -3.140230e+1 -5.620164e+0 4.000000e-1
    endloop
  endfacet
  facet normal 0.000000e+0 0.000000e+0 -1.000000e+0
    outer loop
      vertex -3.140230e+1 -5.620164e+0 4.000000e-1
      vertex -3.154838e+1 -5.948685e+0 4.000000e-1
      vertex -3.254330e+1 -6.704085e+0 4.000000e-1
    endloop
  endfacet
  facet normal 0.000000e+0 0.000000e+0 -1.000000e+0
    outer loop
      vertex -3.254330e+1 -6.704085e+0 4.000000e-1
      vertex -3.154838e+1 -5.948685e+0 4.000000e-1
      vertex -3.224894e+1 -6.622361e+0 4.000000e-1
    endloop
  endfacet
  facet normal 0.000000e+0 0.000000e+0 -1.000000e+0
    outer loop
      vertex -3.224894e+1 -6.622361e+0 4.000000e-1
      vertex -3.154838e+1 -5.948685e+0 4.000000e-1
      vertex -3.198794e+1 -6.464162e+0 4.000000e-1
    endloop
  endfacet
  facet normal 0.000000e+0 0.000000e+0 -1.000000e+0
    outer loop
      vertex -3.198794e+1 -6.464162e+0 4.000000e-1
      vertex -3.154838e+1 -5.948685e+0 4.000000e-1
      vertex -3.174721e+1 -6.259512e+0 4.000000e-1
    endloop
  endfacet
  facet normal 0.000000e+0 0.000000e+0 -1.000000e+0
    outer loop
      vertex -3.347182e+1 -6.629926e+0 4.000000e-1
      vertex -3.417604e+1 -5.963041e+0 4.000000e-1
      vertex -3.317432e+1 -6.707934e+0 4.000000e-1
    endloop
  endfacet
  facet normal 0.000000e+0 0.000000e+0 -1.000000e+0
    outer loop
      vertex -3.317432e+1 -6.707934e+0 4.000000e-1
      vertex -3.417604e+1 -5.963041e+0 4.000000e-1
      vertex -3.432000e+1 -5.638165e+0 4.000000e-1
    endloop
  endfacet
  facet normal 0.000000e+0 0.000000e+0 -1.000000e+0
    outer loop
      vertex -3.317432e+1 -6.707934e+0 4.000000e-1
      vertex -3.432000e+1 -5.638165e+0 4.000000e-1
      vertex -3.438600e+1 -5.287112e+0 4.000000e-1
    endloop
  endfacet
  facet normal 0.000000e+0 0.000000e+0 -1.000000e+0
    outer loop
      vertex -3.347182e+1 -6.629926e+0 4.000000e-1
      vertex -3.373628e+1 -6.474198e+0 4.000000e-1
      vertex -3.417604e+1 -5.963041e+0 4.000000e-1
    endloop
  endfacet
  facet normal 0.000000e+0 0.000000e+0 -1.000000e+0
    outer loop
      vertex -3.417604e+1 -5.963041e+0 4.000000e-1
      vertex -3.373628e+1 -6.474198e+0 4.000000e-1
      vertex -3.398035e+1 -6.270545e+0 4.000000e-1
    endloop
  endfacet
  facet normal 0.000000e+0 0.000000e+0 -1.000000e+0
    outer loop
      vertex -3.438600e+1 -5.287112e+0 4.000000e-1
      vertex -3.440859e+1 -4.921482e+0 4.000000e-1
      vertex -3.317432e+1 -6.707934e+0 4.000000e-1
    endloop
  endfacet
  facet normal 0.000000e+0 0.000000e+0 -1.000000e+0
    outer loop
      vertex -3.441247e+1 5.794501e+0 4.000000e-1
      vertex -3.363894e+1 7.025939e+0 4.000000e-1
      vertex -3.443132e+1 5.406346e+0 4.000000e-1
    endloop
  endfacet
  facet normal 2.033087e-16 -9.946810e-17 -1.000000e+0
    outer loop
      vertex -3.443132e+1 5.406346e+0 4.000000e-1
      vertex -3.363894e+1 7.025939e+0 4.000000e-1
      vertex -3.329303e+1 7.174874e+0 4.000000e-1
    endloop
  endfacet
  facet normal -1.737828e-16 1.432409e-16 -1.000000e+0
    outer loop
      vertex -3.443132e+1 5.406346e+0 4.000000e-1
      vertex -3.329303e+1 7.174874e+0 4.000000e-1
      vertex -3.291957e+1 7.240426e+0 4.000000e-1
    endloop
  endfacet
  facet normal 0.000000e+0 0.000000e+0 -1.000000e+0
    outer loop
      vertex -3.441247e+1 5.794501e+0 4.000000e-1
      vertex -3.434439e+1 6.165102e+0 4.000000e-1
      vertex -3.363894e+1 7.025939e+0 4.000000e-1
    endloop
  endfacet
  facet normal 0.000000e+0 0.000000e+0 -1.000000e+0
    outer loop
      vertex -3.363894e+1 7.025939e+0 4.000000e-1
      vertex -3.434439e+1 6.165102e+0 4.000000e-1
      vertex -3.418621e+1 6.503576e+0 4.000000e-1
    endloop
  endfacet
  facet normal 0.000000e+0 0.000000e+0 -1.000000e+0
    outer loop
      vertex -3.363894e+1 7.025939e+0 4.000000e-1
      vertex -3.418621e+1 6.503576e+0 4.000000e-1
      vertex -3.396598e+1 6.819928e+0 4.000000e-1
    endloop
  endfacet
  facet normal 0.000000e+0 0.000000e+0 -1.000000e+0
    outer loop
      vertex -3.443132e+1 5.406346e+0 4.000000e-1
      vertex -3.291957e+1 7.240426e+0 4.000000e-1
      vertex -3.133556e+1 4.858128e+0 4.000000e-1
    endloop
  endfacet
  facet normal 0.000000e+0 0.000000e+0 -1.000000e+0
    outer loop
      vertex -3.133556e+1 4.858128e+0 4.000000e-1
      vertex -3.291957e+1 7.240426e+0 4.000000e-1
      vertex -3.253102e+1 7.260296e+0 4.000000e-1
    endloop
  endfacet
  facet normal 0.000000e+0 0.000000e+0 -1.000000e+0
    outer loop
      vertex -3.133556e+1 4.858128e+0 4.000000e-1
      vertex -3.253102e+1 7.260296e+0 4.000000e-1
      vertex -2.904923e+1 7.267959e+0 4.000000e-1
    endloop
  endfacet
  facet normal 0.000000e+0 0.000000e+0 -1.000000e+0
    outer loop
      vertex -2.843640e+1 7.260640e+0 4.000000e-1
      vertex -2.909981e+1 4.859580e+0 4.000000e-1
      vertex -2.904923e+1 7.267959e+0 4.000000e-1
    endloop
  endfacet
  facet normal 0.000000e+0 0.000000e+0 -1.000000e+0
    outer loop
      vertex -2.904923e+1 7.267959e+0 4.000000e-1
      vertex -2.909981e+1 4.859580e+0 4.000000e-1
      vertex -2.970295e+1 4.861721e+0 4.000000e-1
    endloop
  endfacet
  facet normal 0.000000e+0 0.000000e+0 -1.000000e+0
    outer loop
      vertex -2.904923e+1 7.267959e+0 4.000000e-1
      vertex -2.970295e+1 4.861721e+0 4.000000e-1
      vertex -3.133556e+1 4.858128e+0 4.000000e-1
    endloop
  endfacet
  facet normal 0.000000e+0 0.000000e+0 -1.000000e+0
    outer loop
      vertex -3.133556e+1 4.858128e+0 4.000000e-1
      vertex -3.132738e+1 1.139096e+0 4.000000e-1
      vertex -3.443132e+1 5.406346e+0 4.000000e-1
    endloop
  endfacet
endsolid PressureAdvancePattern
